Identifiant arc,Date et heure de comptage,Débit horaire,Taux d'occupation,Etat trafic,Identifiant noeud amont,Identifiant noeud aval,geo_point_2d,heure,jour_semaine,is_weekend,lat,lon
5354,2025-04-03 22:00:00+00:00,3000.0,7.7,Fluide,2830,2831,"48.87408796677477, 2.41137811855984",22,3,0,48.87408796677477,2.41137811855984
5564,2025-05-09 09:00:00+00:00,429.0,4.82,Inconnu,2918,2919,"48.8401459357074, 2.303221025755864",9,4,0,48.8401459357074,2.303221025755864
5819,2025-12-02 01:00:00+00:00,129.0,1.01667,Fluide,2925,3035,"48.847108965373224, 2.327085803338533",1,1,0,48.847108965373224,2.327085803338533
5877,2024-12-05 04:00:00+00:00,92.0,4.82,Inconnu,3050,3052,"48.83873806344009, 2.357770481234704",4,3,0,48.83873806344009,2.357770481234704
4607,2025-01-06 08:00:00+00:00,891.0,19.39889,Pré-saturé,2460,3062,"48.84789311575523, 2.255137321264528",8,0,0,48.84789311575523,2.255137321264528
5521,2025-03-10 23:00:00+00:00,67.0,0.90556,Fluide,2898,2546,"48.8348282759246, 2.3432371445674205",23,0,0,48.8348282759246,2.3432371445674205
5354,2025-04-03 15:00:00+00:00,3000.0,12.5,Fluide,2830,2831,"48.87408796677477, 2.41137811855984",15,3,0,48.87408796677477,2.41137811855984
5565,2025-05-09 11:00:00+00:00,583.0,9.02278,Fluide,2919,2920,"48.84094492801836, 2.3060707136945666",11,4,0,48.84094492801836,2.3060707136945666
6304,2025-09-02 08:00:00+00:00,508.0,4.82,Inconnu,3273,733,"48.860765701451896, 2.37527280301053",8,1,0,48.860765701451896,2.37527280301053
4711,2025-11-04 20:00:00+00:00,394.0,4.82,Inconnu,2512,2511,"48.84820791529223, 2.3938365365336054",20,1,0,48.84820791529223,2.3938365365336054
5819,2025-12-02 00:00:00+00:00,255.0,2.28611,Fluide,2925,3035,"48.847108965373224, 2.327085803338533",0,1,0,48.847108965373224,2.327085803338533
247,2026-01-02 02:00:00+00:00,0.0,4.82,Inconnu,148,146,"48.870211507901104, 2.3231986598637704",2,4,0,48.870211507901104,2.3231986598637704
5355,2025-04-03 20:00:00+00:00,3000.0,11.85,Fluide,781,2832,"48.873997494020614, 2.4111600596820857",20,3,0,48.873997494020614,2.4111600596820857
5565,2025-05-09 12:00:00+00:00,543.0,8.08778,Fluide,2919,2920,"48.84094492801836, 2.3060707136945666",12,4,0,48.84094492801836,2.3060707136945666
1232,2025-08-26 10:00:00+00:00,497.0,4.29333,Fluide,3222,663,"48.869357348179754, 2.3623130631707174",10,1,0,48.869357348179754,2.3623130631707174
5819,2025-12-02 02:00:00+00:00,101.0,0.94222,Fluide,2925,3035,"48.847108965373224, 2.327085803338533",2,1,0,48.847108965373224,2.327085803338533
5877,2024-12-05 05:00:00+00:00,238.0,4.82,Inconnu,3050,3052,"48.83873806344009, 2.357770481234704",5,3,0,48.83873806344009,2.357770481234704
5354,2025-04-03 16:00:00+00:00,3000.0,11.95,Fluide,2830,2831,"48.87408796677477, 2.41137811855984",16,3,0,48.87408796677477,2.41137811855984
5565,2025-05-09 10:00:00+00:00,519.0,10.85667,Fluide,2919,2920,"48.84094492801836, 2.3060707136945666",10,4,0,48.84094492801836,2.3060707136945666
1359,2025-09-02 08:00:00+00:00,182.0,15.86778,Pré-saturé,720,733,"48.86157283192955, 2.3736501788917237",8,1,0,48.86157283192955,2.3736501788917237
1462,2025-10-10 18:00:00+00:00,162.0,1.73389,Fluide,695,735,"48.87338605081157, 2.4051270860327323",18,4,0,48.87338605081157,2.4051270860327323
4711,2025-11-04 21:00:00+00:00,267.0,4.82,Inconnu,2512,2511,"48.84820791529223, 2.3938365365336054",21,1,0,48.84820791529223,2.3938365365336054
5819,2025-12-02 03:00:00+00:00,69.0,0.68778,Fluide,2925,3035,"48.847108965373224, 2.327085803338533",3,1,0,48.847108965373224,2.327085803338533
247,2026-01-02 01:00:00+00:00,2.0,4.82,Inconnu,148,146,"48.870211507901104, 2.3231986598637704",1,4,0,48.870211507901104,2.3231986598637704
5355,2025-04-03 21:00:00+00:00,3000.0,10.6,Fluide,781,2832,"48.873997494020614, 2.4111600596820857",21,3,0,48.873997494020614,2.4111600596820857
5566,2025-05-09 11:00:00+00:00,409.0,6.50389,Fluide,2920,2921,"48.84195756528273, 2.3094673071309275",11,4,0,48.84195756528273,2.3094673071309275
1232,2025-08-26 11:00:00+00:00,529.0,5.91389,Fluide,3222,663,"48.869357348179754, 2.3623130631707174",11,1,0,48.869357348179754,2.3623130631707174
872,2025-09-02 08:00:00+00:00,407.0,3.63667,Fluide,501,3627,"48.83043071027934, 2.3939310388561026",8,1,0,48.83043071027934,2.3939310388561026
5819,2025-12-02 04:00:00+00:00,72.0,0.70667,Fluide,2925,3035,"48.847108965373224, 2.327085803338533",4,1,0,48.847108965373224,2.327085803338533
5877,2024-12-05 06:00:00+00:00,341.0,4.82,Inconnu,3050,3052,"48.83873806344009, 2.357770481234704",6,3,0,48.83873806344009,2.357770481234704
5521,2025-03-10 21:00:00+00:00,82.0,1.335,Fluide,2898,2546,"48.8348282759246, 2.3432371445674205",21,0,0,48.8348282759246,2.3432371445674205
5354,2025-04-03 17:00:00+00:00,3000.0,11.65,Fluide,2830,2831,"48.87408796677477, 2.41137811855984",17,3,0,48.87408796677477,2.41137811855984
5565,2025-05-09 09:00:00+00:00,505.0,9.03167,Fluide,2919,2920,"48.84094492801836, 2.3060707136945666",9,4,0,48.84094492801836,2.3060707136945666
6716,2025-09-02 08:00:00+00:00,70.0,1.91722,Fluide,3479,734,"48.87479438202579, 2.408048165040043",8,1,0,48.87479438202579,2.408048165040043
4711,2025-11-04 22:00:00+00:00,187.0,4.82,Inconnu,2512,2511,"48.84820791529223, 2.3938365365336054",22,1,0,48.84820791529223,2.3938365365336054
5819,2025-12-02 06:00:00+00:00,284.0,8.04945,Fluide,2925,3035,"48.847108965373224, 2.327085803338533",6,1,0,48.847108965373224,2.327085803338533
252,2026-01-02 20:00:00+00:00,1105.0,4.82,Inconnu,147,152,"48.86921693028749, 2.324321234849318",20,4,0,48.86921693028749,2.324321234849318
4616,2025-01-06 08:00:00+00:00,455.0,10.79889,Fluide,2435,2456,"48.846657150114034, 2.2587424768026554",8,0,0,48.846657150114034,2.2587424768026554
5355,2025-04-03 22:00:00+00:00,3000.0,9.55,Fluide,781,2832,"48.873997494020614, 2.4111600596820857",22,3,0,48.873997494020614,2.4111600596820857
5566,2025-05-09 09:00:00+00:00,382.0,9.84056,Fluide,2920,2921,"48.84195756528273, 2.3094673071309275",9,4,0,48.84195756528273,2.3094673071309275
6207,2025-08-26 11:00:00+00:00,612.3,4.82,Inconnu,3222,664,"48.8687145431324, 2.3626993774135134",11,1,0,48.8687145431324,2.3626993774135134
5819,2025-12-02 05:00:00+00:00,136.0,1.63833,Fluide,2925,3035,"48.847108965373224, 2.327085803338533",5,1,0,48.847108965373224,2.327085803338533
5877,2024-12-05 07:00:00+00:00,428.0,4.82,Inconnu,3050,3052,"48.83873806344009, 2.357770481234704",7,3,0,48.83873806344009,2.357770481234704
5354,2025-04-03 18:00:00+00:00,3000.0,11.4,Fluide,2830,2831,"48.87408796677477, 2.41137811855984",18,3,0,48.87408796677477,2.41137811855984
5566,2025-05-09 12:00:00+00:00,375.0,5.73278,Fluide,2920,2921,"48.84195756528273, 2.3094673071309275",12,4,0,48.84195756528273,2.3094673071309275
1360,2025-09-02 08:00:00+00:00,128.0,25.90445,Pré-saturé,735,734,"48.87498606185298, 2.4056941563012524",8,1,0,48.87498606185298,2.4056941563012524
5819,2025-12-02 07:00:00+00:00,248.0,3.50167,Fluide,2925,3035,"48.847108965373224, 2.327085803338533",7,1,0,48.847108965373224,2.327085803338533
252,2026-01-02 17:00:00+00:00,1087.0,4.82,Inconnu,147,152,"48.86921693028749, 2.324321234849318",17,4,0,48.86921693028749,2.324321234849318
4620,2025-01-06 08:00:00+00:00,571.0,3.93278,Fluide,2466,2456,"48.84446862403794, 2.25897049279188",8,0,0,48.84446862403794,2.25897049279188
5824,2025-12-02 01:00:00+00:00,52.0,1.71111,Fluide,209,3036,"48.84952934608323, 2.3291656030448933",1,1,0,48.84952934608323,2.3291656030448933
5877,2024-12-05 08:00:00+00:00,325.0,4.82,Inconnu,3050,3052,"48.83873806344009, 2.357770481234704",8,3,0,48.83873806344009,2.357770481234704
4612,2025-01-06 08:00:00+00:00,869.0,4.82,Inconnu,3445,2345,"48.86488154557685, 2.2984040564728376",8,0,0,48.86488154557685,2.2984040564728376
5521,2025-03-10 18:00:00+00:00,234.0,4.00056,Fluide,2898,2546,"48.8348282759246, 2.3432371445674205",18,0,0,48.8348282759246,2.3432371445674205
5354,2025-04-03 19:00:00+00:00,3000.0,8.7,Fluide,2830,2831,"48.87408796677477, 2.41137811855984",19,3,0,48.87408796677477,2.41137811855984
5566,2025-05-09 10:00:00+00:00,381.0,5.52667,Fluide,2920,2921,"48.84195756528273, 2.3094673071309275",10,4,0,48.84195756528273,2.3094673071309275
5925,2025-08-05 15:00:00+00:00,428.0,5.97389,Fluide,3078,3077,"48.86341095381495, 2.2840035737335285",15,1,0,48.86341095381495,2.2840035737335285
1462,2025-09-02 08:00:00+00:00,128.0,1.47611,Fluide,695,735,"48.87338605081157, 2.4051270860327323",8,1,0,48.87338605081157,2.4051270860327323
5819,2025-12-02 08:00:00+00:00,432.0,3.835,Fluide,2925,3035,"48.847108965373224, 2.327085803338533",8,1,0,48.847108965373224,2.327085803338533
252,2026-01-02 16:00:00+00:00,985.0,4.82,Inconnu,147,152,"48.86921693028749, 2.324321234849318",16,4,0,48.86921693028749,2.324321234849318
5824,2025-12-02 02:00:00+00:00,33.0,0.97778,Fluide,209,3036,"48.84952934608323, 2.3291656030448933",2,1,0,48.84952934608323,2.3291656030448933
4787,2024-12-05 00:00:00+00:00,289.0,4.82,Inconnu,3052,2549,"48.8382719906119, 2.356332138570039",0,3,0,48.8382719906119,2.356332138570039
5354,2025-04-03 20:00:00+00:00,3000.0,6.85,Fluide,2830,2831,"48.87408796677477, 2.41137811855984",20,3,0,48.87408796677477,2.41137811855984
5925,2025-08-05 16:00:00+00:00,452.0,6.25334,Fluide,3078,3077,"48.86341095381495, 2.2840035737335285",16,1,0,48.86341095381495,2.2840035737335285
5824,2025-12-02 00:00:00+00:00,86.0,3.39389,Fluide,209,3036,"48.84952934608323, 2.3291656030448933",0,1,0,48.84952934608323,2.3291656030448933
252,2026-01-02 14:00:00+00:00,802.0,4.82,Inconnu,147,152,"48.86921693028749, 2.324321234849318",14,4,0,48.86921693028749,2.324321234849318
5758,2025-05-09 12:00:00+00:00,464.0,5.31611,Fluide,2931,2922,"48.843924750540985, 2.3114948009325884",12,4,0,48.843924750540985,2.3114948009325884
4931,2025-10-09 14:00:00+00:00,1077.0,3.305,Fluide,2608,289,"48.848157745052035, 2.399117694986134",14,3,0,48.848157745052035,2.399117694986134
5824,2025-12-02 04:00:00+00:00,25.0,0.81333,Fluide,209,3036,"48.84952934608323, 2.3291656030448933",4,1,0,48.84952934608323,2.3291656030448933
4787,2024-12-05 06:00:00+00:00,341.0,4.82,Inconnu,3052,2549,"48.8382719906119, 2.356332138570039",6,3,0,48.8382719906119,2.356332138570039
4617,2025-01-06 08:00:00+00:00,571.0,4.26445,Fluide,2456,2435,"48.846655175703106, 2.2591151068258366",8,0,0,48.846655175703106,2.2591151068258366
5521,2025-03-10 17:00:00+00:00,193.0,4.53778,Fluide,2898,2546,"48.8348282759246, 2.3432371445674205",17,0,0,48.8348282759246,2.3432371445674205
5354,2025-04-03 21:00:00+00:00,3000.0,8.8,Fluide,2830,2831,"48.87408796677477, 2.41137811855984",21,3,0,48.87408796677477,2.41137811855984
5925,2025-08-05 17:00:00+00:00,506.0,6.69778,Fluide,3078,3077,"48.86341095381495, 2.2840035737335285",17,1,0,48.86341095381495,2.2840035737335285
5824,2025-12-02 03:00:00+00:00,19.0,0.68889,Fluide,209,3036,"48.84952934608323, 2.3291656030448933",3,1,0,48.84952934608323,2.3291656030448933
252,2026-01-02 12:00:00+00:00,1249.0,4.82,Inconnu,147,152,"48.86921693028749, 2.324321234849318",12,4,0,48.86921693028749,2.324321234849318
4623,2025-01-06 08:00:00+00:00,544.0,4.82,Inconnu,2467,2447,"48.86432134436521, 2.3015486473335507",8,0,0,48.86432134436521,2.3015486473335507
5758,2025-05-09 10:00:00+00:00,517.0,6.76,Fluide,2931,2922,"48.843924750540985, 2.3114948009325884",10,4,0,48.843924750540985,2.3114948009325884
1248,2025-08-26 10:00:00+00:00,333.0,4.88833,Fluide,340,667,"48.866944302473094, 2.3625633935632684",10,1,0,48.866944302473094,2.3625633935632684
5824,2025-12-02 06:00:00+00:00,87.0,3.70278,Fluide,209,3036,"48.84952934608323, 2.3291656030448933",6,1,0,48.84952934608323,2.3291656030448933
4787,2024-12-05 07:00:00+00:00,428.0,4.82,Inconnu,3052,2549,"48.8382719906119, 2.356332138570039",7,3,0,48.8382719906119,2.356332138570039
5355,2025-04-03 15:00:00+00:00,3000.0,24.3,Pré-saturé,781,2832,"48.873997494020614, 2.4111600596820857",15,3,0,48.873997494020614,2.4111600596820857
5758,2025-05-09 11:00:00+00:00,531.0,7.06945,Fluide,2931,2922,"48.843924750540985, 2.3114948009325884",11,4,0,48.843924750540985,2.3114948009325884
5074,2025-06-04 23:00:00+00:00,152.0,0.80945,Fluide,2667,2676,"48.849108875146456, 2.3734940294822335",23,2,0,48.849108875146456,2.3734940294822335
5925,2025-08-05 20:00:00+00:00,276.0,3.97944,Fluide,3078,3077,"48.86341095381495, 2.2840035737335285",20,1,0,48.86341095381495,2.2840035737335285
1477,2025-10-10 18:00:00+00:00,423.0,4.82,Inconnu,785,756,"48.877870869120464, 2.4049082282409544",18,4,0,48.877870869120464,2.4049082282409544
5824,2025-12-02 05:00:00+00:00,62.0,1.63445,Fluide,209,3036,"48.84952934608323, 2.3291656030448933",5,1,0,48.84952934608323,2.3291656030448933
252,2026-01-02 08:00:00+00:00,785.0,4.82,Inconnu,147,152,"48.86921693028749, 2.324321234849318",8,4,0,48.86921693028749,2.324321234849318
4403,2024-12-03 00:00:00+00:00,129.0,0.89111,Fluide,2361,2360,"48.87318127847443, 2.296485343479339",0,1,0,48.87318127847443,2.296485343479339
4624,2025-01-06 08:00:00+00:00,630.0,4.82,Inconnu,2447,2467,"48.86426485587059, 2.301553929792855",8,0,0,48.86426485587059,2.301553929792855
5567,2025-05-09 11:00:00+00:00,583.0,6.50389,Fluide,2921,2922,"48.84265323372589, 2.31167385927853",11,4,0,48.84265323372589,2.31167385927853
1248,2025-08-26 11:00:00+00:00,399.0,5.26945,Fluide,340,667,"48.866944302473094, 2.3625633935632684",11,1,0,48.866944302473094,2.3625633935632684
5824,2025-12-02 07:00:00+00:00,154.0,6.12056,Fluide,209,3036,"48.84952934608323, 2.3291656030448933",7,1,0,48.84952934608323,2.3291656030448933
5114,2026-01-04 23:00:00+00:00,171.0,2.93278,Fluide,234,2698,"48.852890418651185, 2.3707427068069564",23,6,1,48.852890418651185,2.3707427068069564
4619,2025-01-06 08:00:00+00:00,455.0,6.03889,Fluide,2456,2466,"48.84436915018083, 2.258739419821376",8,0,0,48.84436915018083,2.258739419821376
5518,2025-03-10 22:00:00+00:00,138.0,3.10556,Fluide,2695,2546,"48.835087844992984, 2.3456109555623965",22,0,0,48.835087844992984,2.3456109555623965
5355,2025-04-03 16:00:00+00:00,3000.0,33.25,Saturé,781,2832,"48.873997494020614, 2.4111600596820857",16,3,0,48.873997494020614,2.4111600596820857
5758,2025-05-09 09:00:00+00:00,464.0,10.21167,Fluide,2931,2922,"48.843924750540985, 2.3114948009325884",9,4,0,48.843924750540985,2.3114948009325884
5074,2025-06-05 02:00:00+00:00,31.0,0.21056,Fluide,2667,2676,"48.849108875146456, 2.3734940294822335",2,3,0,48.849108875146456,2.3734940294822335
4642,2025-07-23 21:00:00+00:00,72.0,4.82,Inconnu,2323,2468,"48.86429348490535, 2.3033715617738606",21,2,0,48.86429348490535,2.3033715617738606
5925,2025-08-05 21:00:00+00:00,325.0,5.04333,Fluide,3078,3077,"48.86341095381495, 2.2840035737335285",21,1,0,48.86341095381495,2.2840035737335285
4364,2025-10-10 18:00:00+00:00,746.0,1.30667,Fluide,2339,2342,"48.87520278182416, 2.2901928221611505",18,4,0,48.87520278182416,2.2901928221611505
252,2026-01-02 07:00:00+00:00,575.0,4.82,Inconnu,147,152,"48.86921693028749, 2.324321234849318",7,4,0,48.86921693028749,2.324321234849318
4403,2024-12-03 02:00:00+00:00,66.0,0.08,Fluide,2361,2360,"48.87318127847443, 2.296485343479339",2,1,0,48.87318127847443,2.296485343479339
4630,2025-01-06 08:00:00+00:00,1104.0,6.24833,Fluide,2471,2470,"48.8410255658115, 2.2644371114314428",8,0,0,48.8410255658115,2.2644371114314428
5567,2025-05-09 09:00:00+00:00,505.0,9.84056,Fluide,2921,2922,"48.84265323372589, 2.31167385927853",9,4,0,48.84265323372589,2.31167385927853
4931,2025-10-09 15:00:00+00:00,1111.0,2.50056,Fluide,2608,289,"48.848157745052035, 2.399117694986134",15,3,0,48.848157745052035,2.399117694986134
5824,2025-12-02 08:00:00+00:00,191.0,10.78944,Fluide,209,3036,"48.84952934608323, 2.3291656030448933",8,1,0,48.84952934608323,2.3291656030448933
5114,2026-01-04 22:00:00+00:00,145.0,2.58555,Fluide,234,2698,"48.852890418651185, 2.3707427068069564",22,6,1,48.852890418651185,2.3707427068069564
4625,2025-01-06 08:00:00+00:00,801.0,1.29556,Fluide,574,2470,"48.84038594374778, 2.266104524896102",8,0,0,48.84038594374778,2.266104524896102
5355,2025-04-03 17:00:00+00:00,3000.0,36.2,Saturé,781,2832,"48.873997494020614, 2.4111600596820857",17,3,0,48.873997494020614,2.4111600596820857
5567,2025-05-09 12:00:00+00:00,543.0,5.73278,Fluide,2921,2922,"48.84265323372589, 2.31167385927853",12,4,0,48.84265323372589,2.31167385927853
5074,2025-06-05 03:00:00+00:00,45.0,0.23833,Fluide,2667,2676,"48.849108875146456, 2.3734940294822335",3,3,0,48.849108875146456,2.3734940294822335
4642,2025-07-23 20:00:00+00:00,57.0,4.82,Inconnu,2323,2468,"48.86429348490535, 2.3033715617738606",20,2,0,48.86429348490535,2.3033715617738606
5922,2025-08-05 14:00:00+00:00,441.0,4.82,Inconnu,2415,3077,"48.86370241289392, 2.27943044881813",14,1,0,48.86370241289392,2.27943044881813
4365,2025-10-10 18:00:00+00:00,1146.0,8.02278,Fluide,3424,2341,"48.8679993899431, 2.2990818078494266",18,4,0,48.8679993899431,2.2990818078494266
252,2026-01-02 06:00:00+00:00,383.0,4.82,Inconnu,147,152,"48.86921693028749, 2.324321234849318",6,4,0,48.86921693028749,2.324321234849318
4403,2024-12-03 04:00:00+00:00,41.0,0.03722,Fluide,2361,2360,"48.87318127847443, 2.296485343479339",4,1,0,48.87318127847443,2.296485343479339
4633,2025-01-06 08:00:00+00:00,450.0,8.69167,Fluide,2471,2470,"48.84101425384779, 2.26427926103717",8,0,0,48.84101425384779,2.26427926103717
5568,2025-05-09 12:00:00+00:00,82.0,4.82,Inconnu,2922,2923,"48.843724027425715, 2.3152606172110257",12,4,0,48.843724027425715,2.3152606172110257
1246,2025-08-26 10:00:00+00:00,815.0,7.185,Fluide,667,669,"48.86687745642079, 2.3638775605376967",10,1,0,48.86687745642079,2.3638775605376967
70,2025-09-02 10:00:00+00:00,1219.0,5.95556,Fluide,62,63,"48.857040866381716, 2.3387967948374717",10,1,0,48.857040866381716,2.3387967948374717
5114,2026-01-04 20:00:00+00:00,179.0,3.07444,Fluide,234,2698,"48.852890418651185, 2.3707427068069564",20,6,1,48.852890418651185,2.3707427068069564
4626,2025-01-06 08:00:00+00:00,1104.0,3.46333,Fluide,2470,574,"48.84030426463226, 2.2660198159660965",8,0,0,48.84030426463226,2.2660198159660965
5518,2025-03-10 21:00:00+00:00,134.0,8.93833,Fluide,2695,2546,"48.835087844992984, 2.3456109555623965",21,0,0,48.835087844992984,2.3456109555623965
5355,2025-04-03 18:00:00+00:00,3000.0,38.2,Saturé,781,2832,"48.873997494020614, 2.4111600596820857",18,3,0,48.873997494020614,2.4111600596820857
5567,2025-05-09 10:00:00+00:00,519.0,5.52667,Fluide,2921,2922,"48.84265323372589, 2.31167385927853",10,4,0,48.84265323372589,2.31167385927853
5074,2025-06-05 04:00:00+00:00,122.0,0.68056,Fluide,2667,2676,"48.849108875146456, 2.3734940294822335",4,3,0,48.849108875146456,2.3734940294822335
4642,2025-07-23 14:00:00+00:00,73.0,4.82,Inconnu,2323,2468,"48.86429348490535, 2.3033715617738606",14,2,0,48.86429348490535,2.3033715617738606
5922,2025-08-05 18:00:00+00:00,420.0,4.82,Inconnu,2415,3077,"48.86370241289392, 2.27943044881813",18,1,0,48.86370241289392,2.27943044881813
5330,2025-09-02 09:00:00+00:00,3000.0,25.7,Pré-saturé,534,817,"48.850533759965, 2.4152262680079994",9,1,0,48.850533759965,2.4152262680079994
4369,2025-10-10 18:00:00+00:00,1134.0,1.16278,Fluide,2341,2343,"48.86689804623344, 2.2994215684597554",18,4,0,48.86689804623344,2.2994215684597554
252,2026-01-02 04:00:00+00:00,96.0,4.82,Inconnu,147,152,"48.86921693028749, 2.324321234849318",4,4,0,48.86921693028749,2.324321234849318
4403,2024-12-03 06:00:00+00:00,240.0,2.035,Fluide,2361,2360,"48.87318127847443, 2.296485343479339",6,1,0,48.87318127847443,2.296485343479339
5568,2025-05-09 11:00:00+00:00,184.0,4.82,Inconnu,2922,2923,"48.843724027425715, 2.3152606172110257",11,4,0,48.843724027425715,2.3152606172110257
1246,2025-08-26 11:00:00+00:00,948.0,10.41278,Fluide,667,669,"48.86687745642079, 2.3638775605376967",11,1,0,48.86687745642079,2.3638775605376967
70,2025-09-02 12:00:00+00:00,1239.0,7.85056,Fluide,62,63,"48.857040866381716, 2.3387967948374717",12,1,0,48.857040866381716,2.3387967948374717
5114,2026-01-04 19:00:00+00:00,197.0,3.55778,Fluide,234,2698,"48.852890418651185, 2.3707427068069564",19,6,1,48.852890418651185,2.3707427068069564
4628,2025-01-06 08:00:00+00:00,801.0,1.33611,Fluide,2470,2471,"48.84110733383292, 2.2645185477768126",8,0,0,48.84110733383292,2.2645185477768126
5355,2025-04-03 19:00:00+00:00,3000.0,13.95,Fluide,781,2832,"48.873997494020614, 2.4111600596820857",19,3,0,48.873997494020614,2.4111600596820857
5568,2025-05-09 10:00:00+00:00,190.0,4.82,Inconnu,2922,2923,"48.843724027425715, 2.3152606172110257",10,4,0,48.843724027425715,2.3152606172110257
5075,2025-06-04 23:00:00+00:00,294.0,2.87445,Fluide,2481,2676,"48.850473253309985, 2.3750984333848746",23,2,0,48.850473253309985,2.3750984333848746
5922,2025-08-05 19:00:00+00:00,283.0,4.82,Inconnu,2415,3077,"48.86370241289392, 2.27943044881813",19,1,0,48.86370241289392,2.27943044881813
4372,2025-10-10 18:00:00+00:00,1134.0,4.82,Inconnu,2343,2345,"48.86578366370562, 2.2997389284685914",18,4,0,48.86578366370562,2.2997389284685914
253,2026-01-02 19:00:00+00:00,997.0,19.485,Pré-saturé,152,153,"48.86957621668922, 2.326347603114046",19,4,0,48.86957621668922,2.326347603114046
4403,2024-12-03 07:00:00+00:00,329.0,2.47889,Fluide,2361,2360,"48.87318127847443, 2.296485343479339",7,1,0,48.87318127847443,2.296485343479339
5568,2025-05-09 09:00:00+00:00,213.0,4.82,Inconnu,2922,2923,"48.843724027425715, 2.3152606172110257",9,4,0,48.843724027425715,2.3152606172110257
4931,2025-10-09 16:00:00+00:00,1237.0,3.64333,Fluide,2608,289,"48.848157745052035, 2.399117694986134",16,3,0,48.848157745052035,2.399117694986134
5114,2026-01-04 18:00:00+00:00,219.0,4.00611,Fluide,234,2698,"48.852890418651185, 2.3707427068069564",18,6,1,48.852890418651185,2.3707427068069564
5518,2025-03-10 19:00:00+00:00,177.0,9.62222,Fluide,2695,2546,"48.835087844992984, 2.3456109555623965",19,0,0,48.835087844992984,2.3456109555623965
5075,2025-06-05 00:00:00+00:00,248.0,2.09722,Fluide,2481,2676,"48.850473253309985, 2.3750984333848746",0,3,0,48.850473253309985,2.3750984333848746
5922,2025-08-05 22:00:00+00:00,112.0,4.82,Inconnu,2415,3077,"48.86370241289392, 2.27943044881813",22,1,0,48.86370241289392,2.27943044881813
4373,2025-10-10 18:00:00+00:00,279.0,12.27167,Fluide,2339,2346,"48.87613364001015, 2.2880443036710467",18,4,0,48.87613364001015,2.2880443036710467
253,2026-01-02 18:00:00+00:00,866.0,25.98945,Pré-saturé,152,153,"48.86957621668922, 2.326347603114046",18,4,0,48.86957621668922,2.326347603114046
4403,2024-12-03 08:00:00+00:00,582.0,8.32722,Fluide,2361,2360,"48.87318127847443, 2.296485343479339",8,1,0,48.87318127847443,2.296485343479339
4637,2025-01-06 08:00:00+00:00,1104.0,6.24833,Fluide,2472,2471,"48.84222007304531, 2.2618137915094283",8,0,0,48.84222007304531,2.2618137915094283
5478,2025-04-03 15:00:00+00:00,898.0,66.55,Bloqué,3537,2835,"48.865524101872005, 2.4135790509667507",15,3,0,48.865524101872005,2.4135790509667507
7205,2025-08-26 10:00:00+00:00,208.0,4.82,Inconnu,3734,674,"48.870522533972384, 2.3983753089538866",10,1,0,48.870522533972384,2.3983753089538866
5114,2026-01-04 17:00:00+00:00,259.0,6.02111,Fluide,234,2698,"48.852890418651185, 2.3707427068069564",17,6,1,48.852890418651185,2.3707427068069564
611,2024-12-05 00:00:00+00:00,159.0,4.82,Inconnu,3053,364,"48.83775902557937, 2.3445096384982276",0,3,0,48.83775902557937,2.3445096384982276
4636,2025-01-06 08:00:00+00:00,801.0,1.33611,Fluide,2471,2472,"48.842311807117625, 2.2619259526315125",8,0,0,48.842311807117625,2.2619259526315125
5075,2025-06-05 01:00:00+00:00,165.0,1.81167,Fluide,2481,2676,"48.850473253309985, 2.3750984333848746",1,3,0,48.850473253309985,2.3750984333848746
1559,2025-09-02 09:00:00+00:00,201.0,10.545,Fluide,827,820,"48.87537422912099, 2.356812804307933",9,1,0,48.87537422912099,2.356812804307933
4383,2025-10-10 18:00:00+00:00,661.0,3.68556,Fluide,2351,2347,"48.87234087619005, 2.2820582815561474",18,4,0,48.87234087619005,2.2820582815561474
4724,2025-11-04 17:00:00+00:00,285.0,3.58111,Fluide,2517,2515,"48.84394833535562, 2.2702852275358882",17,1,0,48.84394833535562,2.2702852275358882
253,2026-01-02 17:00:00+00:00,1087.0,19.74278,Pré-saturé,152,153,"48.86957621668922, 2.326347603114046",17,4,0,48.86957621668922,2.326347603114046
4403,2024-12-03 09:00:00+00:00,736.0,11.67167,Fluide,2361,2360,"48.87318127847443, 2.296485343479339",9,1,0,48.87318127847443,2.296485343479339
4638,2025-01-06 08:00:00+00:00,571.0,3.93278,Fluide,2472,2466,"48.84344208970198, 2.259810343138098",8,0,0,48.84344208970198,2.259810343138098
5478,2025-04-03 16:00:00+00:00,783.0,67.8,Bloqué,3537,2835,"48.865524101872005, 2.4135790509667507",16,3,0,48.865524101872005,2.4135790509667507
1322,2025-08-26 10:00:00+00:00,220.0,5.08167,Fluide,724,676,"48.870600090303014, 2.3705055594349096",10,1,0,48.870600090303014,2.3705055594349096
95,2025-09-02 11:00:00+00:00,320.0,4.82,Inconnu,77,66,"48.856629978985175, 2.33465151264648",11,1,0,48.856629978985175,2.33465151264648
5114,2026-01-04 15:00:00+00:00,223.0,4.90834,Fluide,234,2698,"48.852890418651185, 2.3707427068069564",15,6,1,48.852890418651185,2.3707427068069564
611,2024-12-05 03:00:00+00:00,50.0,4.82,Inconnu,3053,364,"48.83775902557937, 2.3445096384982276",3,3,0,48.83775902557937,2.3445096384982276
4639,2025-01-06 08:00:00+00:00,455.0,6.03889,Fluide,2466,2472,"48.843276197298366, 2.2596640617518142",8,0,0,48.843276197298366,2.2596640617518142
5518,2025-03-10 17:00:00+00:00,232.0,16.36056,Pré-saturé,2695,2546,"48.835087844992984, 2.3456109555623965",17,0,0,48.835087844992984,2.3456109555623965
5569,2025-05-09 11:00:00+00:00,184.0,5.64556,Fluide,2923,2924,"48.84475458171286, 2.318879685489504",11,4,0,48.84475458171286,2.318879685489504
5075,2025-06-05 02:00:00+00:00,121.0,1.06222,Fluide,2481,2676,"48.850473253309985, 2.3750984333848746",2,3,0,48.850473253309985,2.3750984333848746
1548,2025-09-02 09:00:00+00:00,668.0,48.12167,Saturé,821,820,"48.87484267139527, 2.3573959798493465",9,1,0,48.87484267139527,2.3573959798493465
4385,2025-10-10 18:00:00+00:00,661.0,10.31889,Fluide,2352,2351,"48.8718489237945, 2.27775597188705",18,4,0,48.8718489237945,2.27775597188705
4724,2025-11-04 20:00:00+00:00,327.0,3.19611,Fluide,2517,2515,"48.84394833535562, 2.2702852275358882",20,1,0,48.84394833535562,2.2702852275358882
253,2026-01-02 15:00:00+00:00,755.0,33.57778,Saturé,152,153,"48.86957621668922, 2.326347603114046",15,4,0,48.86957621668922,2.326347603114046
4640,2025-01-06 08:00:00+00:00,318.0,4.37389,Fluide,2471,2472,"48.84235058766659, 2.262035530339001",8,0,0,48.84235058766659,2.262035530339001
872,2025-02-04 13:00:00+00:00,537.0,5.84222,Fluide,501,3627,"48.83043071027934, 2.3939310388561026",13,1,0,48.83043071027934,2.3939310388561026
5478,2025-04-03 19:00:00+00:00,2079.0,31.25,Saturé,3537,2835,"48.865524101872005, 2.4135790509667507",19,3,0,48.865524101872005,2.4135790509667507
1322,2025-08-26 11:00:00+00:00,317.0,4.69722,Fluide,724,676,"48.870600090303014, 2.3705055594349096",11,1,0,48.870600090303014,2.3705055594349096
95,2025-09-02 12:00:00+00:00,288.0,4.82,Inconnu,77,66,"48.856629978985175, 2.33465151264648",12,1,0,48.856629978985175,2.33465151264648
4931,2025-10-09 18:00:00+00:00,1274.0,5.38556,Fluide,2608,289,"48.848157745052035, 2.399117694986134",18,3,0,48.848157745052035,2.399117694986134
5114,2026-01-04 13:00:00+00:00,194.0,3.43889,Fluide,234,2698,"48.852890418651185, 2.3707427068069564",13,6,1,48.852890418651185,2.3707427068069564
611,2024-12-05 05:00:00+00:00,63.0,4.82,Inconnu,3053,364,"48.83775902557937, 2.3445096384982276",5,3,0,48.83775902557937,2.3445096384982276
4784,2025-03-10 22:00:00+00:00,173.0,4.82,Inconnu,2549,2548,"48.83789150118754, 2.355108550162809",22,0,0,48.83789150118754,2.355108550162809
5569,2025-05-09 09:00:00+00:00,213.0,6.10056,Fluide,2923,2924,"48.84475458171286, 2.318879685489504",9,4,0,48.84475458171286,2.318879685489504
5075,2025-06-05 05:00:00+00:00,355.0,2.42056,Fluide,2481,2676,"48.850473253309985, 2.3750984333848746",5,3,0,48.850473253309985,2.3750984333848746
5924,2025-08-05 16:00:00+00:00,519.0,4.23722,Fluide,3077,3078,"48.863196030069155, 2.2839111225254483",16,1,0,48.863196030069155,2.2839111225254483
4724,2025-11-04 22:00:00+00:00,133.0,1.20111,Fluide,2517,2515,"48.84394833535562, 2.2702852275358882",22,1,0,48.84394833535562,2.2702852275358882
5851,2025-12-02 01:00:00+00:00,70.0,0.54111,Fluide,3035,3042,"48.84910619392596, 2.3276331756430686",1,1,0,48.84910619392596,2.3276331756430686
253,2026-01-02 14:00:00+00:00,802.0,35.36389,Saturé,152,153,"48.86957621668922, 2.326347603114046",14,4,0,48.86957621668922,2.326347603114046
872,2025-02-04 12:00:00+00:00,489.0,4.79722,Fluide,501,3627,"48.83043071027934, 2.3939310388561026",12,1,0,48.83043071027934,2.3939310388561026
5173,2025-03-11 08:00:00+00:00,2513.0,49.75,Saturé,606,608,"48.8338041888295, 2.2769508169220267",8,1,0,48.8338041888295,2.2769508169220267
5478,2025-04-03 21:00:00+00:00,1657.0,11.5,Fluide,3537,2835,"48.865524101872005, 2.4135790509667507",21,3,0,48.865524101872005,2.4135790509667507
5631,2025-05-09 12:00:00+00:00,729.0,2.70278,Fluide,2959,2924,"48.844224874323544, 2.3202788466888484",12,4,0,48.844224874323544,2.3202788466888484
5114,2026-01-04 12:00:00+00:00,273.0,5.26389,Fluide,234,2698,"48.852890418651185, 2.3707427068069564",12,6,1,48.852890418651185,2.3707427068069564
4784,2025-03-10 21:00:00+00:00,190.0,4.82,Inconnu,2549,2548,"48.83789150118754, 2.355108550162809",21,0,0,48.83789150118754,2.355108550162809
5075,2025-06-05 06:00:00+00:00,513.0,3.52223,Fluide,2481,2676,"48.850473253309985, 2.3750984333848746",6,3,0,48.850473253309985,2.3750984333848746
4644,2025-07-23 22:00:00+00:00,560.0,3.4,Fluide,2470,2473,"48.84016716010355, 2.263799406625286",22,2,0,48.84016716010355,2.263799406625286
1551,2025-09-02 09:00:00+00:00,845.0,12.72667,Fluide,314,821,"48.87142289848413, 2.3553986869681336",9,1,0,48.87142289848413,2.3553986869681336
4715,2025-11-04 18:00:00+00:00,675.0,8.19889,Fluide,2401,2515,"48.84638682044582, 2.272541335778569",18,1,0,48.84638682044582,2.272541335778569
5851,2025-12-02 03:00:00+00:00,45.0,0.38222,Fluide,3035,3042,"48.84910619392596, 2.3276331756430686",3,1,0,48.84910619392596,2.3276331756430686
253,2026-01-02 13:00:00+00:00,891.0,32.57055,Saturé,152,153,"48.86957621668922, 2.326347603114046",13,4,0,48.86957621668922,2.326347603114046
4644,2025-01-06 08:00:00+00:00,562.0,4.66222,Fluide,2470,2473,"48.84016716010355, 2.263799406625286",8,0,0,48.84016716010355,2.263799406625286
872,2025-02-04 11:00:00+00:00,502.0,5.26,Fluide,501,3627,"48.83043071027934, 2.3939310388561026",11,1,0,48.83043071027934,2.3939310388561026
5173,2025-03-11 07:00:00+00:00,3000.0,36.3,Saturé,606,608,"48.8338041888295, 2.2769508169220267",7,1,0,48.8338041888295,2.2769508169220267
5631,2025-05-09 11:00:00+00:00,747.0,2.06778,Fluide,2959,2924,"48.844224874323544, 2.3202788466888484",11,4,0,48.844224874323544,2.3202788466888484
5114,2026-01-04 08:00:00+00:00,63.0,1.285,Fluide,234,2698,"48.852890418651185, 2.3707427068069564",8,6,1,48.852890418651185,2.3707427068069564
4784,2025-03-10 20:00:00+00:00,227.0,4.82,Inconnu,2549,2548,"48.83789150118754, 2.355108550162809",20,0,0,48.83789150118754,2.355108550162809
5075,2025-06-05 07:00:00+00:00,717.0,4.61167,Fluide,2481,2676,"48.850473253309985, 2.3750984333848746",7,3,0,48.850473253309985,2.3750984333848746
4644,2025-07-23 20:00:00+00:00,355.0,1.61222,Fluide,2470,2473,"48.84016716010355, 2.263799406625286",20,2,0,48.84016716010355,2.263799406625286
5301,2025-08-05 14:00:00+00:00,1969.0,7.2,Fluide,2801,3079,"48.81616238950963, 2.3619586172189",14,1,0,48.81616238950963,2.3619586172189
1555,2025-09-02 09:00:00+00:00,401.0,4.82,Inconnu,819,826,"48.870921854008515, 2.3607311188130344",9,1,0,48.870921854008515,2.3607311188130344
4389,2025-10-10 18:00:00+00:00,775.0,4.82,Inconnu,2354,2353,"48.87330109201598, 2.289436025924396",18,4,0,48.87330109201598,2.289436025924396
4715,2025-11-04 20:00:00+00:00,593.0,6.75334,Fluide,2401,2515,"48.84638682044582, 2.272541335778569",20,1,0,48.84638682044582,2.272541335778569
5851,2025-12-02 04:00:00+00:00,45.0,0.45333,Fluide,3035,3042,"48.84910619392596, 2.3276331756430686",4,1,0,48.84910619392596,2.3276331756430686
253,2026-01-02 10:00:00+00:00,1208.0,22.53778,Pré-saturé,152,153,"48.86957621668922, 2.326347603114046",10,4,0,48.86957621668922,2.326347603114046
4409,2024-12-03 00:00:00+00:00,344.0,4.82,Inconnu,2362,2361,"48.87395147457224, 2.2966604528915857",0,1,0,48.87395147457224,2.2966604528915857
4648,2025-01-06 08:00:00+00:00,562.0,4.56667,Fluide,2473,2474,"48.839337631522035, 2.2619162615834347",8,0,0,48.839337631522035,2.2619162615834347
5173,2025-03-11 06:00:00+00:00,3000.0,14.4,Fluide,606,608,"48.8338041888295, 2.2769508169220267",6,1,0,48.8338041888295,2.2769508169220267
5631,2025-05-09 10:00:00+00:00,840.0,2.95833,Fluide,2959,2924,"48.844224874323544, 2.3202788466888484",10,4,0,48.844224874323544,2.3202788466888484
6415,2025-08-26 10:00:00+00:00,337.7,11.89055,Fluide,3322,678,"48.87140267060737, 2.3777835299982337",10,1,0,48.87140267060737,2.3777835299982337
4931,2025-10-09 19:00:00+00:00,1141.0,5.19056,Fluide,2608,289,"48.848157745052035, 2.399117694986134",19,3,0,48.848157745052035,2.399117694986134
5114,2026-01-04 07:00:00+00:00,57.0,1.06389,Fluide,234,2698,"48.852890418651185, 2.3707427068069564",7,6,1,48.852890418651185,2.3707427068069564
4646,2025-01-06 08:00:00+00:00,305.0,4.32167,Fluide,2473,2470,"48.84015971147386, 2.2641403357485204",8,0,0,48.84015971147386,2.2641403357485204
4784,2025-03-10 19:00:00+00:00,264.0,4.82,Inconnu,2549,2548,"48.83789150118754, 2.355108550162809",19,0,0,48.83789150118754,2.355108550162809
5820,2025-05-09 12:00:00+00:00,382.0,8.66889,Fluide,3035,2925,"48.84756126651058, 2.3273607968210044",12,4,0,48.84756126651058,2.3273607968210044
5106,2025-06-04 23:00:00+00:00,99.0,0.76278,Fluide,2687,2677,"48.83376941416661, 2.3640651934399615",23,2,0,48.83376941416661,2.3640651934399615
4644,2025-07-23 16:00:00+00:00,446.0,2.34556,Fluide,2470,2473,"48.84016716010355, 2.263799406625286",16,2,0,48.84016716010355,2.263799406625286
5301,2025-08-05 15:00:00+00:00,1865.0,6.75,Fluide,2801,3079,"48.81616238950963, 2.3619586172189",15,1,0,48.81616238950963,2.3619586172189
1778,2025-09-02 09:00:00+00:00,464.0,13.25611,Fluide,663,826,"48.87011731802444, 2.361615647868665",9,1,0,48.87011731802444,2.361615647868665
4392,2025-10-10 18:00:00+00:00,535.0,6.01945,Fluide,2349,189,"48.8627577223522, 2.3118466013114354",18,4,0,48.8627577223522,2.3118466013114354
4715,2025-11-04 21:00:00+00:00,293.0,2.85222,Fluide,2401,2515,"48.84638682044582, 2.272541335778569",21,1,0,48.84638682044582,2.272541335778569
5851,2025-12-02 05:00:00+00:00,115.0,0.89889,Fluide,3035,3042,"48.84910619392596, 2.3276331756430686",5,1,0,48.84910619392596,2.3276331756430686
253,2026-01-02 09:00:00+00:00,1106.0,18.83445,Pré-saturé,152,153,"48.86957621668922, 2.326347603114046",9,4,0,48.86957621668922,2.326347603114046
4409,2024-12-03 01:00:00+00:00,199.0,4.82,Inconnu,2362,2361,"48.87395147457224, 2.2966604528915857",1,1,0,48.87395147457224,2.2966604528915857
4649,2025-01-06 08:00:00+00:00,562.0,4.82,Inconnu,2474,2475,"48.83856988993573, 2.2594006028234266",8,0,0,48.83856988993573,2.2594006028234266
6998,2025-02-04 11:00:00+00:00,262.0,2.85,Fluide,506,3628,"48.83336008906614, 2.4017165261556794",11,1,0,48.83336008906614,2.4017165261556794
5173,2025-03-11 05:00:00+00:00,1674.0,6.45,Fluide,606,608,"48.8338041888295, 2.2769508169220267",5,1,0,48.8338041888295,2.2769508169220267
5631,2025-05-09 09:00:00+00:00,799.0,4.51556,Fluide,2959,2924,"48.844224874323544, 2.3202788466888484",9,4,0,48.844224874323544,2.3202788466888484
4836,2025-07-23 21:00:00+00:00,132.0,1.15,Fluide,2572,3045,"48.83995789461699, 2.39387813531224",21,2,0,48.83995789461699,2.39387813531224
6415,2025-08-26 11:00:00+00:00,312.4,6.00889,Fluide,3322,678,"48.87140267060737, 2.3777835299982337",11,1,0,48.87140267060737,2.3777835299982337
93,2025-09-02 10:00:00+00:00,286.0,4.92167,Fluide,76,75,"48.853477700369396, 2.3328812353633186",10,1,0,48.853477700369396,2.3328812353633186
5114,2026-01-04 06:00:00+00:00,62.0,1.28111,Fluide,234,2698,"48.852890418651185, 2.3707427068069564",6,6,1,48.852890418651185,2.3707427068069564
4528,2025-02-12 16:00:00+00:00,934.0,19.73334,Pré-saturé,2408,2414,"48.8510803037108, 2.2792723858086257",16,2,0,48.8510803037108,2.2792723858086257
4784,2025-03-10 17:00:00+00:00,287.0,4.82,Inconnu,2549,2548,"48.83789150118754, 2.355108550162809",17,0,0,48.83789150118754,2.355108550162809
5478,2025-04-03 17:00:00+00:00,825.0,70.95,Bloqué,3537,2835,"48.865524101872005, 2.4135790509667507",17,3,0,48.865524101872005,2.4135790509667507
5820,2025-05-09 11:00:00+00:00,379.0,22.40389,Pré-saturé,3035,2925,"48.84756126651058, 2.3273607968210044",11,4,0,48.84756126651058,2.3273607968210044
5106,2025-06-05 01:00:00+00:00,55.0,0.33944,Fluide,2687,2677,"48.83376941416661, 2.3640651934399615",1,3,0,48.83376941416661,2.3640651934399615
5301,2025-08-05 16:00:00+00:00,1889.0,6.45,Fluide,2801,3079,"48.81616238950963, 2.3619586172189",16,1,0,48.81616238950963,2.3619586172189
6557,2025-09-02 09:00:00+00:00,784.0,11.10389,Fluide,3399,827,"48.87619566657308, 2.3561564676091447",9,1,0,48.87619566657308,2.3561564676091447
4398,2025-10-10 18:00:00+00:00,326.0,5.66,Fluide,2349,3522,"48.862587003990626, 2.3089856178420542",18,4,0,48.862587003990626,2.3089856178420542
4715,2025-11-04 22:00:00+00:00,381.0,3.75167,Fluide,2401,2515,"48.84638682044582, 2.272541335778569",22,1,0,48.84638682044582,2.272541335778569
5851,2025-12-02 06:00:00+00:00,272.0,0.41167,Fluide,3035,3042,"48.84910619392596, 2.3276331756430686",6,1,0,48.84910619392596,2.3276331756430686
253,2026-01-02 08:00:00+00:00,785.0,12.03556,Fluide,152,153,"48.86957621668922, 2.326347603114046",8,4,0,48.86957621668922,2.326347603114046
4409,2024-12-03 04:00:00+00:00,92.0,4.82,Inconnu,2362,2361,"48.87395147457224, 2.2966604528915857",4,1,0,48.87395147457224,2.2966604528915857
5173,2025-03-11 03:00:00+00:00,629.0,2.5,Fluide,606,608,"48.8338041888295, 2.2769508169220267",3,1,0,48.8338041888295,2.2769508169220267
5108,2025-06-04 22:00:00+00:00,120.0,4.82,Inconnu,2695,2541,"48.83604588381674, 2.3498282876825813",22,2,0,48.83604588381674,2.3498282876825813
4836,2025-07-23 20:00:00+00:00,166.0,1.41,Fluide,2572,3045,"48.83995789461699, 2.39387813531224",20,2,0,48.83995789461699,2.39387813531224
1327,2025-08-26 10:00:00+00:00,164.0,2.27278,Fluide,711,679,"48.867508468179906, 2.3729411131848486",10,1,0,48.867508468179906,2.3729411131848486
93,2025-09-02 11:00:00+00:00,320.0,4.76667,Fluide,76,75,"48.853477700369396, 2.3328812353633186",11,1,0,48.853477700369396,2.3328812353633186
5114,2026-01-04 03:00:00+00:00,196.0,4.96556,Fluide,234,2698,"48.852890418651185, 2.3707427068069564",3,6,1,48.852890418651185,2.3707427068069564
4650,2025-01-06 08:00:00+00:00,305.0,4.16056,Fluide,2476,2473,"48.83830216517941, 2.261690527975635",8,0,0,48.83830216517941,2.261690527975635
4784,2025-03-10 16:00:00+00:00,247.0,4.82,Inconnu,2549,2548,"48.83789150118754, 2.355108550162809",16,0,0,48.83789150118754,2.355108550162809
5478,2025-04-03 18:00:00+00:00,1044.0,66.2,Bloqué,3537,2835,"48.865524101872005, 2.4135790509667507",18,3,0,48.865524101872005,2.4135790509667507
5820,2025-05-09 10:00:00+00:00,407.0,22.10056,Pré-saturé,3035,2925,"48.84756126651058, 2.3273607968210044",10,4,0,48.84756126651058,2.3273607968210044
5106,2025-06-05 03:00:00+00:00,38.0,0.22667,Fluide,2687,2677,"48.83376941416661, 2.3640651934399615",3,3,0,48.83376941416661,2.3640651934399615
5301,2025-08-05 18:00:00+00:00,1994.0,6.9,Fluide,2801,3079,"48.81616238950963, 2.3619586172189",18,1,0,48.81616238950963,2.3619586172189
4400,2025-10-10 18:00:00+00:00,535.0,9.40167,Fluide,2359,3522,"48.862457901890515, 2.3064942502683268",18,4,0,48.862457901890515,2.3064942502683268
4715,2025-11-04 23:00:00+00:00,390.0,4.02667,Fluide,2401,2515,"48.84638682044582, 2.272541335778569",23,1,0,48.84638682044582,2.272541335778569
5851,2025-12-02 08:00:00+00:00,583.0,0.0,Fluide,3035,3042,"48.84910619392596, 2.3276331756430686",8,1,0,48.84910619392596,2.3276331756430686
253,2026-01-02 05:00:00+00:00,249.0,3.87333,Fluide,152,153,"48.86957621668922, 2.326347603114046",5,4,0,48.86957621668922,2.326347603114046
4409,2024-12-03 05:00:00+00:00,101.0,4.82,Inconnu,2362,2361,"48.87395147457224, 2.2966604528915857",5,1,0,48.87395147457224,2.2966604528915857
5173,2025-03-11 01:00:00+00:00,844.0,3.3,Fluide,606,608,"48.8338041888295, 2.2769508169220267",1,1,0,48.8338041888295,2.2769508169220267
5362,2025-04-03 15:00:00+00:00,3000.0,14.5,Fluide,789,2836,"48.88161156205071, 2.4027428916887197",15,3,0,48.88161156205071,2.4027428916887197
5108,2025-06-04 21:00:00+00:00,143.0,4.82,Inconnu,2695,2541,"48.83604588381674, 2.3498282876825813",21,2,0,48.83604588381674,2.3498282876825813
4836,2025-07-23 19:00:00+00:00,164.0,1.41889,Fluide,2572,3045,"48.83995789461699, 2.39387813531224",19,2,0,48.83995789461699,2.39387813531224
93,2025-09-02 12:00:00+00:00,288.0,4.28889,Fluide,76,75,"48.853477700369396, 2.3328812353633186",12,1,0,48.853477700369396,2.3328812353633186
4931,2025-10-09 20:00:00+00:00,996.0,3.10611,Fluide,2608,289,"48.848157745052035, 2.399117694986134",20,3,0,48.848157745052035,2.399117694986134
5851,2025-12-02 00:00:00+00:00,143.0,1.21722,Fluide,3035,3042,"48.84910619392596, 2.3276331756430686",0,1,0,48.84910619392596,2.3276331756430686
5114,2026-01-04 02:00:00+00:00,261.0,5.45389,Fluide,234,2698,"48.852890418651185, 2.3707427068069564",2,6,1,48.852890418651185,2.3707427068069564
4652,2025-01-06 08:00:00+00:00,408.0,27.47611,Pré-saturé,2454,2477,"48.83924385408542, 2.256514232760037",8,0,0,48.83924385408542,2.256514232760037
4528,2025-02-12 15:00:00+00:00,884.0,19.06056,Pré-saturé,2408,2414,"48.8510803037108, 2.2792723858086257",15,2,0,48.8510803037108,2.2792723858086257
5478,2025-04-03 20:00:00+00:00,2077.0,13.95,Fluide,3537,2835,"48.865524101872005, 2.4135790509667507",20,3,0,48.865524101872005,2.4135790509667507
5301,2025-08-05 21:00:00+00:00,1183.0,3.95,Fluide,2801,3079,"48.81616238950963, 2.3619586172189",21,1,0,48.81616238950963,2.3619586172189
1569,2025-09-02 09:00:00+00:00,996.0,4.82,Inconnu,832,831,"48.881255307166406, 2.351497760213455",9,1,0,48.881255307166406,2.351497760213455
4723,2025-11-04 16:00:00+00:00,268.0,2.79222,Fluide,2519,2517,"48.84208424261771, 2.267801220950777",16,1,0,48.84208424261771,2.267801220950777
253,2026-01-02 04:00:00+00:00,96.0,1.68722,Fluide,152,153,"48.86957621668922, 2.326347603114046",4,4,0,48.86957621668922,2.326347603114046
4409,2024-12-03 07:00:00+00:00,302.0,4.82,Inconnu,2362,2361,"48.87395147457224, 2.2966604528915857",7,1,0,48.87395147457224,2.2966604528915857
4657,2025-01-06 08:00:00+00:00,155.0,3.82833,Fluide,2476,2478,"48.836830392995296, 2.261934756073604",8,0,0,48.836830392995296,2.261934756073604
5362,2025-04-03 17:00:00+00:00,3000.0,13.85,Fluide,789,2836,"48.88161156205071, 2.4027428916887197",17,3,0,48.88161156205071,2.4027428916887197
5108,2025-06-04 19:00:00+00:00,211.0,4.82,Inconnu,2695,2541,"48.83604588381674, 2.3498282876825813",19,2,0,48.83604588381674,2.3498282876825813
4836,2025-07-23 15:00:00+00:00,185.0,1.88611,Fluide,2572,3045,"48.83995789461699, 2.39387813531224",15,2,0,48.83995789461699,2.39387813531224
182,2025-09-02 10:00:00+00:00,286.0,3.57778,Fluide,79,76,"48.85280818171662, 2.3322859082941454",10,1,0,48.85280818171662,2.3322859082941454
5851,2025-12-02 02:00:00+00:00,42.0,0.30333,Fluide,3035,3042,"48.84910619392596, 2.3276331756430686",2,1,0,48.84910619392596,2.3276331756430686
5118,2026-01-04 18:00:00+00:00,872.0,4.82,Inconnu,465,2700,"48.87130441207094, 2.3445120265727892",18,6,1,48.87130441207094,2.3445120265727892
4653,2025-01-06 08:00:00+00:00,255.0,4.82,Inconnu,2477,2454,"48.839259405492186, 2.256716307180369",8,0,0,48.839259405492186,2.256716307180369
5478,2025-04-03 22:00:00+00:00,1489.0,9.7,Fluide,3537,2835,"48.865524101872005, 2.4135790509667507",22,3,0,48.865524101872005,2.4135790509667507
5301,2025-08-05 22:00:00+00:00,1039.0,3.75,Fluide,2801,3079,"48.81616238950963, 2.3619586172189",22,1,0,48.81616238950963,2.3619586172189
1573,2025-09-02 09:00:00+00:00,644.0,34.63778,Saturé,834,832,"48.88280246841975, 2.350114944673915",9,1,0,48.88280246841975,2.350114944673915
4405,2025-10-10 18:00:00+00:00,746.0,22.61667,Pré-saturé,2344,2361,"48.87414657891108, 2.293468062347341",18,4,0,48.87414657891108,2.293468062347341
4723,2025-11-04 17:00:00+00:00,285.0,3.58111,Fluide,2519,2517,"48.84208424261771, 2.267801220950777",17,1,0,48.84208424261771,2.267801220950777
253,2026-01-02 01:00:00+00:00,377.0,6.15,Fluide,152,153,"48.86957621668922, 2.326347603114046",1,4,0,48.86957621668922,2.326347603114046
4409,2024-12-03 09:00:00+00:00,551.0,4.82,Inconnu,2362,2361,"48.87395147457224, 2.2966604528915857",9,1,0,48.87395147457224,2.2966604528915857
5362,2025-04-03 20:00:00+00:00,3000.0,8.35,Fluide,789,2836,"48.88161156205071, 2.4027428916887197",20,3,0,48.88161156205071,2.4027428916887197
5569,2025-05-09 12:00:00+00:00,82.0,2.45055,Fluide,2923,2924,"48.84475458171286, 2.318879685489504",12,4,0,48.84475458171286,2.318879685489504
5108,2025-06-04 18:00:00+00:00,267.0,4.82,Inconnu,2695,2541,"48.83604588381674, 2.3498282876825813",18,2,0,48.83604588381674,2.3498282876825813
4837,2025-07-23 21:00:00+00:00,132.0,1.00611,Fluide,2577,2572,"48.840634590617256, 2.390879408076552",21,2,0,48.840634590617256,2.390879408076552
182,2025-09-02 11:00:00+00:00,320.0,3.56723,Fluide,79,76,"48.85280818171662, 2.3322859082941454",11,1,0,48.85280818171662,2.3322859082941454
5851,2025-12-02 07:00:00+00:00,352.0,0.0,Fluide,3035,3042,"48.84910619392596, 2.3276331756430686",7,1,0,48.84910619392596,2.3276331756430686
5118,2026-01-04 15:00:00+00:00,880.0,4.82,Inconnu,465,2700,"48.87130441207094, 2.3445120265727892",15,6,1,48.87130441207094,2.3445120265727892
4528,2025-02-12 12:00:00+00:00,989.0,24.20223,Pré-saturé,2408,2414,"48.8510803037108, 2.2792723858086257",12,2,0,48.8510803037108,2.2792723858086257
5082,2025-06-05 00:00:00+00:00,161.0,4.82,Inconnu,2682,2681,"48.83069688601863, 2.3538882611948133",0,3,0,48.83069688601863,2.3538882611948133
1850,2025-08-05 00:00:00+00:00,137.0,0.62611,Fluide,2007,2005,"48.89761514384929, 2.332415949693188",0,1,0,48.89761514384929,2.332415949693188
4407,2025-10-10 18:00:00+00:00,583.0,15.99778,Pré-saturé,2469,2363,"48.864893856542636, 2.30908311378312",18,4,0,48.864893856542636,2.30908311378312
4723,2025-11-04 19:00:00+00:00,316.0,3.39556,Fluide,2519,2517,"48.84208424261771, 2.267801220950777",19,1,0,48.84208424261771,2.267801220950777
255,2026-01-02 23:00:00+00:00,904.0,3.98778,Fluide,153,154,"48.87003668535655, 2.328960147055086",23,4,0,48.87003668535655,2.328960147055086
5365,2025-04-03 15:00:00+00:00,3000.0,21.9,Pré-saturé,808,2837,"48.89515035814033, 2.3948644688480494",15,3,0,48.89515035814033,2.3948644688480494
5569,2025-05-09 10:00:00+00:00,190.0,12.42,Fluide,2923,2924,"48.84475458171286, 2.318879685489504",10,4,0,48.84475458171286,2.318879685489504
5108,2025-06-04 17:00:00+00:00,318.0,4.82,Inconnu,2695,2541,"48.83604588381674, 2.3498282876825813",17,2,0,48.83604588381674,2.3498282876825813
4837,2025-07-23 19:00:00+00:00,164.0,1.47667,Fluide,2577,2572,"48.840634590617256, 2.390879408076552",19,2,0,48.840634590617256,2.390879408076552
182,2025-09-02 12:00:00+00:00,288.0,3.425,Fluide,79,76,"48.85280818171662, 2.3322859082941454",12,1,0,48.85280818171662,2.3322859082941454
4931,2025-10-09 21:00:00+00:00,959.0,3.08667,Fluide,2608,289,"48.848157745052035, 2.399117694986134",21,3,0,48.848157745052035,2.399117694986134
5492,2025-11-04 16:00:00+00:00,1707.0,10.4,Fluide,2823,3157,"48.82698568180649, 2.391485395889839",16,1,0,48.82698568180649,2.391485395889839
5118,2026-01-04 13:00:00+00:00,876.0,4.82,Inconnu,465,2700,"48.87130441207094, 2.3445120265727892",13,6,1,48.87130441207094,2.3445120265727892
4658,2025-01-06 08:00:00+00:00,1451.0,8.59611,Fluide,2479,2478,"48.835588876786645, 2.262963832064931",8,0,0,48.835588876786645,2.262963832064931
5082,2025-06-05 02:00:00+00:00,67.0,4.82,Inconnu,2682,2681,"48.83069688601863, 2.3538882611948133",2,3,0,48.83069688601863,2.3538882611948133
4646,2025-07-23 22:00:00+00:00,146.0,1.64167,Fluide,2473,2470,"48.84015971147386, 2.2641403357485204",22,2,0,48.84015971147386,2.2641403357485204
1850,2025-08-05 01:00:00+00:00,94.0,0.53278,Fluide,2007,2005,"48.89761514384929, 2.332415949693188",1,1,0,48.89761514384929,2.332415949693188
4410,2025-10-10 18:00:00+00:00,101.0,31.40833,Saturé,2361,2362,"48.87387397834593, 2.296675787324689",18,4,0,48.87387397834593,2.296675787324689
4723,2025-11-04 22:00:00+00:00,133.0,1.20111,Fluide,2519,2517,"48.84208424261771, 2.267801220950777",22,1,0,48.84208424261771,2.267801220950777
4863,2025-12-02 03:00:00+00:00,39.0,0.40334,Fluide,2589,3044,"48.83925786934976, 2.386787603757409",3,1,0,48.83925786934976,2.386787603757409
255,2026-01-02 22:00:00+00:00,1041.0,5.23056,Fluide,153,154,"48.87003668535655, 2.328960147055086",22,4,0,48.87003668535655,2.328960147055086
5365,2025-04-03 18:00:00+00:00,3000.0,16.15,Pré-saturé,808,2837,"48.89515035814033, 2.3948644688480494",18,3,0,48.89515035814033,2.3948644688480494
5108,2025-06-04 16:00:00+00:00,338.0,4.82,Inconnu,2695,2541,"48.83604588381674, 2.3498282876825813",16,2,0,48.83604588381674,2.3498282876825813
4837,2025-07-23 18:00:00+00:00,154.0,1.36611,Fluide,2577,2572,"48.840634590617256, 2.390879408076552",18,2,0,48.840634590617256,2.390879408076552
1453,2025-08-26 11:00:00+00:00,502.0,9.19334,Fluide,707,685,"48.86463281984096, 2.406404667269105",11,1,0,48.86463281984096,2.406404667269105
96,2025-09-02 12:00:00+00:00,309.0,14.76278,Fluide,75,76,"48.853523060214286, 2.332817569692506",12,1,0,48.853523060214286,2.332817569692506
5492,2025-11-04 17:00:00+00:00,1373.0,7.85,Fluide,2823,3157,"48.82698568180649, 2.391485395889839",17,1,0,48.82698568180649,2.391485395889839
5118,2026-01-04 12:00:00+00:00,842.0,4.82,Inconnu,465,2700,"48.87130441207094, 2.3445120265727892",12,6,1,48.87130441207094,2.3445120265727892
4664,2025-01-06 08:00:00+00:00,205.0,14.48334,Fluide,2481,2483,"48.85227961427837, 2.3767561505848427",8,0,0,48.85227961427837,2.3767561505848427
4787,2025-03-10 22:00:00+00:00,173.0,4.82,Inconnu,3052,2549,"48.8382719906119, 2.356332138570039",22,0,0,48.8382719906119,2.356332138570039
5082,2025-06-05 06:00:00+00:00,369.0,4.82,Inconnu,2682,2681,"48.83069688601863, 2.3538882611948133",6,3,0,48.83069688601863,2.3538882611948133
4646,2025-07-23 19:00:00+00:00,186.0,2.02167,Fluide,2473,2470,"48.84015971147386, 2.2641403357485204",19,2,0,48.84015971147386,2.2641403357485204
1850,2025-08-05 02:00:00+00:00,81.0,0.42167,Fluide,2007,2005,"48.89761514384929, 2.332415949693188",2,1,0,48.89761514384929,2.332415949693188
4723,2025-11-04 23:00:00+00:00,361.0,2.52167,Fluide,2519,2517,"48.84208424261771, 2.267801220950777",23,1,0,48.84208424261771,2.267801220950777
4863,2025-12-02 06:00:00+00:00,159.0,2.05222,Fluide,2589,3044,"48.83925786934976, 2.386787603757409",6,1,0,48.83925786934976,2.386787603757409
255,2026-01-02 19:00:00+00:00,997.0,13.16722,Fluide,153,154,"48.87003668535655, 2.328960147055086",19,4,0,48.87003668535655,2.328960147055086
5208,2025-03-11 05:00:00+00:00,2117.0,9.8,Fluide,2747,609,"48.83183803711651, 2.282197585681839",5,1,0,48.83183803711651,2.282197585681839
5365,2025-04-03 20:00:00+00:00,3000.0,9.8,Fluide,808,2837,"48.89515035814033, 2.3948644688480494",20,3,0,48.89515035814033,2.3948644688480494
5108,2025-06-04 15:00:00+00:00,374.0,4.82,Inconnu,2695,2541,"48.83604588381674, 2.3498282876825813",15,2,0,48.83604588381674,2.3498282876825813
4837,2025-07-23 16:00:00+00:00,159.0,1.56667,Fluide,2577,2572,"48.840634590617256, 2.390879408076552",16,2,0,48.840634590617256,2.390879408076552
94,2025-09-02 11:00:00+00:00,320.0,11.07556,Fluide,75,77,"48.854614921167894, 2.3336075947223343",11,1,0,48.854614921167894,2.3336075947223343
5492,2025-11-04 18:00:00+00:00,1095.0,6.0,Fluide,2823,3157,"48.82698568180649, 2.391485395889839",18,1,0,48.82698568180649,2.391485395889839
5118,2026-01-04 09:00:00+00:00,548.0,4.82,Inconnu,465,2700,"48.87130441207094, 2.3445120265727892",9,6,1,48.87130441207094,2.3445120265727892
4787,2025-03-10 21:00:00+00:00,190.0,4.82,Inconnu,3052,2549,"48.8382719906119, 2.356332138570039",21,0,0,48.8382719906119,2.356332138570039
5082,2025-06-05 07:00:00+00:00,641.0,4.82,Inconnu,2682,2681,"48.83069688601863, 2.3538882611948133",7,3,0,48.83069688601863,2.3538882611948133
4646,2025-07-23 18:00:00+00:00,204.0,2.24611,Fluide,2473,2470,"48.84015971147386, 2.2641403357485204",18,2,0,48.84015971147386,2.2641403357485204
1850,2025-08-05 03:00:00+00:00,74.0,0.245,Fluide,2007,2005,"48.89761514384929, 2.332415949693188",3,1,0,48.89761514384929,2.332415949693188
1627,2025-09-02 09:00:00+00:00,494.0,67.08611,Bloqué,863,834,"48.884655541893416, 2.3494085302369223",9,1,0,48.884655541893416,2.3494085302369223
4718,2025-11-04 15:00:00+00:00,488.0,4.99334,Fluide,2515,2517,"48.844066386764055, 2.270179888038962",15,1,0,48.844066386764055,2.270179888038962
255,2026-01-02 16:00:00+00:00,985.0,5.145,Fluide,153,154,"48.87003668535655, 2.328960147055086",16,4,0,48.87003668535655,2.328960147055086
5208,2025-03-11 03:00:00+00:00,527.0,2.5,Fluide,2747,609,"48.83183803711651, 2.282197585681839",3,1,0,48.83183803711651,2.282197585681839
5365,2025-04-03 21:00:00+00:00,3000.0,11.65,Fluide,808,2837,"48.89515035814033, 2.3948644688480494",21,3,0,48.89515035814033,2.3948644688480494
5820,2025-05-09 09:00:00+00:00,351.0,23.88278,Pré-saturé,3035,2925,"48.84756126651058, 2.3273607968210044",9,4,0,48.84756126651058,2.3273607968210044
4837,2025-07-23 14:00:00+00:00,193.0,1.82445,Fluide,2577,2572,"48.840634590617256, 2.390879408076552",14,2,0,48.840634590617256,2.390879408076552
94,2025-09-02 12:00:00+00:00,288.0,13.57222,Fluide,75,77,"48.854614921167894, 2.3336075947223343",12,1,0,48.854614921167894,2.3336075947223343
5492,2025-11-04 19:00:00+00:00,1019.0,5.5,Fluide,2823,3157,"48.82698568180649, 2.391485395889839",19,1,0,48.82698568180649,2.391485395889839
5118,2026-01-04 08:00:00+00:00,409.0,4.82,Inconnu,465,2700,"48.87130441207094, 2.3445120265727892",8,6,1,48.87130441207094,2.3445120265727892
4670,2025-01-06 08:00:00+00:00,205.0,2.80167,Fluide,2483,2487,"48.854532133160895, 2.378042063595979",8,0,0,48.854532133160895,2.378042063595979
4787,2025-03-10 20:00:00+00:00,227.0,4.82,Inconnu,3052,2549,"48.8382719906119, 2.356332138570039",20,0,0,48.8382719906119,2.356332138570039
5362,2025-04-03 16:00:00+00:00,3000.0,14.45,Fluide,789,2836,"48.88161156205071, 2.4027428916887197",16,3,0,48.88161156205071,2.4027428916887197
5850,2025-05-09 12:00:00+00:00,260.0,4.82,Inconnu,3035,2926,"48.84757680271481, 2.3278007112976464",12,4,0,48.84757680271481,2.3278007112976464
4646,2025-07-23 15:00:00+00:00,227.0,2.94889,Fluide,2473,2470,"48.84015971147386, 2.2641403357485204",15,2,0,48.84015971147386,2.2641403357485204
1850,2025-08-05 05:00:00+00:00,109.0,0.69278,Fluide,2007,2005,"48.89761514384929, 2.332415949693188",5,1,0,48.89761514384929,2.332415949693188
5169,2025-10-10 18:00:00+00:00,3000.0,11.6,Fluide,2504,604,"48.83487526117509, 2.2631860461487157",18,4,0,48.83487526117509,2.2631860461487157
4718,2025-11-04 16:00:00+00:00,477.0,4.28056,Fluide,2515,2517,"48.844066386764055, 2.270179888038962",16,1,0,48.844066386764055,2.270179888038962
255,2026-01-02 11:00:00+00:00,1207.0,16.66611,Pré-saturé,153,154,"48.87003668535655, 2.328960147055086",11,4,0,48.87003668535655,2.328960147055086
5208,2025-03-11 02:00:00+00:00,587.0,2.55,Fluide,2747,609,"48.83183803711651, 2.282197585681839",2,1,0,48.83183803711651,2.282197585681839
5365,2025-04-03 22:00:00+00:00,3000.0,10.6,Fluide,808,2837,"48.89515035814033, 2.3948644688480494",22,3,0,48.89515035814033,2.3948644688480494
4838,2025-07-23 22:00:00+00:00,55.0,0.29667,Fluide,2572,2577,"48.84074542019839, 2.3909353381931338",22,2,0,48.84074542019839,2.3909353381931338
5492,2025-11-04 20:00:00+00:00,1542.0,9.05,Fluide,2823,3157,"48.82698568180649, 2.391485395889839",20,1,0,48.82698568180649,2.391485395889839
5118,2026-01-04 07:00:00+00:00,295.0,4.82,Inconnu,465,2700,"48.87130441207094, 2.3445120265727892",7,6,1,48.87130441207094,2.3445120265727892
4787,2025-03-10 19:00:00+00:00,264.0,4.82,Inconnu,3052,2549,"48.8382719906119, 2.356332138570039",19,0,0,48.8382719906119,2.356332138570039
5362,2025-04-03 18:00:00+00:00,3000.0,13.85,Fluide,789,2836,"48.88161156205071, 2.4027428916887197",18,3,0,48.88161156205071,2.4027428916887197
5850,2025-05-09 10:00:00+00:00,282.0,4.82,Inconnu,3035,2926,"48.84757680271481, 2.3278007112976464",10,4,0,48.84757680271481,2.3278007112976464
4646,2025-07-23 14:00:00+00:00,205.0,2.315,Fluide,2473,2470,"48.84015971147386, 2.2641403357485204",14,2,0,48.84015971147386,2.2641403357485204
1847,2025-08-04 23:00:00+00:00,89.0,0.54445,Fluide,2001,2005,"48.89784320198298, 2.3354136854205887",23,0,0,48.89784320198298,2.3354136854205887
4718,2025-11-04 17:00:00+00:00,555.0,5.51333,Fluide,2515,2517,"48.844066386764055, 2.270179888038962",17,1,0,48.844066386764055,2.270179888038962
255,2026-01-02 09:00:00+00:00,1106.0,5.38111,Fluide,153,154,"48.87003668535655, 2.328960147055086",9,4,0,48.87003668535655,2.328960147055086
4681,2025-01-06 08:00:00+00:00,1577.0,3.22056,Fluide,2494,2496,"48.8366301446208, 2.254921015007266",8,0,0,48.8366301446208,2.254921015007266
5208,2025-03-11 01:00:00+00:00,786.0,3.4,Fluide,2747,609,"48.83183803711651, 2.282197585681839",1,1,0,48.83183803711651,2.282197585681839
5370,2025-04-03 17:00:00+00:00,3000.0,22.75,Pré-saturé,915,2838,"48.90086282635956, 2.3652928265234094",17,3,0,48.90086282635956,2.3652928265234094
4838,2025-07-23 18:00:00+00:00,135.0,0.60945,Fluide,2572,2577,"48.84074542019839, 2.3909353381931338",18,2,0,48.84074542019839,2.3909353381931338
5461,2025-11-04 17:00:00+00:00,2269.0,17.3,Pré-saturé,2813,3157,"48.826318636807834, 2.391162982287559",17,1,0,48.826318636807834,2.391162982287559
5118,2026-01-04 05:00:00+00:00,407.0,4.82,Inconnu,465,2700,"48.87130441207094, 2.3445120265727892",5,6,1,48.87130441207094,2.3445120265727892
5899,2024-12-05 05:00:00+00:00,80.0,4.82,Inconnu,3071,835,"48.8754427934144, 2.359822494384346",5,3,0,48.8754427934144,2.359822494384346
4674,2025-01-06 08:00:00+00:00,478.0,5.49167,Fluide,2492,2486,"48.83846303284102, 2.253254147793701",8,0,0,48.83846303284102,2.253254147793701
4787,2025-03-10 18:00:00+00:00,247.0,4.82,Inconnu,3052,2549,"48.8382719906119, 2.356332138570039",18,0,0,48.8382719906119,2.356332138570039
5362,2025-04-03 19:00:00+00:00,3000.0,10.3,Fluide,789,2836,"48.88161156205071, 2.4027428916887197",19,3,0,48.88161156205071,2.4027428916887197
5813,2025-05-09 11:00:00+00:00,351.0,21.35722,Pré-saturé,3033,2926,"48.84704876294762, 2.328246224856372",11,4,0,48.84704876294762,2.328246224856372
1847,2025-08-05 00:00:00+00:00,68.0,0.52333,Fluide,2001,2005,"48.89784320198298, 2.3354136854205887",0,1,0,48.89784320198298,2.3354136854205887
5899,2025-09-02 09:00:00+00:00,219.5,4.82,Inconnu,3071,835,"48.8754427934144, 2.359822494384346",9,1,0,48.8754427934144,2.359822494384346
4718,2025-11-04 18:00:00+00:00,675.0,7.13,Fluide,2515,2517,"48.844066386764055, 2.270179888038962",18,1,0,48.844066386764055,2.270179888038962
255,2026-01-02 08:00:00+00:00,785.0,3.86889,Fluide,153,154,"48.87003668535655, 2.328960147055086",8,4,0,48.87003668535655,2.328960147055086
5208,2025-03-11 00:00:00+00:00,1391.0,5.65,Fluide,2747,609,"48.83183803711651, 2.282197585681839",0,1,0,48.83183803711651,2.282197585681839
5370,2025-04-03 18:00:00+00:00,3000.0,31.85,Saturé,915,2838,"48.90086282635956, 2.3652928265234094",18,3,0,48.90086282635956,2.3652928265234094
5850,2025-05-09 11:00:00+00:00,324.0,4.82,Inconnu,3035,2926,"48.84757680271481, 2.3278007112976464",11,4,0,48.84757680271481,2.3278007112976464
4807,2025-06-04 21:00:00+00:00,447.0,4.05722,Fluide,2560,2541,"48.837657956487604, 2.351096989184593",21,2,0,48.837657956487604,2.351096989184593
4838,2025-07-23 15:00:00+00:00,113.0,1.37,Fluide,2572,2577,"48.84074542019839, 2.3909353381931338",15,2,0,48.84074542019839,2.3909353381931338
1278,2025-08-26 11:00:00+00:00,217.0,15.24667,Pré-saturé,674,695,"48.87135672996552, 2.401776695906896",11,1,0,48.87135672996552,2.401776695906896
5461,2025-11-04 21:00:00+00:00,1524.0,11.2,Fluide,2813,3157,"48.826318636807834, 2.391162982287559",21,1,0,48.826318636807834,2.391162982287559
4863,2025-12-02 00:00:00+00:00,115.0,1.50667,Fluide,2589,3044,"48.83925786934976, 2.386787603757409",0,1,0,48.83925786934976,2.386787603757409
5118,2026-01-04 03:00:00+00:00,588.0,4.82,Inconnu,465,2700,"48.87130441207094, 2.3445120265727892",3,6,1,48.87130441207094,2.3445120265727892
5899,2024-12-05 06:00:00+00:00,154.0,4.82,Inconnu,3071,835,"48.8754427934144, 2.359822494384346",6,3,0,48.8754427934144,2.359822494384346
4787,2025-03-10 16:00:00+00:00,247.0,4.82,Inconnu,3052,2549,"48.8382719906119, 2.356332138570039",16,0,0,48.8382719906119,2.356332138570039
5362,2025-04-03 21:00:00+00:00,3000.0,10.2,Fluide,789,2836,"48.88161156205071, 2.4027428916887197",21,3,0,48.88161156205071,2.4027428916887197
5813,2025-05-09 10:00:00+00:00,380.0,24.01333,Pré-saturé,3033,2926,"48.84704876294762, 2.328246224856372",10,4,0,48.84704876294762,2.328246224856372
1847,2025-08-05 04:00:00+00:00,35.0,0.35445,Fluide,2001,2005,"48.89784320198298, 2.3354136854205887",4,1,0,48.89784320198298,2.3354136854205887
4718,2025-11-04 19:00:00+00:00,777.0,11.695,Fluide,2515,2517,"48.844066386764055, 2.270179888038962",19,1,0,48.844066386764055,2.270179888038962
255,2026-01-02 07:00:00+00:00,575.0,2.83444,Fluide,153,154,"48.87003668535655, 2.328960147055086",7,4,0,48.87003668535655,2.328960147055086
5370,2025-04-03 22:00:00+00:00,3000.0,7.4,Fluide,915,2838,"48.90086282635956, 2.3652928265234094",22,3,0,48.90086282635956,2.3652928265234094
5850,2025-05-09 09:00:00+00:00,250.0,4.82,Inconnu,3035,2926,"48.84757680271481, 2.3278007112976464",9,4,0,48.84757680271481,2.3278007112976464
4807,2025-06-04 19:00:00+00:00,533.0,9.43945,Fluide,2560,2541,"48.837657956487604, 2.351096989184593",19,2,0,48.837657956487604,2.351096989184593
4839,2025-07-23 22:00:00+00:00,357.0,8.85223,Fluide,806,3398,"48.88836442716742, 2.391273716676053",22,2,0,48.88836442716742,2.391273716676053
1374,2025-08-26 11:00:00+00:00,700.0,18.58889,Pré-saturé,743,696,"48.86202976912976, 2.3671213545958296",11,1,0,48.86202976912976,2.3671213545958296
5461,2025-11-04 23:00:00+00:00,1932.0,13.15,Fluide,2813,3157,"48.826318636807834, 2.391162982287559",23,1,0,48.826318636807834,2.391162982287559
4863,2025-12-02 01:00:00+00:00,87.0,1.21834,Fluide,2589,3044,"48.83925786934976, 2.386787603757409",1,1,0,48.83925786934976,2.386787603757409
5118,2026-01-04 02:00:00+00:00,682.0,4.82,Inconnu,465,2700,"48.87130441207094, 2.3445120265727892",2,6,1,48.87130441207094,2.3445120265727892
5899,2024-12-05 07:00:00+00:00,181.0,4.82,Inconnu,3071,835,"48.8754427934144, 2.359822494384346",7,3,0,48.8754427934144,2.359822494384346
6161,2025-02-12 15:00:00+00:00,986.0,46.22389,Saturé,3195,2416,"48.85649211589322, 2.286121573189832",15,2,0,48.85649211589322,2.286121573189832
5362,2025-04-03 22:00:00+00:00,3000.0,9.3,Fluide,789,2836,"48.88161156205071, 2.4027428916887197",22,3,0,48.88161156205071,2.4027428916887197
5813,2025-05-09 09:00:00+00:00,364.0,27.58833,Pré-saturé,3033,2926,"48.84704876294762, 2.328246224856372",9,4,0,48.84704876294762,2.328246224856372
5538,2025-06-05 00:00:00+00:00,161.0,1.43945,Fluide,2904,2682,"48.82973934076328, 2.350516416563935",0,3,0,48.82973934076328,2.350516416563935
1847,2025-08-05 05:00:00+00:00,86.0,0.84333,Fluide,2001,2005,"48.89784320198298, 2.3354136854205887",5,1,0,48.89784320198298,2.3354136854205887
5182,2025-10-10 18:00:00+00:00,3000.0,25.05,Pré-saturé,435,437,"48.822514504185115, 2.314232456194988",18,4,0,48.822514504185115,2.314232456194988
4718,2025-11-04 20:00:00+00:00,593.0,8.43389,Fluide,2515,2517,"48.844066386764055, 2.270179888038962",20,1,0,48.844066386764055,2.270179888038962
255,2026-01-02 05:00:00+00:00,249.0,0.82445,Fluide,153,154,"48.87003668535655, 2.328960147055086",5,4,0,48.87003668535655,2.328960147055086
5813,2025-05-09 12:00:00+00:00,313.0,22.78722,Pré-saturé,3033,2926,"48.84704876294762, 2.328246224856372",12,4,0,48.84704876294762,2.328246224856372
4807,2025-06-04 18:00:00+00:00,686.0,20.42945,Pré-saturé,2560,2541,"48.837657956487604, 2.351096989184593",18,2,0,48.837657956487604,2.351096989184593
4839,2025-07-23 19:00:00+00:00,512.0,24.28389,Pré-saturé,806,3398,"48.88836442716742, 2.391273716676053",19,2,0,48.88836442716742,2.391273716676053
4142,2025-11-04 15:00:00+00:00,2291.0,12.3,Fluide,977,3157,"48.8269009445859, 2.39035177500074",15,1,0,48.8269009445859,2.39035177500074
4863,2025-12-02 02:00:00+00:00,52.0,0.63278,Fluide,2589,3044,"48.83925786934976, 2.386787603757409",2,1,0,48.83925786934976,2.386787603757409
5118,2026-01-04 01:00:00+00:00,708.0,4.82,Inconnu,465,2700,"48.87130441207094, 2.3445120265727892",1,6,1,48.87130441207094,2.3445120265727892
5916,2024-12-05 01:00:00+00:00,100.0,1.13278,Fluide,3074,766,"48.85159832656413, 2.406320911214207",1,3,0,48.85159832656413,2.406320911214207
6161,2025-02-12 13:00:00+00:00,892.0,38.83667,Saturé,3195,2416,"48.85649211589322, 2.286121573189832",13,2,0,48.85649211589322,2.286121573189832
5365,2025-04-03 16:00:00+00:00,3000.0,16.85,Pré-saturé,808,2837,"48.89515035814033, 2.3948644688480494",16,3,0,48.89515035814033,2.3948644688480494
5571,2025-05-09 11:00:00+00:00,484.0,4.82,Inconnu,2925,2926,"48.847175837706295, 2.327430869953156",11,4,0,48.847175837706295,2.327430869953156
5538,2025-06-05 01:00:00+00:00,84.0,0.64,Fluide,2904,2682,"48.82973934076328, 2.350516416563935",1,3,0,48.82973934076328,2.350516416563935
5185,2025-10-10 18:00:00+00:00,3000.0,39.45,Saturé,443,436,"48.82150731210163, 2.319187595491452",18,4,0,48.82150731210163,2.319187595491452
4718,2025-11-04 21:00:00+00:00,293.0,3.26333,Fluide,2515,2517,"48.844066386764055, 2.270179888038962",21,1,0,48.844066386764055,2.270179888038962
4867,2025-12-02 00:00:00+00:00,92.0,4.82,Inconnu,2592,3045,"48.839411108412875, 2.3948147032128397",0,1,0,48.839411108412875,2.3948147032128397
255,2026-01-02 04:00:00+00:00,96.0,0.43167,Fluide,153,154,"48.87003668535655, 2.328960147055086",4,4,0,48.87003668535655,2.328960147055086
4686,2025-01-06 08:00:00+00:00,185.0,4.82,Inconnu,2497,2500,"48.84945983202752, 2.3883838509572746",8,0,0,48.84945983202752,2.3883838509572746
5571,2025-05-09 12:00:00+00:00,345.0,4.82,Inconnu,2925,2926,"48.847175837706295, 2.327430869953156",12,4,0,48.847175837706295,2.327430869953156
4807,2025-06-04 16:00:00+00:00,760.0,31.98667,Saturé,2560,2541,"48.837657956487604, 2.351096989184593",16,2,0,48.837657956487604,2.351096989184593
4839,2025-07-23 17:00:00+00:00,422.0,36.03389,Saturé,806,3398,"48.88836442716742, 2.391273716676053",17,2,0,48.88836442716742,2.391273716676053
1349,2025-08-26 10:00:00+00:00,159.0,4.84222,Fluide,731,699,"48.86443740460224, 2.3688460959296656",10,1,0,48.86443740460224,2.3688460959296656
4142,2025-11-04 17:00:00+00:00,2583.0,18.4,Pré-saturé,977,3157,"48.8269009445859, 2.39035177500074",17,1,0,48.8269009445859,2.39035177500074
4863,2025-12-02 04:00:00+00:00,54.0,0.78389,Fluide,2589,3044,"48.83925786934976, 2.386787603757409",4,1,0,48.83925786934976,2.386787603757409
5916,2024-12-05 02:00:00+00:00,59.0,0.43333,Fluide,3074,766,"48.85159832656413, 2.406320911214207",2,3,0,48.85159832656413,2.406320911214207
6161,2025-02-12 12:00:00+00:00,1045.0,41.22111,Saturé,3195,2416,"48.85649211589322, 2.286121573189832",12,2,0,48.85649211589322,2.286121573189832
5365,2025-04-03 17:00:00+00:00,3000.0,15.9,Pré-saturé,808,2837,"48.89515035814033, 2.3948644688480494",17,3,0,48.89515035814033,2.3948644688480494
5538,2025-06-05 03:00:00+00:00,63.0,0.47389,Fluide,2904,2682,"48.82973934076328, 2.350516416563935",3,3,0,48.82973934076328,2.350516416563935
1581,2025-09-02 09:00:00+00:00,370.0,8.13111,Fluide,839,838,"48.88442095844803, 2.3573530815549866",9,1,0,48.88442095844803,2.3573530815549866
5187,2025-10-10 18:00:00+00:00,3000.0,25.1,Pré-saturé,433,638,"48.823952536675726, 2.3084256716193727",18,4,0,48.823952536675726,2.3084256716193727
4718,2025-11-04 22:00:00+00:00,381.0,3.28278,Fluide,2515,2517,"48.844066386764055, 2.270179888038962",22,1,0,48.844066386764055,2.270179888038962
4867,2025-12-02 01:00:00+00:00,62.0,4.82,Inconnu,2592,3045,"48.839411108412875, 2.3948147032128397",1,1,0,48.839411108412875,2.3948147032128397
255,2026-01-02 03:00:00+00:00,131.0,0.69778,Fluide,153,154,"48.87003668535655, 2.328960147055086",3,4,0,48.87003668535655,2.328960147055086
5571,2025-05-09 10:00:00+00:00,491.0,4.82,Inconnu,2925,2926,"48.847175837706295, 2.327430869953156",10,4,0,48.847175837706295,2.327430869953156
4807,2025-06-04 15:00:00+00:00,782.0,60.35167,Bloqué,2560,2541,"48.837657956487604, 2.351096989184593",15,2,0,48.837657956487604,2.351096989184593
4839,2025-07-23 14:00:00+00:00,323.0,56.28278,Bloqué,806,3398,"48.88836442716742, 2.391273716676053",14,2,0,48.88836442716742,2.391273716676053
1349,2025-08-26 11:00:00+00:00,174.0,6.51333,Fluide,731,699,"48.86443740460224, 2.3688460959296656",11,1,0,48.86443740460224,2.3688460959296656
4142,2025-11-04 18:00:00+00:00,1788.0,48.3,Saturé,977,3157,"48.8269009445859, 2.39035177500074",18,1,0,48.8269009445859,2.39035177500074
4863,2025-12-02 05:00:00+00:00,79.0,0.85889,Fluide,2589,3044,"48.83925786934976, 2.386787603757409",5,1,0,48.83925786934976,2.386787603757409
5916,2024-12-05 03:00:00+00:00,25.0,0.34,Fluide,3074,766,"48.85159832656413, 2.406320911214207",3,3,0,48.85159832656413,2.406320911214207
6390,2025-02-12 16:00:00+00:00,935.0,26.14556,Pré-saturé,3311,2417,"48.85718077598191, 2.2874627280506843",16,2,0,48.85718077598191,2.2874627280506843
5365,2025-04-03 19:00:00+00:00,3000.0,11.5,Fluide,808,2837,"48.89515035814033, 2.3948644688480494",19,3,0,48.89515035814033,2.3948644688480494
5589,2025-05-09 12:00:00+00:00,486.0,15.87722,Pré-saturé,2938,2929,"48.847640579038284, 2.3186330027638515",12,4,0,48.847640579038284,2.3186330027638515
5538,2025-06-05 04:00:00+00:00,112.0,1.01278,Fluide,2904,2682,"48.82973934076328, 2.350516416563935",4,3,0,48.82973934076328,2.350516416563935
1580,2025-09-02 09:00:00+00:00,364.0,66.23278,Bloqué,837,838,"48.883868262387516, 2.3533174756225055",9,1,0,48.883868262387516,2.3533174756225055
4720,2025-11-04 16:00:00+00:00,477.0,11.23167,Fluide,2517,2519,"48.842158227214426, 2.2676407752641303",16,1,0,48.842158227214426,2.2676407752641303
4867,2025-12-02 02:00:00+00:00,36.0,4.82,Inconnu,2592,3045,"48.839411108412875, 2.3948147032128397",2,1,0,48.839411108412875,2.3948147032128397
256,2026-01-02 22:00:00+00:00,514.0,12.43389,Fluide,154,153,"48.87015005989183, 2.3288941892980026",22,4,0,48.87015005989183,2.3288941892980026
5376,2025-04-03 15:00:00+00:00,3000.0,12.1,Fluide,955,2839,"48.9009780804202, 2.3584049527526894",15,3,0,48.9009780804202,2.3584049527526894
5571,2025-05-09 09:00:00+00:00,501.0,4.82,Inconnu,2925,2926,"48.847175837706295, 2.327430869953156",9,4,0,48.847175837706295,2.327430869953156
4778,2025-06-04 22:00:00+00:00,203.0,3.24333,Fluide,2548,2541,"48.83726955049516, 2.353143384281546",22,2,0,48.83726955049516,2.353143384281546
4840,2025-07-23 20:00:00+00:00,84.0,2.06167,Fluide,2577,2578,"48.84165030225621, 2.387158799117701",20,2,0,48.84165030225621,2.387158799117701
1354,2025-08-26 10:00:00+00:00,203.0,8.18945,Fluide,720,699,"48.86336871875688, 2.3708607072145162",10,1,0,48.86336871875688,2.3708607072145162
181,2025-09-02 10:00:00+00:00,281.0,12.20056,Fluide,76,79,"48.852810355523914, 2.3321702306301173",10,1,0,48.852810355523914,2.3321702306301173
4142,2025-11-04 19:00:00+00:00,2498.0,13.9,Fluide,977,3157,"48.8269009445859, 2.39035177500074",19,1,0,48.8269009445859,2.39035177500074
4863,2025-12-02 07:00:00+00:00,316.0,4.00278,Fluide,2589,3044,"48.83925786934976, 2.386787603757409",7,1,0,48.83925786934976,2.386787603757409
5916,2024-12-05 04:00:00+00:00,41.0,0.31889,Fluide,3074,766,"48.85159832656413, 2.406320911214207",4,3,0,48.85159832656413,2.406320911214207
6390,2025-02-12 13:00:00+00:00,917.0,25.89611,Pré-saturé,3311,2417,"48.85718077598191, 2.2874627280506843",13,2,0,48.85718077598191,2.2874627280506843
5370,2025-04-03 15:00:00+00:00,3000.0,40.7,Saturé,915,2838,"48.90086282635956, 2.3652928265234094",15,3,0,48.90086282635956,2.3652928265234094
5589,2025-05-09 10:00:00+00:00,116.0,11.50945,Fluide,2938,2929,"48.847640579038284, 2.3186330027638515",10,4,0,48.847640579038284,2.3186330027638515
5538,2025-06-05 06:00:00+00:00,369.0,4.44889,Fluide,2904,2682,"48.82973934076328, 2.350516416563935",6,3,0,48.82973934076328,2.350516416563935
4648,2025-07-23 22:00:00+00:00,560.0,5.04167,Fluide,2473,2474,"48.839337631522035, 2.2619162615834347",22,2,0,48.839337631522035,2.2619162615834347
1585,2025-09-02 09:00:00+00:00,202.0,13.67778,Fluide,841,839,"48.88356430653383, 2.3592125245311086",9,1,0,48.88356430653383,2.3592125245311086
4720,2025-11-04 20:00:00+00:00,593.0,10.985,Fluide,2517,2519,"48.842158227214426, 2.2676407752641303",20,1,0,48.842158227214426,2.2676407752641303
4867,2025-12-02 05:00:00+00:00,33.0,4.82,Inconnu,2592,3045,"48.839411108412875, 2.3948147032128397",5,1,0,48.839411108412875,2.3948147032128397
256,2026-01-02 20:00:00+00:00,566.0,30.62944,Saturé,154,153,"48.87015005989183, 2.3288941892980026",20,4,0,48.87015005989183,2.3288941892980026
4691,2025-01-06 08:00:00+00:00,185.0,3.38056,Fluide,2502,2501,"48.84869452860215, 2.3934203435046872",8,0,0,48.84869452860215,2.3934203435046872
5376,2025-04-03 16:00:00+00:00,3000.0,21.8,Pré-saturé,955,2839,"48.9009780804202, 2.3584049527526894",16,3,0,48.9009780804202,2.3584049527526894
4778,2025-06-04 15:00:00+00:00,315.0,11.54667,Fluide,2548,2541,"48.83726955049516, 2.353143384281546",15,2,0,48.83726955049516,2.353143384281546
4840,2025-07-23 19:00:00+00:00,104.0,1.92111,Fluide,2577,2578,"48.84165030225621, 2.387158799117701",19,2,0,48.84165030225621,2.387158799117701
6399,2025-08-26 11:00:00+00:00,427.5,4.82,Inconnu,3317,700,"48.859208753036526, 2.3893439713470452",11,1,0,48.859208753036526,2.3893439713470452
181,2025-09-02 11:00:00+00:00,298.0,15.64833,Pré-saturé,76,79,"48.852810355523914, 2.3321702306301173",11,1,0,48.852810355523914,2.3321702306301173
490,2025-10-09 14:00:00+00:00,617.0,1.55278,Fluide,292,291,"48.84585567819525, 2.36252635890252",14,3,0,48.84585567819525,2.36252635890252
4142,2025-11-04 20:00:00+00:00,1949.0,9.9,Fluide,977,3157,"48.8269009445859, 2.39035177500074",20,1,0,48.8269009445859,2.39035177500074
4863,2025-12-02 08:00:00+00:00,387.0,5.005,Fluide,2589,3044,"48.83925786934976, 2.386787603757409",8,1,0,48.83925786934976,2.386787603757409
5916,2024-12-05 06:00:00+00:00,121.0,0.28667,Fluide,3074,766,"48.85159832656413, 2.406320911214207",6,3,0,48.85159832656413,2.406320911214207
6390,2025-02-12 12:00:00+00:00,916.0,34.46834,Saturé,3311,2417,"48.85718077598191, 2.2874627280506843",12,2,0,48.85718077598191,2.2874627280506843
4800,2025-03-10 21:00:00+00:00,189.0,0.76889,Fluide,520,2555,"48.836975994625014, 2.4028440496635777",21,0,0,48.836975994625014,2.4028440496635777
5370,2025-04-03 16:00:00+00:00,3000.0,30.0,Saturé,915,2838,"48.90086282635956, 2.3652928265234094",16,3,0,48.90086282635956,2.3652928265234094
5589,2025-05-09 09:00:00+00:00,150.0,11.02278,Fluide,2938,2929,"48.847640579038284, 2.3186330027638515",9,4,0,48.847640579038284,2.3186330027638515
5081,2025-06-04 23:00:00+00:00,234.0,1.47889,Fluide,2681,2682,"48.83100502776304, 2.3537207380368668",23,2,0,48.83100502776304,2.3537207380368668
4648,2025-07-23 18:00:00+00:00,581.0,4.10944,Fluide,2473,2474,"48.839337631522035, 2.2619162615834347",18,2,0,48.839337631522035,2.2619162615834347
1582,2025-09-02 09:00:00+00:00,364.0,9.84611,Fluide,838,839,"48.88426754125483, 2.359361261006584",9,1,0,48.88426754125483,2.359361261006584
5198,2025-10-10 18:00:00+00:00,800.0,30.19722,Saturé,2739,2748,"48.88577708973525, 2.290218249525719",18,4,0,48.88577708973525,2.290218249525719
4720,2025-11-04 22:00:00+00:00,381.0,5.82945,Fluide,2517,2519,"48.842158227214426, 2.2676407752641303",22,1,0,48.842158227214426,2.2676407752641303
4867,2025-12-02 07:00:00+00:00,4.0,4.82,Inconnu,2592,3045,"48.839411108412875, 2.3948147032128397",7,1,0,48.839411108412875,2.3948147032128397
256,2026-01-02 18:00:00+00:00,283.0,28.35,Pré-saturé,154,153,"48.87015005989183, 2.3288941892980026",18,4,0,48.87015005989183,2.3288941892980026
5376,2025-04-03 18:00:00+00:00,3000.0,30.1,Saturé,955,2839,"48.9009780804202, 2.3584049527526894",18,3,0,48.9009780804202,2.3584049527526894
4841,2025-07-23 22:00:00+00:00,124.0,0.89722,Fluide,2578,2577,"48.841253112153154, 2.388181688278932",22,2,0,48.841253112153154,2.388181688278932
181,2025-09-02 12:00:00+00:00,309.0,14.76278,Fluide,76,79,"48.852810355523914, 2.3321702306301173",12,1,0,48.852810355523914,2.3321702306301173
490,2025-10-09 15:00:00+00:00,752.0,2.05333,Fluide,292,291,"48.84585567819525, 2.36252635890252",15,3,0,48.84585567819525,2.36252635890252
4142,2025-11-04 21:00:00+00:00,1608.0,8.5,Fluide,977,3157,"48.8269009445859, 2.39035177500074",21,1,0,48.8269009445859,2.39035177500074
5916,2024-12-05 07:00:00+00:00,183.0,13.45389,Fluide,3074,766,"48.85159832656413, 2.406320911214207",7,3,0,48.85159832656413,2.406320911214207
4687,2025-01-06 08:00:00+00:00,775.0,21.67945,Pré-saturé,2722,2486,"48.838634147988586, 2.254304019361669",8,0,0,48.838634147988586,2.254304019361669
6390,2025-02-12 11:00:00+00:00,968.0,37.20833,Saturé,3311,2417,"48.85718077598191, 2.2874627280506843",11,2,0,48.85718077598191,2.2874627280506843
4800,2025-03-10 19:00:00+00:00,245.0,1.16889,Fluide,520,2555,"48.836975994625014, 2.4028440496635777",19,0,0,48.836975994625014,2.4028440496635777
5370,2025-04-03 19:00:00+00:00,3000.0,10.5,Fluide,915,2838,"48.90086282635956, 2.3652928265234094",19,3,0,48.90086282635956,2.3652928265234094
5081,2025-06-05 00:00:00+00:00,136.0,0.455,Fluide,2681,2682,"48.83100502776304, 2.3537207380368668",0,3,0,48.83100502776304,2.3537207380368668
4648,2025-07-23 16:00:00+00:00,446.0,3.97334,Fluide,2473,2474,"48.839337631522035, 2.2619162615834347",16,2,0,48.839337631522035,2.2619162615834347
4720,2025-11-04 23:00:00+00:00,390.0,6.08834,Fluide,2517,2519,"48.842158227214426, 2.2676407752641303",23,1,0,48.842158227214426,2.2676407752641303
4867,2025-12-02 08:00:00+00:00,0.0,4.82,Inconnu,2592,3045,"48.839411108412875, 2.3948147032128397",8,1,0,48.839411108412875,2.3948147032128397
256,2026-01-02 17:00:00+00:00,362.0,45.80111,Saturé,154,153,"48.87015005989183, 2.3288941892980026",17,4,0,48.87015005989183,2.3288941892980026
5376,2025-04-03 20:00:00+00:00,3000.0,7.9,Fluide,955,2839,"48.9009780804202, 2.3584049527526894",20,3,0,48.9009780804202,2.3584049527526894
4841,2025-07-23 20:00:00+00:00,166.0,1.36333,Fluide,2578,2577,"48.841253112153154, 2.388181688278932",20,2,0,48.841253112153154,2.388181688278932
490,2025-10-09 20:00:00+00:00,608.0,4.49611,Fluide,292,291,"48.84585567819525, 2.36252635890252",20,3,0,48.84585567819525,2.36252635890252
4142,2025-11-04 23:00:00+00:00,1918.0,9.9,Fluide,977,3157,"48.8269009445859, 2.39035177500074",23,1,0,48.8269009445859,2.39035177500074
5916,2024-12-05 08:00:00+00:00,271.0,14.73278,Fluide,3074,766,"48.85159832656413, 2.406320911214207",8,3,0,48.85159832656413,2.406320911214207
4688,2025-01-06 08:00:00+00:00,185.0,4.82,Inconnu,2498,2497,"48.84983541210441, 2.385909000746452",8,0,0,48.84983541210441,2.385909000746452
5127,2025-02-12 15:00:00+00:00,175.7,4.82,Inconnu,2450,2417,"48.85738525112997, 2.2874723231102596",15,2,0,48.85738525112997,2.2874723231102596
4800,2025-03-10 17:00:00+00:00,266.0,1.37667,Fluide,520,2555,"48.836975994625014, 2.4028440496635777",17,0,0,48.836975994625014,2.4028440496635777
5370,2025-04-03 20:00:00+00:00,3000.0,8.75,Fluide,915,2838,"48.90086282635956, 2.3652928265234094",20,3,0,48.90086282635956,2.3652928265234094
5579,2025-05-09 11:00:00+00:00,39.0,8.49611,Fluide,2929,2930,"48.84666689054028, 2.3159119089844644",11,4,0,48.84666689054028,2.3159119089844644
5081,2025-06-05 01:00:00+00:00,76.0,0.20945,Fluide,2681,2682,"48.83100502776304, 2.3537207380368668",1,3,0,48.83100502776304,2.3537207380368668
4648,2025-07-23 15:00:00+00:00,485.0,4.52945,Fluide,2473,2474,"48.839337631522035, 2.2619162615834347",15,2,0,48.839337631522035,2.2619162615834347
1583,2025-09-02 09:00:00+00:00,327.0,8.00167,Fluide,839,840,"48.884261141356916, 2.3603827574135163",9,1,0,48.884261141356916,2.3603827574135163
4722,2025-11-04 17:00:00+00:00,285.0,3.58111,Fluide,2470,2519,"48.84108156310435, 2.2658225696152674",17,1,0,48.84108156310435,2.2658225696152674
4836,2025-12-02 00:00:00+00:00,51.0,0.51445,Fluide,2572,3045,"48.83995789461699, 2.39387813531224",0,1,0,48.83995789461699,2.39387813531224
256,2026-01-02 14:00:00+00:00,473.0,43.68667,Saturé,154,153,"48.87015005989183, 2.3288941892980026",14,4,0,48.87015005989183,2.3288941892980026
4699,2025-01-06 08:00:00+00:00,310.0,10.74833,Fluide,2505,2507,"48.847236019651454, 2.3852286217222964",8,0,0,48.847236019651454,2.3852286217222964
5376,2025-04-03 21:00:00+00:00,3000.0,9.95,Fluide,955,2839,"48.9009780804202, 2.3584049527526894",21,3,0,48.9009780804202,2.3584049527526894
5589,2025-05-09 11:00:00+00:00,180.0,12.47723,Fluide,2938,2929,"48.847640579038284, 2.3186330027638515",11,4,0,48.847640579038284,2.3186330027638515
4841,2025-07-23 17:00:00+00:00,164.0,1.45,Fluide,2578,2577,"48.841253112153154, 2.388181688278932",17,2,0,48.841253112153154,2.388181688278932
5914,2024-12-05 00:00:00+00:00,84.0,1.34,Fluide,3074,518,"48.84969731798469, 2.4063959487403945",0,3,0,48.84969731798469,2.4063959487403945
5127,2025-02-12 14:00:00+00:00,218.4,4.82,Inconnu,2450,2417,"48.85738525112997, 2.2874723231102596",14,2,0,48.85738525112997,2.2874723231102596
4800,2025-03-10 16:00:00+00:00,279.0,1.44722,Fluide,520,2555,"48.836975994625014, 2.4028440496635777",16,0,0,48.836975994625014,2.4028440496635777
5370,2025-04-03 21:00:00+00:00,3000.0,8.4,Fluide,915,2838,"48.90086282635956, 2.3652928265234094",21,3,0,48.90086282635956,2.3652928265234094
5595,2025-05-09 10:00:00+00:00,284.0,12.265,Fluide,2940,2931,"48.84543110594151, 2.3096332311820897",10,4,0,48.84543110594151,2.3096332311820897
5081,2025-06-05 02:00:00+00:00,59.0,0.17556,Fluide,2681,2682,"48.83100502776304, 2.3537207380368668",2,3,0,48.83100502776304,2.3537207380368668
4649,2025-07-23 22:00:00+00:00,560.0,4.82,Inconnu,2474,2475,"48.83856988993573, 2.2594006028234266",22,2,0,48.83856988993573,2.2594006028234266
1586,2025-09-02 09:00:00+00:00,202.0,3.51667,Fluide,842,841,"48.882081376275885, 2.3585720344824868",9,1,0,48.882081376275885,2.3585720344824868
5204,2025-10-10 18:00:00+00:00,119.0,90.85056,Bloqué,243,2743,"48.850453098638525, 2.3704323640578773",18,4,0,48.850453098638525,2.3704323640578773
4722,2025-11-04 18:00:00+00:00,280.0,3.995,Fluide,2470,2519,"48.84108156310435, 2.2658225696152674",18,1,0,48.84108156310435,2.2658225696152674
4836,2025-12-02 02:00:00+00:00,22.0,0.23222,Fluide,2572,3045,"48.83995789461699, 2.39387813531224",2,1,0,48.83995789461699,2.39387813531224
256,2026-01-02 09:00:00+00:00,318.0,4.07,Fluide,154,153,"48.87015005989183, 2.3288941892980026",9,4,0,48.87015005989183,2.3288941892980026
4701,2025-01-06 08:00:00+00:00,462.0,7.40945,Fluide,2507,2505,"48.84712311400605, 2.3852951171245316",8,0,0,48.84712311400605,2.3852951171245316
7055,2025-02-04 12:00:00+00:00,276.0,4.82,Inconnu,3659,3658,"48.88914620515727, 2.3022002836354747",12,1,0,48.88914620515727,2.3022002836354747
5377,2025-04-03 18:00:00+00:00,3000.0,9.35,Fluide,957,2840,"48.90081814801813, 2.3584028379931463",18,3,0,48.90081814801813,2.3584028379931463
4841,2025-07-23 16:00:00+00:00,159.0,1.56667,Fluide,2578,2577,"48.841253112153154, 2.388181688278932",16,2,0,48.841253112153154,2.388181688278932
211,2025-09-02 10:00:00+00:00,273.0,4.82,Inconnu,83,81,"48.84940513287903, 2.349407606395525",10,1,0,48.84940513287903,2.349407606395525
4867,2025-12-02 03:00:00+00:00,23.0,4.82,Inconnu,2592,3045,"48.839411108412875, 2.3948147032128397",3,1,0,48.839411108412875,2.3948147032128397
5914,2024-12-05 02:00:00+00:00,28.0,0.39,Fluide,3074,518,"48.84969731798469, 2.4063959487403945",2,3,0,48.84969731798469,2.4063959487403945
5127,2025-02-12 13:00:00+00:00,196.7,4.82,Inconnu,2450,2417,"48.85738525112997, 2.2874723231102596",13,2,0,48.85738525112997,2.2874723231102596
5595,2025-05-09 09:00:00+00:00,284.0,9.16166,Fluide,2940,2931,"48.84543110594151, 2.3096332311820897",9,4,0,48.84543110594151,2.3096332311820897
5081,2025-06-05 03:00:00+00:00,66.0,0.19722,Fluide,2681,2682,"48.83100502776304, 2.3537207380368668",3,3,0,48.83100502776304,2.3537207380368668
4649,2025-07-23 21:00:00+00:00,417.0,4.82,Inconnu,2474,2475,"48.83856988993573, 2.2594006028234266",21,2,0,48.83856988993573,2.2594006028234266
1587,2025-09-02 09:00:00+00:00,202.0,3.51667,Fluide,843,842,"48.88032753684453, 2.3576435574860675",9,1,0,48.88032753684453,2.3576435574860675
4722,2025-11-04 20:00:00+00:00,327.0,3.19611,Fluide,2470,2519,"48.84108156310435, 2.2658225696152674",20,1,0,48.84108156310435,2.2658225696152674
4836,2025-12-02 06:00:00+00:00,56.0,0.68944,Fluide,2572,3045,"48.83995789461699, 2.39387813531224",6,1,0,48.83995789461699,2.39387813531224
256,2026-01-02 08:00:00+00:00,252.0,2.92056,Fluide,154,153,"48.87015005989183, 2.3288941892980026",8,4,0,48.87015005989183,2.3288941892980026
4705,2025-01-06 08:00:00+00:00,503.0,10.49722,Fluide,2510,2505,"48.8475416689025, 2.3878833354309528",8,0,0,48.8475416689025,2.3878833354309528
4201,2025-02-04 13:00:00+00:00,94.0,1.32056,Fluide,2250,3658,"48.889845793638955, 2.3033181664717093",13,1,0,48.889845793638955,2.3033181664717093
5377,2025-04-03 20:00:00+00:00,3000.0,12.05,Fluide,957,2840,"48.90081814801813, 2.3584028379931463",20,3,0,48.90081814801813,2.3584028379931463
4841,2025-07-23 15:00:00+00:00,185.0,1.61056,Fluide,2578,2577,"48.841253112153154, 2.388181688278932",15,2,0,48.841253112153154,2.388181688278932
211,2025-09-02 11:00:00+00:00,282.0,4.82,Inconnu,83,81,"48.84940513287903, 2.349407606395525",11,1,0,48.84940513287903,2.349407606395525
4867,2025-12-02 04:00:00+00:00,28.0,4.82,Inconnu,2592,3045,"48.839411108412875, 2.3948147032128397",4,1,0,48.839411108412875,2.3948147032128397
5914,2024-12-05 03:00:00+00:00,25.0,0.355,Fluide,3074,518,"48.84969731798469, 2.4063959487403945",3,3,0,48.84969731798469,2.4063959487403945
4693,2025-01-06 08:00:00+00:00,185.0,3.38056,Fluide,2500,2502,"48.849100965767335, 2.390706113166016",8,0,0,48.849100965767335,2.390706113166016
5127,2025-02-12 12:00:00+00:00,161.7,4.82,Inconnu,2450,2417,"48.85738525112997, 2.2874723231102596",12,2,0,48.85738525112997,2.2874723231102596
5580,2025-05-09 12:00:00+00:00,26.0,0.08111,Fluide,2930,2931,"48.845535442222854, 2.3123666617232566",12,4,0,48.845535442222854,2.3123666617232566
5081,2025-06-05 04:00:00+00:00,206.0,0.67278,Fluide,2681,2682,"48.83100502776304, 2.3537207380368668",4,3,0,48.83100502776304,2.3537207380368668
4649,2025-07-23 17:00:00+00:00,595.0,4.82,Inconnu,2474,2475,"48.83856988993573, 2.2594006028234266",17,2,0,48.83856988993573,2.2594006028234266
1851,2025-08-05 02:00:00+00:00,40.0,0.38222,Fluide,2007,2006,"48.89772263940468, 2.3301963009527347",2,1,0,48.89772263940468,2.3301963009527347
1590,2025-09-02 09:00:00+00:00,382.0,10.38722,Fluide,845,843,"48.87866879791206, 2.356776237241113",9,1,0,48.87866879791206,2.356776237241113
5849,2025-10-10 18:00:00+00:00,371.0,7.31389,Fluide,2926,3035,"48.847730941318105, 2.3280403640456226",18,4,0,48.847730941318105,2.3280403640456226
4722,2025-11-04 22:00:00+00:00,133.0,1.20111,Fluide,2470,2519,"48.84108156310435, 2.2658225696152674",22,1,0,48.84108156310435,2.2658225696152674
4836,2025-12-02 07:00:00+00:00,125.0,1.40056,Fluide,2572,3045,"48.83995789461699, 2.39387813531224",7,1,0,48.83995789461699,2.39387813531224
256,2026-01-02 07:00:00+00:00,164.0,2.17445,Fluide,154,153,"48.87015005989183, 2.3288941892980026",7,4,0,48.87015005989183,2.3288941892980026
4706,2025-01-06 08:00:00+00:00,503.0,6.365,Fluide,2511,2510,"48.84775854870065, 2.389813203463752",8,0,0,48.84775854870065,2.389813203463752
4201,2025-02-04 12:00:00+00:00,126.0,1.74667,Fluide,2250,3658,"48.889845793638955, 2.3033181664717093",12,1,0,48.889845793638955,2.3033181664717093
5384,2025-04-03 15:00:00+00:00,3000.0,23.95,Pré-saturé,941,2841,"48.89868823220737, 2.393102826791801",15,3,0,48.89868823220737,2.393102826791801
4772,2025-06-04 22:00:00+00:00,94.0,1.04111,Fluide,2545,2544,"48.83952025077128, 2.3970876101915755",22,2,0,48.83952025077128,2.3970876101915755
4841,2025-07-23 14:00:00+00:00,193.0,1.82445,Fluide,2578,2577,"48.841253112153154, 2.388181688278932",14,2,0,48.841253112153154,2.388181688278932
1407,2025-08-26 10:00:00+00:00,21.0,30.605,Saturé,753,701,"48.863539638118866, 2.389892929234775",10,1,0,48.863539638118866,2.389892929234775
635,2025-09-02 10:00:00+00:00,432.0,4.90889,Fluide,372,82,"48.84735120928315, 2.351100815587209",10,1,0,48.84735120928315,2.351100815587209
4867,2025-12-02 06:00:00+00:00,74.0,4.82,Inconnu,2592,3045,"48.839411108412875, 2.3948147032128397",6,1,0,48.839411108412875,2.3948147032128397
5914,2024-12-05 06:00:00+00:00,109.0,1.78167,Fluide,3074,518,"48.84969731798469, 2.4063959487403945",6,3,0,48.84969731798469,2.4063959487403945
5127,2025-02-12 11:00:00+00:00,234.5,4.82,Inconnu,2450,2417,"48.85738525112997, 2.2874723231102596",11,2,0,48.85738525112997,2.2874723231102596
5580,2025-05-09 11:00:00+00:00,39.0,0.79389,Fluide,2930,2931,"48.845535442222854, 2.3123666617232566",11,4,0,48.845535442222854,2.3123666617232566
5081,2025-06-05 05:00:00+00:00,497.0,2.57056,Fluide,2681,2682,"48.83100502776304, 2.3537207380368668",5,3,0,48.83100502776304,2.3537207380368668
4649,2025-07-23 16:00:00+00:00,446.0,4.82,Inconnu,2474,2475,"48.83856988993573, 2.2594006028234266",16,2,0,48.83856988993573,2.2594006028234266
4014,2025-08-05 00:00:00+00:00,137.0,0.72389,Fluide,2006,2007,"48.897567218436734, 2.330129588738939",0,1,0,48.897567218436734,2.330129588738939
1589,2025-09-02 09:00:00+00:00,550.0,4.82,Inconnu,829,844,"48.87873901872034, 2.354946629933926",9,1,0,48.87873901872034,2.354946629933926
5850,2025-10-10 18:00:00+00:00,342.0,4.82,Inconnu,3035,2926,"48.84757680271481, 2.3278007112976464",18,4,0,48.84757680271481,2.3278007112976464
4738,2025-11-04 15:00:00+00:00,456.0,17.18222,Pré-saturé,3289,2524,"48.85098840968854, 2.391408796901131",15,1,0,48.85098840968854,2.391408796901131
4836,2025-12-02 08:00:00+00:00,188.0,2.16945,Fluide,2572,3045,"48.83995789461699, 2.39387813531224",8,1,0,48.83995789461699,2.39387813531224
256,2026-01-02 06:00:00+00:00,114.0,1.24667,Fluide,154,153,"48.87015005989183, 2.3288941892980026",6,4,0,48.87015005989183,2.3288941892980026
4709,2025-01-06 08:00:00+00:00,944.0,21.33778,Pré-saturé,2506,2408,"48.84712663461029, 2.274676611378065",8,0,0,48.84712663461029,2.274676611378065
4201,2025-02-04 10:00:00+00:00,138.0,2.21056,Fluide,2250,3658,"48.889845793638955, 2.3033181664717093",10,1,0,48.889845793638955,2.3033181664717093
5384,2025-04-03 16:00:00+00:00,3000.0,17.6,Pré-saturé,941,2841,"48.89868823220737, 2.393102826791801",16,3,0,48.89868823220737,2.393102826791801
5579,2025-05-09 12:00:00+00:00,26.0,9.36444,Fluide,2929,2930,"48.84666689054028, 2.3159119089844644",12,4,0,48.84666689054028,2.3159119089844644
4772,2025-06-04 20:00:00+00:00,139.0,1.84222,Fluide,2545,2544,"48.83952025077128, 2.3970876101915755",20,2,0,48.83952025077128,2.3970876101915755
4842,2025-07-23 18:00:00+00:00,261.0,3.055,Fluide,2579,3026,"48.84372968545961, 2.382547784553606",18,2,0,48.84372968545961,2.382547784553606
1407,2025-08-26 11:00:00+00:00,21.0,39.08889,Saturé,753,701,"48.863539638118866, 2.389892929234775",11,1,0,48.863539638118866,2.389892929234775
635,2025-09-02 11:00:00+00:00,386.0,4.34444,Fluide,372,82,"48.84735120928315, 2.351100815587209",11,1,0,48.84735120928315,2.351100815587209
4836,2025-12-02 01:00:00+00:00,26.0,0.32778,Fluide,2572,3045,"48.83995789461699, 2.39387813531224",1,1,0,48.83995789461699,2.39387813531224
4700,2025-01-06 08:00:00+00:00,327.0,4.82,Inconnu,3327,2508,"48.84258860568677, 2.2700905994753833",8,0,0,48.84258860568677,2.2700905994753833
4544,2025-02-12 16:00:00+00:00,320.0,1.12389,Fluide,2421,2420,"48.86557642596336, 2.27058360277721",16,2,0,48.86557642596336,2.27058360277721
5580,2025-05-09 10:00:00+00:00,52.0,0.26833,Fluide,2930,2931,"48.845535442222854, 2.3123666617232566",10,4,0,48.845535442222854,2.3123666617232566
4650,2025-07-23 21:00:00+00:00,129.0,2.31111,Fluide,2476,2473,"48.83830216517941, 2.261690527975635",21,2,0,48.83830216517941,2.261690527975635
4014,2025-08-05 01:00:00+00:00,94.0,0.57889,Fluide,2006,2007,"48.897567218436734, 2.330129588738939",1,1,0,48.897567218436734,2.330129588738939
1594,2025-09-02 09:00:00+00:00,327.0,0.58445,Fluide,840,847,"48.88423190614511, 2.3629543723004867",9,1,0,48.88423190614511,2.3629543723004867
5851,2025-10-10 18:00:00+00:00,476.0,5.27778,Fluide,3035,3042,"48.84910619392596, 2.3276331756430686",18,4,0,48.84910619392596,2.3276331756430686
4738,2025-11-04 17:00:00+00:00,474.0,9.135,Fluide,3289,2524,"48.85098840968854, 2.391408796901131",17,1,0,48.85098840968854,2.391408796901131
4710,2025-01-06 08:00:00+00:00,327.0,5.50056,Fluide,2508,2693,"48.84520744482963, 2.272610624716598",8,0,0,48.84520744482963,2.272610624716598
7069,2025-02-04 12:00:00+00:00,126.0,1.74667,Fluide,3658,3659,"48.88925864264979, 2.302077399036134",12,1,0,48.88925864264979,2.302077399036134
5384,2025-04-03 17:00:00+00:00,3000.0,24.65,Pré-saturé,941,2841,"48.89868823220737, 2.393102826791801",17,3,0,48.89868823220737,2.393102826791801
5579,2025-05-09 10:00:00+00:00,52.0,10.68389,Fluide,2929,2930,"48.84666689054028, 2.3159119089844644",10,4,0,48.84666689054028,2.3159119089844644
4772,2025-06-04 19:00:00+00:00,124.0,1.425,Fluide,2545,2544,"48.83952025077128, 2.3970876101915755",19,2,0,48.83952025077128,2.3970876101915755
4842,2025-07-23 17:00:00+00:00,275.0,3.59667,Fluide,2579,3026,"48.84372968545961, 2.382547784553606",17,2,0,48.84372968545961,2.382547784553606
212,2025-09-02 10:00:00+00:00,273.0,4.82,Inconnu,81,82,"48.848503264512395, 2.350075747138899",10,1,0,48.848503264512395,2.350075747138899
4836,2025-12-02 03:00:00+00:00,15.0,0.16778,Fluide,2572,3045,"48.83995789461699, 2.39387813531224",3,1,0,48.83995789461699,2.39387813531224
4702,2025-01-06 08:00:00+00:00,310.0,20.205,Pré-saturé,2507,2509,"48.84694397741691, 2.3827284637770485",8,0,0,48.84694397741691,2.3827284637770485
4544,2025-02-12 15:00:00+00:00,314.0,1.39222,Fluide,2421,2420,"48.86557642596336, 2.27058360277721",15,2,0,48.86557642596336,2.27058360277721
5580,2025-05-09 09:00:00+00:00,28.0,0.85556,Fluide,2930,2931,"48.845535442222854, 2.3123666617232566",9,4,0,48.845535442222854,2.3123666617232566
4650,2025-07-23 19:00:00+00:00,186.0,2.84722,Fluide,2476,2473,"48.83830216517941, 2.261690527975635",19,2,0,48.83830216517941,2.261690527975635
4014,2025-08-05 03:00:00+00:00,74.0,0.40389,Fluide,2006,2007,"48.897567218436734, 2.330129588738939",3,1,0,48.897567218436734,2.330129588738939
5853,2025-10-10 18:00:00+00:00,476.0,8.20722,Fluide,3042,202,"48.8507530399189, 2.327157679802296",18,4,0,48.8507530399189,2.327157679802296
4738,2025-11-04 20:00:00+00:00,381.0,5.525,Fluide,3289,2524,"48.85098840968854, 2.391408796901131",20,1,0,48.85098840968854,2.391408796901131
256,2026-01-02 02:00:00+00:00,90.0,0.97723,Fluide,154,153,"48.87015005989183, 2.3288941892980026",2,4,0,48.87015005989183,2.3288941892980026
4711,2025-01-06 08:00:00+00:00,503.0,4.82,Inconnu,2512,2511,"48.84820791529223, 2.3938365365336054",8,0,0,48.84820791529223,2.3938365365336054
7069,2025-02-04 10:00:00+00:00,138.0,2.21056,Fluide,3658,3659,"48.88925864264979, 2.302077399036134",10,1,0,48.88925864264979,2.302077399036134
5388,2025-04-03 15:00:00+00:00,3000.0,14.85,Fluide,788,2842,"48.88143611923031, 2.4027147272323033",15,3,0,48.88143611923031,2.4027147272323033
5579,2025-05-09 09:00:00+00:00,28.0,10.12,Fluide,2929,2930,"48.84666689054028, 2.3159119089844644",9,4,0,48.84666689054028,2.3159119089844644
4772,2025-06-04 15:00:00+00:00,156.0,2.76278,Fluide,2545,2544,"48.83952025077128, 2.3970876101915755",15,2,0,48.83952025077128,2.3970876101915755
4843,2025-07-23 21:00:00+00:00,119.0,3.21389,Fluide,3026,2579,"48.843812573208986, 2.3826424293292057",21,2,0,48.843812573208986,2.3826424293292057
1333,2025-08-26 11:00:00+00:00,163.0,4.82,Inconnu,726,702,"48.864499198699825, 2.3751764268392406",11,1,0,48.864499198699825,2.3751764268392406
212,2025-09-02 12:00:00+00:00,277.0,4.82,Inconnu,81,82,"48.848503264512395, 2.350075747138899",12,1,0,48.848503264512395,2.350075747138899
4836,2025-12-02 04:00:00+00:00,19.0,0.24834,Fluide,2572,3045,"48.83995789461699, 2.39387813531224",4,1,0,48.83995789461699,2.39387813531224
5124,2026-01-04 23:00:00+00:00,58.0,0.99889,Fluide,2253,2703,"48.83502836904792, 2.3763485871727865",23,6,1,48.83502836904792,2.3763485871727865
4703,2025-01-06 08:00:00+00:00,462.0,5.71944,Fluide,2509,2507,"48.84683024325015, 2.3827647565946206",8,0,0,48.84683024325015,2.3827647565946206
4544,2025-02-12 14:00:00+00:00,337.0,1.33778,Fluide,2421,2420,"48.86557642596336, 2.27058360277721",14,2,0,48.86557642596336,2.27058360277721
5376,2025-04-03 17:00:00+00:00,3000.0,28.8,Pré-saturé,955,2839,"48.9009780804202, 2.3584049527526894",17,3,0,48.9009780804202,2.3584049527526894
4650,2025-07-23 18:00:00+00:00,204.0,4.06333,Fluide,2476,2473,"48.83830216517941, 2.261690527975635",18,2,0,48.83830216517941,2.261690527975635
4014,2025-08-05 05:00:00+00:00,109.0,0.89611,Fluide,2006,2007,"48.897567218436734, 2.330129588738939",5,1,0,48.897567218436734,2.330129588738939
1636,2025-09-02 09:00:00+00:00,358.0,17.55333,Pré-saturé,867,859,"48.8910208983084, 2.349658304583901",9,1,0,48.8910208983084,2.349658304583901
4736,2025-11-04 16:00:00+00:00,357.0,7.67389,Fluide,2525,2524,"48.84963978662583, 2.393945254553237",16,1,0,48.84963978662583,2.393945254553237
256,2026-01-02 00:00:00+00:00,163.0,2.08778,Fluide,154,153,"48.87015005989183, 2.3288941892980026",0,4,0,48.87015005989183,2.3288941892980026
4715,2025-01-06 08:00:00+00:00,416.0,4.12889,Fluide,2401,2515,"48.84638682044582, 2.272541335778569",8,0,0,48.84638682044582,2.272541335778569
7070,2025-02-04 10:00:00+00:00,225.0,4.82,Inconnu,2254,3659,"48.8883713478622, 2.300580382274903",10,1,0,48.8883713478622,2.300580382274903
5388,2025-04-03 18:00:00+00:00,3000.0,29.25,Pré-saturé,788,2842,"48.88143611923031, 2.4027147272323033",18,3,0,48.88143611923031,2.4027147272323033
5595,2025-05-09 12:00:00+00:00,269.0,9.21111,Fluide,2940,2931,"48.84543110594151, 2.3096332311820897",12,4,0,48.84543110594151,2.3096332311820897
4843,2025-07-23 20:00:00+00:00,163.0,2.65278,Fluide,3026,2579,"48.843812573208986, 2.3826424293292057",20,2,0,48.843812573208986,2.3826424293292057
1411,2025-08-26 10:00:00+00:00,21.0,0.965,Fluide,719,704,"48.86497465951383, 2.396373256417298",10,1,0,48.86497465951383,2.396373256417298
100,2025-09-02 10:00:00+00:00,432.0,1.20278,Fluide,81,83,"48.849398325253325, 2.349549935080235",10,1,0,48.849398325253325,2.349549935080235
4836,2025-12-02 05:00:00+00:00,20.0,0.22944,Fluide,2572,3045,"48.83995789461699, 2.39387813531224",5,1,0,48.83995789461699,2.39387813531224
5124,2026-01-04 22:00:00+00:00,74.0,1.09444,Fluide,2253,2703,"48.83502836904792, 2.3763485871727865",22,6,1,48.83502836904792,2.3763485871727865
4544,2025-02-12 12:00:00+00:00,373.0,1.18167,Fluide,2421,2420,"48.86557642596336, 2.27058360277721",12,2,0,48.86557642596336,2.27058360277721
5376,2025-04-03 19:00:00+00:00,3000.0,9.45,Fluide,955,2839,"48.9009780804202, 2.3584049527526894",19,3,0,48.9009780804202,2.3584049527526894
5581,2025-05-09 10:00:00+00:00,566.0,4.82,Inconnu,2931,2932,"48.844355857651436, 2.308521034440683",10,4,0,48.844355857651436,2.308521034440683
4650,2025-07-23 16:00:00+00:00,209.0,3.35444,Fluide,2476,2473,"48.83830216517941, 2.261690527975635",16,2,0,48.83830216517941,2.261690527975635
4014,2025-08-05 06:00:00+00:00,154.0,1.11111,Fluide,2006,2007,"48.897567218436734, 2.330129588738939",6,1,0,48.897567218436734,2.330129588738939
1629,2025-09-02 09:00:00+00:00,310.0,46.97111,Saturé,864,863,"48.88690154353188, 2.3494751921659285",9,1,0,48.88690154353188,2.3494751921659285
4736,2025-11-04 17:00:00+00:00,313.0,6.77222,Fluide,2525,2524,"48.84963978662583, 2.393945254553237",17,1,0,48.84963978662583,2.393945254553237
4718,2025-01-06 08:00:00+00:00,416.0,3.97778,Fluide,2515,2517,"48.844066386764055, 2.270179888038962",8,0,0,48.844066386764055,2.270179888038962
5388,2025-04-03 19:00:00+00:00,3000.0,11.95,Fluide,788,2842,"48.88143611923031, 2.4027147272323033",19,3,0,48.88143611923031,2.4027147272323033
5595,2025-05-09 11:00:00+00:00,284.0,10.34889,Fluide,2940,2931,"48.84543110594151, 2.3096332311820897",11,4,0,48.84543110594151,2.3096332311820897
4843,2025-07-23 19:00:00+00:00,228.0,3.50389,Fluide,3026,2579,"48.843812573208986, 2.3826424293292057",19,2,0,48.843812573208986,2.3826424293292057
1411,2025-08-26 11:00:00+00:00,21.0,1.39111,Fluide,719,704,"48.86497465951383, 2.396373256417298",11,1,0,48.86497465951383,2.396373256417298
5124,2026-01-04 21:00:00+00:00,81.0,1.18167,Fluide,2253,2703,"48.83502836904792, 2.3763485871727865",21,6,1,48.83502836904792,2.3763485871727865
5924,2024-12-05 01:00:00+00:00,91.0,2.48778,Fluide,3077,3078,"48.863196030069155, 2.2839111225254483",1,3,0,48.863196030069155,2.2839111225254483
4544,2025-02-12 11:00:00+00:00,317.0,1.125,Fluide,2421,2420,"48.86557642596336, 2.27058360277721",11,2,0,48.86557642596336,2.27058360277721
5376,2025-04-03 22:00:00+00:00,3000.0,8.65,Fluide,955,2839,"48.9009780804202, 2.3584049527526894",22,3,0,48.9009780804202,2.3584049527526894
5581,2025-05-09 09:00:00+00:00,627.0,4.82,Inconnu,2931,2932,"48.844355857651436, 2.308521034440683",9,4,0,48.844355857651436,2.308521034440683
4652,2025-07-23 19:00:00+00:00,202.0,5.47278,Fluide,2454,2477,"48.83924385408542, 2.256514232760037",19,2,0,48.83924385408542,2.256514232760037
1849,2025-08-05 00:00:00+00:00,68.0,0.43389,Fluide,2005,2007,"48.89777387556467, 2.332412236546485",0,1,0,48.89777387556467,2.332412236546485
1626,2025-09-02 09:00:00+00:00,384.0,1.09222,Fluide,834,863,"48.884667493369705, 2.3495466291706064",9,1,0,48.884667493369705,2.3495466291706064
5866,2025-10-10 18:00:00+00:00,467.0,3.28945,Fluide,3044,2591,"48.83974634621555, 2.3839182079892245",18,4,0,48.83974634621555,2.3839182079892245
4736,2025-11-04 19:00:00+00:00,266.0,7.18722,Fluide,2525,2524,"48.84963978662583, 2.393945254553237",19,1,0,48.84963978662583,2.393945254553237
4721,2025-01-06 08:00:00+00:00,416.0,4.82,Inconnu,2519,2470,"48.841243384968124, 2.265818193258605",8,0,0,48.841243384968124,2.265818193258605
5388,2025-04-03 20:00:00+00:00,3000.0,11.8,Fluide,788,2842,"48.88143611923031, 2.4027147272323033",20,3,0,48.88143611923031,2.4027147272323033
4843,2025-07-23 18:00:00+00:00,330.0,5.13778,Fluide,3026,2579,"48.843812573208986, 2.3826424293292057",18,2,0,48.843812573208986,2.3826424293292057
5124,2026-01-04 19:00:00+00:00,228.0,3.10056,Fluide,2253,2703,"48.83502836904792, 2.3763485871727865",19,6,1,48.83502836904792,2.3763485871727865
5924,2024-12-05 03:00:00+00:00,23.0,0.51,Fluide,3077,3078,"48.863196030069155, 2.2839111225254483",3,3,0,48.863196030069155,2.2839111225254483
5377,2025-04-03 15:00:00+00:00,3000.0,8.45,Fluide,957,2840,"48.90081814801813, 2.3584028379931463",15,3,0,48.90081814801813,2.3584028379931463
5582,2025-05-09 12:00:00+00:00,454.0,4.82,Inconnu,2932,2933,"48.843172234909545, 2.3045152748082116",12,4,0,48.843172234909545,2.3045152748082116
4652,2025-07-23 17:00:00+00:00,306.0,5.93945,Fluide,2454,2477,"48.83924385408542, 2.256514232760037",17,2,0,48.83924385408542,2.256514232760037
1849,2025-08-05 03:00:00+00:00,34.0,0.22945,Fluide,2005,2007,"48.89777387556467, 2.332412236546485",3,1,0,48.89777387556467,2.332412236546485
1633,2025-09-02 09:00:00+00:00,517.0,34.98223,Saturé,866,865,"48.88892324862679, 2.349498007390421",9,1,0,48.88892324862679,2.349498007390421
5872,2025-10-10 18:00:00+00:00,460.0,4.01944,Fluide,928,3048,"48.89882236803827, 2.3734861820251627",18,4,0,48.89882236803827,2.3734861820251627
4736,2025-11-04 20:00:00+00:00,339.0,7.48445,Fluide,2525,2524,"48.84963978662583, 2.393945254553237",20,1,0,48.84963978662583,2.393945254553237
4722,2025-01-06 08:00:00+00:00,305.0,2.97833,Fluide,2470,2519,"48.84108156310435, 2.2658225696152674",8,0,0,48.84108156310435,2.2658225696152674
5388,2025-04-03 21:00:00+00:00,3000.0,10.3,Fluide,788,2842,"48.88143611923031, 2.4027147272323033",21,3,0,48.88143611923031,2.4027147272323033
4843,2025-07-23 16:00:00+00:00,386.0,4.82389,Fluide,3026,2579,"48.843812573208986, 2.3826424293292057",16,2,0,48.843812573208986,2.3826424293292057
5868,2025-12-02 03:00:00+00:00,27.0,0.09333,Fluide,520,3046,"48.83620238369499, 2.4044924142456727",3,1,0,48.83620238369499,2.4044924142456727
5124,2026-01-04 16:00:00+00:00,248.0,4.12945,Fluide,2253,2703,"48.83502836904792, 2.3763485871727865",16,6,1,48.83502836904792,2.3763485871727865
5924,2024-12-05 04:00:00+00:00,37.0,0.57778,Fluide,3077,3078,"48.863196030069155, 2.2839111225254483",4,3,0,48.863196030069155,2.2839111225254483
4534,2025-02-12 17:00:00+00:00,570.0,0.77667,Fluide,2410,2420,"48.863793259978145, 2.269311416873353",17,2,0,48.863793259978145,2.269311416873353
5377,2025-04-03 16:00:00+00:00,3000.0,8.45,Fluide,957,2840,"48.90081814801813, 2.3584028379931463",16,3,0,48.90081814801813,2.3584028379931463
5582,2025-05-09 11:00:00+00:00,523.0,4.82,Inconnu,2932,2933,"48.843172234909545, 2.3045152748082116",11,4,0,48.843172234909545,2.3045152748082116
4652,2025-07-23 16:00:00+00:00,284.0,9.19945,Fluide,2454,2477,"48.83924385408542, 2.256514232760037",16,2,0,48.83924385408542,2.256514232760037
1849,2025-08-05 04:00:00+00:00,35.0,0.29111,Fluide,2005,2007,"48.89777387556467, 2.332412236546485",4,1,0,48.89777387556467,2.332412236546485
1635,2025-09-02 09:00:00+00:00,517.0,14.46389,Fluide,867,866,"48.8900169249291, 2.3495060215553645",9,1,0,48.8900169249291,2.3495060215553645
5873,2025-10-10 18:00:00+00:00,583.0,6.14278,Fluide,164,2469,"48.86496171530494, 2.311933487170441",18,4,0,48.86496171530494,2.311933487170441
4735,2025-11-04 15:00:00+00:00,456.0,32.945,Saturé,2524,2525,"48.84956140744161, 2.3937739035265966",15,1,0,48.84956140744161,2.3937739035265966
4723,2025-01-06 08:00:00+00:00,305.0,2.97833,Fluide,2519,2517,"48.84208424261771, 2.267801220950777",8,0,0,48.84208424261771,2.267801220950777
4844,2025-07-23 19:00:00+00:00,435.0,36.63944,Saturé,2580,2581,"48.887455517678035, 2.3877553012294106",19,2,0,48.887455517678035,2.3877553012294106
1431,2025-08-26 11:00:00+00:00,56.0,3.83611,Fluide,759,707,"48.86587475863092, 2.40871854403877",11,1,0,48.86587475863092,2.40871854403877
5124,2026-01-04 13:00:00+00:00,197.0,2.43667,Fluide,2253,2703,"48.83502836904792, 2.3763485871727865",13,6,1,48.83502836904792,2.3763485871727865
5924,2024-12-05 06:00:00+00:00,292.0,4.06056,Fluide,3077,3078,"48.863196030069155, 2.2839111225254483",6,3,0,48.863196030069155,2.2839111225254483
4714,2025-01-06 08:00:00+00:00,387.0,3.30389,Fluide,2401,2398,"48.84804612493832, 2.2744499450918525",8,0,0,48.84804612493832,2.2744499450918525
5377,2025-04-03 17:00:00+00:00,3000.0,9.2,Fluide,957,2840,"48.90081814801813, 2.3584028379931463",17,3,0,48.90081814801813,2.3584028379931463
5583,2025-05-09 10:00:00+00:00,566.0,4.82,Inconnu,2933,2934,"48.84232274416455, 2.3016462641490008",10,4,0,48.84232274416455,2.3016462641490008
4652,2025-07-23 15:00:00+00:00,248.0,6.49889,Fluide,2454,2477,"48.83924385408542, 2.256514232760037",15,2,0,48.83924385408542,2.256514232760037
1849,2025-08-05 05:00:00+00:00,86.0,0.57611,Fluide,2005,2007,"48.89777387556467, 2.332412236546485",5,1,0,48.89777387556467,2.332412236546485
1632,2025-09-02 09:00:00+00:00,358.0,6.55833,Fluide,865,866,"48.88892473869973, 2.349647322416861",9,1,0,48.88892473869973,2.349647322416861
5877,2025-10-10 18:00:00+00:00,292.0,4.82,Inconnu,3050,3052,"48.83873806344009, 2.357770481234704",18,4,0,48.83873806344009,2.357770481234704
4735,2025-11-04 16:00:00+00:00,504.0,25.68389,Pré-saturé,2524,2525,"48.84956140744161, 2.3937739035265966",16,1,0,48.84956140744161,2.3937739035265966
5868,2025-12-02 00:00:00+00:00,39.0,0.14444,Fluide,520,3046,"48.83620238369499, 2.4044924142456727",0,1,0,48.83620238369499,2.4044924142456727
4730,2025-01-06 08:00:00+00:00,618.0,9.345,Fluide,2401,2387,"48.846017373400386, 2.2770820655040804",8,0,0,48.846017373400386,2.2770820655040804
5581,2025-05-09 12:00:00+00:00,454.0,4.82,Inconnu,2931,2932,"48.844355857651436, 2.308521034440683",12,4,0,48.844355857651436,2.308521034440683
4844,2025-07-23 17:00:00+00:00,452.0,37.36444,Saturé,2580,2581,"48.887455517678035, 2.3877553012294106",17,2,0,48.887455517678035,2.3877553012294106
5868,2025-12-02 08:00:00+00:00,159.0,0.41111,Fluide,520,3046,"48.83620238369499, 2.4044924142456727",8,1,0,48.83620238369499,2.4044924142456727
5124,2026-01-04 12:00:00+00:00,212.0,2.76611,Fluide,2253,2703,"48.83502836904792, 2.3763485871727865",12,6,1,48.83502836904792,2.3763485871727865
5924,2024-12-05 08:00:00+00:00,712.0,36.34889,Saturé,3077,3078,"48.863196030069155, 2.2839111225254483",8,3,0,48.863196030069155,2.2839111225254483
4717,2025-01-06 08:00:00+00:00,305.0,10.77389,Fluide,2515,2401,"48.8462786192296, 2.2726666742368704",8,0,0,48.8462786192296,2.2726666742368704
4534,2025-02-12 16:00:00+00:00,362.0,0.84722,Fluide,2410,2420,"48.863793259978145, 2.269311416873353",16,2,0,48.863793259978145,2.269311416873353
5377,2025-04-03 19:00:00+00:00,3000.0,8.3,Fluide,957,2840,"48.90081814801813, 2.3584028379931463",19,3,0,48.90081814801813,2.3584028379931463
5584,2025-05-09 12:00:00+00:00,454.0,1.62334,Fluide,2934,2935,"48.841785357553135, 2.2998494920306953",12,4,0,48.841785357553135,2.2998494920306953
4652,2025-07-23 14:00:00+00:00,233.0,5.585,Fluide,2454,2477,"48.83924385408542, 2.256514232760037",14,2,0,48.83924385408542,2.256514232760037
6710,2025-10-10 18:00:00+00:00,245.0,1.88723,Fluide,499,500,"48.82884751204656, 2.389058336035785",18,4,0,48.82884751204656,2.389058336035785
4735,2025-11-04 17:00:00+00:00,474.0,18.21111,Pré-saturé,2524,2525,"48.84956140744161, 2.3937739035265966",17,1,0,48.84956140744161,2.3937739035265966
5868,2025-12-02 01:00:00+00:00,20.0,0.04389,Fluide,520,3046,"48.83620238369499, 2.4044924142456727",1,1,0,48.83620238369499,2.4044924142456727
5581,2025-05-09 11:00:00+00:00,523.0,4.82,Inconnu,2931,2932,"48.844355857651436, 2.308521034440683",11,4,0,48.844355857651436,2.308521034440683
4798,2025-06-04 22:00:00+00:00,125.0,4.82,Inconnu,3191,2545,"48.83893493256619, 2.39746956736164",22,2,0,48.83893493256619,2.39746956736164
4844,2025-07-23 16:00:00+00:00,396.0,60.65056,Bloqué,2580,2581,"48.887455517678035, 2.3877553012294106",16,2,0,48.887455517678035,2.3877553012294106
4507,2025-12-02 01:00:00+00:00,32.0,4.82,Inconnu,2403,3047,"48.84850677734933, 2.27578879203503",1,1,0,48.84850677734933,2.27578879203503
5124,2026-01-04 11:00:00+00:00,294.0,4.28278,Fluide,2253,2703,"48.83502836904792, 2.3763485871727865",11,6,1,48.83502836904792,2.3763485871727865
4720,2025-01-06 08:00:00+00:00,416.0,7.67722,Fluide,2517,2519,"48.842158227214426, 2.2676407752641303",8,0,0,48.842158227214426,2.2676407752641303
4805,2025-03-10 21:00:00+00:00,196.0,1.45111,Fluide,2541,2560,"48.83770631948015, 2.3512875916189055",21,0,0,48.83770631948015,2.3512875916189055
5377,2025-04-03 21:00:00+00:00,3000.0,9.9,Fluide,957,2840,"48.90081814801813, 2.3584028379931463",21,3,0,48.90081814801813,2.3584028379931463
5584,2025-05-09 10:00:00+00:00,566.0,2.29722,Fluide,2934,2935,"48.841785357553135, 2.2998494920306953",10,4,0,48.841785357553135,2.2998494920306953
4653,2025-07-23 22:00:00+00:00,276.0,4.82,Inconnu,2477,2454,"48.839259405492186, 2.256716307180369",22,2,0,48.839259405492186,2.256716307180369
6711,2025-10-10 18:00:00+00:00,385.0,0.89167,Fluide,510,3476,"48.838510947685215, 2.4083628479886956",18,4,0,48.838510947685215,2.4083628479886956
4735,2025-11-04 18:00:00+00:00,433.0,11.69278,Fluide,2524,2525,"48.84956140744161, 2.3937739035265966",18,1,0,48.84956140744161,2.3937739035265966
5868,2025-12-02 02:00:00+00:00,17.0,0.06222,Fluide,520,3046,"48.83620238369499, 2.4044924142456727",2,1,0,48.83620238369499,2.4044924142456727
4735,2025-01-06 08:00:00+00:00,326.0,12.90389,Fluide,2524,2525,"48.84956140744161, 2.3937739035265966",8,0,0,48.84956140744161,2.3937739035265966
5582,2025-05-09 10:00:00+00:00,566.0,4.82,Inconnu,2932,2933,"48.843172234909545, 2.3045152748082116",10,4,0,48.843172234909545,2.3045152748082116
4798,2025-06-04 16:00:00+00:00,187.0,4.82,Inconnu,3191,2545,"48.83893493256619, 2.39746956736164",16,2,0,48.83893493256619,2.39746956736164
4844,2025-07-23 15:00:00+00:00,393.0,57.35833,Bloqué,2580,2581,"48.887455517678035, 2.3877553012294106",15,2,0,48.887455517678035,2.3877553012294106
1331,2025-08-26 10:00:00+00:00,164.0,3.54222,Fluide,702,711,"48.866099535409, 2.373992147402106",10,1,0,48.866099535409,2.373992147402106
6096,2025-11-04 17:00:00+00:00,334.0,3.2,Fluide,2827,3160,"48.86413465985492, 2.413901213118491",17,1,0,48.86413465985492,2.413901213118491
4507,2025-12-02 04:00:00+00:00,7.0,4.82,Inconnu,2403,3047,"48.84850677734933, 2.27578879203503",4,1,0,48.84850677734933,2.27578879203503
5124,2026-01-04 08:00:00+00:00,52.0,0.79945,Fluide,2253,2703,"48.83502836904792, 2.3763485871727865",8,6,1,48.83502836904792,2.3763485871727865
4724,2025-01-06 08:00:00+00:00,305.0,2.97833,Fluide,2517,2515,"48.84394833535562, 2.2702852275358882",8,0,0,48.84394833535562,2.2702852275358882
4534,2025-02-12 14:00:00+00:00,322.0,0.90056,Fluide,2410,2420,"48.863793259978145, 2.269311416873353",14,2,0,48.863793259978145,2.269311416873353
4805,2025-03-10 18:00:00+00:00,234.0,2.495,Fluide,2541,2560,"48.83770631948015, 2.3512875916189055",18,0,0,48.83770631948015,2.3512875916189055
5377,2025-04-03 22:00:00+00:00,3000.0,9.3,Fluide,957,2840,"48.90081814801813, 2.3584028379931463",22,3,0,48.90081814801813,2.3584028379931463
5585,2025-05-09 12:00:00+00:00,454.0,1.62334,Fluide,2935,2936,"48.84100517477755, 2.2973932189364996",12,4,0,48.84100517477755,2.2973932189364996
4653,2025-07-23 20:00:00+00:00,100.0,4.82,Inconnu,2477,2454,"48.839259405492186, 2.256716307180369",20,2,0,48.839259405492186,2.256716307180369
4735,2025-11-04 21:00:00+00:00,233.0,4.54722,Fluide,2524,2525,"48.84956140744161, 2.3937739035265966",21,1,0,48.84956140744161,2.3937739035265966
5868,2025-12-02 04:00:00+00:00,28.0,0.05556,Fluide,520,3046,"48.83620238369499, 2.4044924142456727",4,1,0,48.83620238369499,2.4044924142456727
4736,2025-01-06 08:00:00+00:00,493.0,11.91778,Fluide,2525,2524,"48.84963978662583, 2.393945254553237",8,0,0,48.84963978662583,2.393945254553237
1109,2025-03-11 09:00:00+00:00,875.0,4.82,Inconnu,617,616,"48.83389274439757, 2.276936858467277",9,1,0,48.83389274439757,2.276936858467277
5405,2025-04-03 15:00:00+00:00,3000.0,19.2,Pré-saturé,2082,2849,"48.9003948783181, 2.322057997228478",15,3,0,48.9003948783181,2.322057997228478
5582,2025-05-09 09:00:00+00:00,627.0,4.82,Inconnu,2932,2933,"48.843172234909545, 2.3045152748082116",9,4,0,48.843172234909545,2.3045152748082116
4845,2025-07-23 22:00:00+00:00,153.0,2.54,Fluide,2579,2661,"48.84482801628084, 2.380555471987928",22,2,0,48.84482801628084,2.380555471987928
1331,2025-08-26 11:00:00+00:00,168.0,4.63056,Fluide,702,711,"48.866099535409, 2.373992147402106",11,1,0,48.866099535409,2.373992147402106
493,2025-10-09 13:00:00+00:00,188.0,6.04222,Fluide,294,293,"48.84363961464847, 2.3656555500136944",13,3,0,48.84363961464847,2.3656555500136944
6096,2025-11-04 21:00:00+00:00,436.0,6.2,Fluide,2827,3160,"48.86413465985492, 2.413901213118491",21,1,0,48.86413465985492,2.413901213118491
4507,2025-12-02 07:00:00+00:00,219.0,4.82,Inconnu,2403,3047,"48.84850677734933, 2.27578879203503",7,1,0,48.84850677734933,2.27578879203503
5124,2026-01-04 07:00:00+00:00,52.0,0.84167,Fluide,2253,2703,"48.83502836904792, 2.3763485871727865",7,6,1,48.83502836904792,2.3763485871727865
4542,2025-02-12 14:00:00+00:00,337.0,2.345,Fluide,2422,2421,"48.867703083346534, 2.272388791542526",14,2,0,48.867703083346534,2.272388791542526
4805,2025-03-10 17:00:00+00:00,259.0,2.44389,Fluide,2541,2560,"48.83770631948015, 2.3512875916189055",17,0,0,48.83770631948015,2.3512875916189055
5384,2025-04-03 18:00:00+00:00,3000.0,18.7,Pré-saturé,941,2841,"48.89868823220737, 2.393102826791801",18,3,0,48.89868823220737,2.393102826791801
5585,2025-05-09 11:00:00+00:00,523.0,6.40778,Fluide,2935,2936,"48.84100517477755, 2.2973932189364996",11,4,0,48.84100517477755,2.2973932189364996
4653,2025-07-23 19:00:00+00:00,138.0,4.82,Inconnu,2477,2454,"48.839259405492186, 2.256716307180369",19,2,0,48.839259405492186,2.256716307180369
1852,2025-08-05 02:00:00+00:00,144.0,4.82,Inconnu,2006,2009,"48.89838243914453, 2.329395341751849",2,1,0,48.89838243914453,2.329395341751849
4735,2025-11-04 22:00:00+00:00,233.0,4.43222,Fluide,2524,2525,"48.84956140744161, 2.3937739035265966",22,1,0,48.84956140744161,2.3937739035265966
5868,2025-12-02 05:00:00+00:00,25.0,0.04889,Fluide,520,3046,"48.83620238369499, 2.4044924142456727",5,1,0,48.83620238369499,2.4044924142456727
1109,2025-03-11 07:00:00+00:00,781.0,4.82,Inconnu,617,616,"48.83389274439757, 2.276936858467277",7,1,0,48.83389274439757,2.276936858467277
5405,2025-04-03 17:00:00+00:00,3000.0,24.6,Pré-saturé,2082,2849,"48.9003948783181, 2.322057997228478",17,3,0,48.9003948783181,2.322057997228478
5583,2025-05-09 12:00:00+00:00,454.0,4.82,Inconnu,2933,2934,"48.84232274416455, 2.3016462641490008",12,4,0,48.84232274416455,2.3016462641490008
4845,2025-07-23 20:00:00+00:00,200.0,3.64222,Fluide,2579,2661,"48.84482801628084, 2.380555471987928",20,2,0,48.84482801628084,2.380555471987928
493,2025-10-09 17:00:00+00:00,191.0,8.06834,Fluide,294,293,"48.84363961464847, 2.3656555500136944",17,3,0,48.84363961464847,2.3656555500136944
4507,2025-12-02 08:00:00+00:00,363.0,4.82,Inconnu,2403,3047,"48.84850677734933, 2.27578879203503",8,1,0,48.84850677734933,2.27578879203503
5124,2026-01-04 03:00:00+00:00,47.0,0.84445,Fluide,2253,2703,"48.83502836904792, 2.3763485871727865",3,6,1,48.83502836904792,2.3763485871727865
4542,2025-02-12 13:00:00+00:00,320.0,2.07111,Fluide,2422,2421,"48.867703083346534, 2.272388791542526",13,2,0,48.867703083346534,2.272388791542526
5384,2025-04-03 19:00:00+00:00,3000.0,14.75,Fluide,941,2841,"48.89868823220737, 2.393102826791801",19,3,0,48.89868823220737,2.393102826791801
5585,2025-05-09 10:00:00+00:00,566.0,2.29722,Fluide,2935,2936,"48.84100517477755, 2.2973932189364996",10,4,0,48.84100517477755,2.2973932189364996
4653,2025-07-23 18:00:00+00:00,149.0,4.82,Inconnu,2477,2454,"48.839259405492186, 2.256716307180369",18,2,0,48.839259405492186,2.256716307180369
1852,2025-08-05 03:00:00+00:00,141.0,4.82,Inconnu,2006,2009,"48.89838243914453, 2.329395341751849",3,1,0,48.89838243914453,2.329395341751849
6715,2025-10-10 18:00:00+00:00,145.0,4.82,Inconnu,3478,516,"48.85202026773289, 2.410777863746498",18,4,0,48.85202026773289,2.410777863746498
5868,2025-12-02 06:00:00+00:00,51.0,0.13834,Fluide,520,3046,"48.83620238369499, 2.4044924142456727",6,1,0,48.83620238369499,2.4044924142456727
1109,2025-03-11 02:00:00+00:00,100.0,4.82,Inconnu,617,616,"48.83389274439757, 2.276936858467277",2,1,0,48.83389274439757,2.276936858467277
5405,2025-04-03 18:00:00+00:00,3000.0,18.95,Pré-saturé,2082,2849,"48.9003948783181, 2.322057997228478",18,3,0,48.9003948783181,2.322057997228478
5583,2025-05-09 11:00:00+00:00,523.0,4.82,Inconnu,2933,2934,"48.84232274416455, 2.3016462641490008",11,4,0,48.84232274416455,2.3016462641490008
4845,2025-07-23 19:00:00+00:00,265.0,5.14722,Fluide,2579,2661,"48.84482801628084, 2.380555471987928",19,2,0,48.84482801628084,2.380555471987928
1341,2025-08-26 10:00:00+00:00,217.0,5.94444,Fluide,716,712,"48.866062231632796, 2.370124271624222",10,1,0,48.866062231632796,2.370124271624222
493,2025-10-09 19:00:00+00:00,133.0,4.27389,Fluide,294,293,"48.84363961464847, 2.3656555500136944",19,3,0,48.84363961464847,2.3656555500136944
5872,2025-12-02 00:00:00+00:00,99.0,0.66278,Fluide,928,3048,"48.89882236803827, 2.3734861820251627",0,1,0,48.89882236803827,2.3734861820251627
5124,2026-01-04 01:00:00+00:00,89.0,1.52111,Fluide,2253,2703,"48.83502836904792, 2.3763485871727865",1,6,1,48.83502836904792,2.3763485871727865
4542,2025-02-12 12:00:00+00:00,373.0,2.27445,Fluide,2422,2421,"48.867703083346534, 2.272388791542526",12,2,0,48.867703083346534,2.272388791542526
4810,2025-03-10 23:00:00+00:00,99.0,1.66778,Fluide,2560,2565,"48.83921118500681, 2.3510397960535245",23,0,0,48.83921118500681,2.3510397960535245
5384,2025-04-03 20:00:00+00:00,3000.0,12.05,Fluide,941,2841,"48.89868823220737, 2.393102826791801",20,3,0,48.89868823220737,2.393102826791801
5585,2025-05-09 09:00:00+00:00,627.0,2.43834,Fluide,2935,2936,"48.84100517477755, 2.2973932189364996",9,4,0,48.84100517477755,2.2973932189364996
4653,2025-07-23 16:00:00+00:00,194.0,4.82,Inconnu,2477,2454,"48.839259405492186, 2.256716307180369",16,2,0,48.839259405492186,2.256716307180369
1852,2025-08-05 06:00:00+00:00,588.0,4.82,Inconnu,2006,2009,"48.89838243914453, 2.329395341751849",6,1,0,48.89838243914453,2.329395341751849
6716,2025-10-10 18:00:00+00:00,63.0,1.655,Fluide,3479,734,"48.87479438202579, 2.408048165040043",18,4,0,48.87479438202579,2.408048165040043
4507,2025-12-02 00:00:00+00:00,56.0,4.82,Inconnu,2403,3047,"48.84850677734933, 2.27578879203503",0,1,0,48.84850677734933,2.27578879203503
4750,2025-01-06 08:00:00+00:00,282.0,4.21722,Fluide,2527,2534,"48.85078094676716, 2.3983770384952106",8,0,0,48.85078094676716,2.3983770384952106
1109,2025-03-11 01:00:00+00:00,138.0,4.82,Inconnu,617,616,"48.83389274439757, 2.276936858467277",1,1,0,48.83389274439757,2.276936858467277
5405,2025-04-03 20:00:00+00:00,3000.0,9.15,Fluide,2082,2849,"48.9003948783181, 2.322057997228478",20,3,0,48.9003948783181,2.322057997228478
5583,2025-05-09 09:00:00+00:00,627.0,4.82,Inconnu,2933,2934,"48.84232274416455, 2.3016462641490008",9,4,0,48.84232274416455,2.3016462641490008
4845,2025-07-23 17:00:00+00:00,267.0,4.81445,Fluide,2579,2661,"48.84482801628084, 2.380555471987928",17,2,0,48.84482801628084,2.380555471987928
1341,2025-08-26 11:00:00+00:00,195.0,5.21444,Fluide,716,712,"48.866062231632796, 2.370124271624222",11,1,0,48.866062231632796,2.370124271624222
493,2025-10-09 20:00:00+00:00,113.0,3.49778,Fluide,294,293,"48.84363961464847, 2.3656555500136944",20,3,0,48.84363961464847,2.3656555500136944
5872,2025-12-02 01:00:00+00:00,96.0,0.59556,Fluide,928,3048,"48.89882236803827, 2.3734861820251627",1,1,0,48.89882236803827,2.3734861820251627
5137,2026-01-04 23:00:00+00:00,75.0,1.31556,Fluide,900,2703,"48.836604745252565, 2.374453399065095",23,6,1,48.836604745252565,2.374453399065095
4729,2025-01-06 08:00:00+00:00,335.0,6.83611,Fluide,2387,2401,"48.84741768471621, 2.2736923088892436",8,0,0,48.84741768471621,2.2736923088892436
4542,2025-02-12 11:00:00+00:00,317.0,1.87722,Fluide,2422,2421,"48.867703083346534, 2.272388791542526",11,2,0,48.867703083346534,2.272388791542526
4810,2025-03-10 19:00:00+00:00,180.0,4.98,Fluide,2560,2565,"48.83921118500681, 2.3510397960535245",19,0,0,48.83921118500681,2.3510397960535245
5384,2025-04-03 21:00:00+00:00,3000.0,10.35,Fluide,941,2841,"48.89868823220737, 2.393102826791801",21,3,0,48.89868823220737,2.393102826791801
5672,2025-05-09 12:00:00+00:00,170.0,4.82,Inconnu,2973,2937,"48.83866476884104, 2.2932859242574652",12,4,0,48.83866476884104,2.2932859242574652
4653,2025-07-23 15:00:00+00:00,213.0,4.82,Inconnu,2477,2454,"48.839259405492186, 2.256716307180369",15,2,0,48.839259405492186,2.256716307180369
1774,2025-09-02 09:00:00+00:00,380.0,4.82,Inconnu,902,873,"48.89841309821038, 2.3575155019930447",9,1,0,48.89841309821038,2.3575155019930447
4507,2025-12-02 02:00:00+00:00,17.0,4.82,Inconnu,2403,3047,"48.84850677734933, 2.27578879203503",2,1,0,48.84850677734933,2.27578879203503
5407,2025-04-03 15:00:00+00:00,3000.0,16.35,Pré-saturé,2087,2850,"48.89611867048954, 2.3087392624175873",15,3,0,48.89611867048954,2.3087392624175873
5584,2025-05-09 11:00:00+00:00,523.0,6.40778,Fluide,2934,2935,"48.841785357553135, 2.2998494920306953",11,4,0,48.841785357553135,2.2998494920306953
4845,2025-07-23 15:00:00+00:00,275.0,4.78833,Fluide,2579,2661,"48.84482801628084, 2.380555471987928",15,2,0,48.84482801628084,2.380555471987928
1342,2025-08-26 11:00:00+00:00,291.0,1.15445,Fluide,702,712,"48.86567021180976, 2.372604032473679",11,1,0,48.86567021180976,2.372604032473679
493,2025-10-09 21:00:00+00:00,118.0,3.71167,Fluide,294,293,"48.84363961464847, 2.3656555500136944",21,3,0,48.84363961464847,2.3656555500136944
5872,2025-12-02 03:00:00+00:00,45.0,0.23111,Fluide,928,3048,"48.89882236803827, 2.3734861820251627",3,1,0,48.89882236803827,2.3734861820251627
5137,2026-01-04 22:00:00+00:00,102.0,1.52167,Fluide,900,2703,"48.836604745252565, 2.374453399065095",22,6,1,48.836604745252565,2.374453399065095
4536,2025-02-12 14:00:00+00:00,322.0,1.28222,Fluide,2420,2421,"48.865525954516556, 2.270809417274849",14,2,0,48.865525954516556,2.270809417274849
4810,2025-03-10 17:00:00+00:00,201.0,5.68667,Fluide,2560,2565,"48.83921118500681, 2.3510397960535245",17,0,0,48.83921118500681,2.3510397960535245
5384,2025-04-03 22:00:00+00:00,3000.0,9.25,Fluide,941,2841,"48.89868823220737, 2.393102826791801",22,3,0,48.89868823220737,2.393102826791801
5672,2025-05-09 11:00:00+00:00,173.0,4.82,Inconnu,2973,2937,"48.83866476884104, 2.2932859242574652",11,4,0,48.83866476884104,2.2932859242574652
4653,2025-07-23 14:00:00+00:00,194.0,4.82,Inconnu,2477,2454,"48.839259405492186, 2.256716307180369",14,2,0,48.839259405492186,2.256716307180369
6723,2025-10-10 18:00:00+00:00,177.0,4.82,Inconnu,452,3482,"48.89626020980777, 2.393275629991602",18,4,0,48.89626020980777,2.393275629991602
4507,2025-12-02 03:00:00+00:00,13.0,4.82,Inconnu,2403,3047,"48.84850677734933, 2.27578879203503",3,1,0,48.84850677734933,2.27578879203503
7203,2025-02-04 12:00:00+00:00,257.0,4.82,Inconnu,3438,3733,"48.87002589196031, 2.3951641199655116",12,1,0,48.87002589196031,2.3951641199655116
5407,2025-04-03 19:00:00+00:00,3000.0,14.55,Fluide,2087,2850,"48.89611867048954, 2.3087392624175873",19,3,0,48.89611867048954,2.3087392624175873
5584,2025-05-09 09:00:00+00:00,627.0,2.43834,Fluide,2934,2935,"48.841785357553135, 2.2998494920306953",9,4,0,48.841785357553135,2.2998494920306953
493,2025-10-09 22:00:00+00:00,132.0,5.33111,Fluide,294,293,"48.84363961464847, 2.3656555500136944",22,3,0,48.84363961464847,2.3656555500136944
5872,2025-12-02 04:00:00+00:00,65.0,0.525,Fluide,928,3048,"48.89882236803827, 2.3734861820251627",4,1,0,48.89882236803827,2.3734861820251627
5137,2026-01-04 16:00:00+00:00,305.0,10.85167,Fluide,900,2703,"48.836604745252565, 2.374453399065095",16,6,1,48.836604745252565,2.374453399065095
4536,2025-02-12 13:00:00+00:00,289.0,1.48445,Fluide,2420,2421,"48.865525954516556, 2.270809417274849",13,2,0,48.865525954516556,2.270809417274849
5388,2025-04-03 16:00:00+00:00,3000.0,18.7,Pré-saturé,788,2842,"48.88143611923031, 2.4027147272323033",16,3,0,48.88143611923031,2.4027147272323033
5672,2025-05-09 10:00:00+00:00,149.0,4.82,Inconnu,2973,2937,"48.83866476884104, 2.2932859242574652",10,4,0,48.83866476884104,2.2932859242574652
6277,2025-11-04 15:00:00+00:00,460.0,7.23056,Fluide,3256,2526,"48.85366038488916, 2.386951919586597",15,1,0,48.85366038488916,2.386951919586597
4507,2025-12-02 05:00:00+00:00,43.0,4.82,Inconnu,2403,3047,"48.84850677734933, 2.27578879203503",5,1,0,48.84850677734933,2.27578879203503
7204,2025-02-04 12:00:00+00:00,257.0,4.82,Inconnu,3733,3734,"48.8701500580199, 2.39663727478691",12,1,0,48.8701500580199,2.39663727478691
5407,2025-04-03 20:00:00+00:00,2899.0,8.05,Fluide,2087,2850,"48.89611867048954, 2.3087392624175873",20,3,0,48.89611867048954,2.3087392624175873
5672,2025-05-09 09:00:00+00:00,176.0,4.82,Inconnu,2973,2937,"48.83866476884104, 2.2932859242574652",9,4,0,48.83866476884104,2.2932859242574652
5872,2025-12-02 05:00:00+00:00,77.0,0.49445,Fluide,928,3048,"48.89882236803827, 2.3734861820251627",5,1,0,48.89882236803827,2.3734861820251627
5137,2026-01-04 15:00:00+00:00,214.0,4.44334,Fluide,900,2703,"48.836604745252565, 2.374453399065095",15,6,1,48.836604745252565,2.374453399065095
4737,2025-01-06 08:00:00+00:00,493.0,14.46778,Fluide,2524,3289,"48.85103461410432, 2.391606097924302",8,0,0,48.85103461410432,2.391606097924302
4536,2025-02-12 12:00:00+00:00,288.0,1.43167,Fluide,2420,2421,"48.865525954516556, 2.270809417274849",12,2,0,48.865525954516556,2.270809417274849
5388,2025-04-03 17:00:00+00:00,3000.0,26.5,Pré-saturé,788,2842,"48.88143611923031, 2.4027147272323033",17,3,0,48.88143611923031,2.4027147272323033
5091,2025-06-05 00:00:00+00:00,131.0,0.80445,Fluide,540,2686,"48.8347453666598, 2.40907551237917",0,3,0,48.8347453666598,2.40907551237917
6277,2025-11-04 17:00:00+00:00,443.0,10.57444,Fluide,3256,2526,"48.85366038488916, 2.386951919586597",17,1,0,48.85366038488916,2.386951919586597
4507,2025-12-02 06:00:00+00:00,114.0,4.82,Inconnu,2403,3047,"48.84850677734933, 2.27578879203503",6,1,0,48.84850677734933,2.27578879203503
7204,2025-02-04 10:00:00+00:00,290.0,4.82,Inconnu,3733,3734,"48.8701500580199, 2.39663727478691",10,1,0,48.8701500580199,2.39663727478691
5407,2025-04-03 22:00:00+00:00,3000.0,8.45,Fluide,2087,2850,"48.89611867048954, 2.3087392624175873",22,3,0,48.89611867048954,2.3087392624175873
5872,2025-12-02 06:00:00+00:00,153.0,1.27723,Fluide,928,3048,"48.89882236803827, 2.3734861820251627",6,1,0,48.89882236803827,2.3734861820251627
5137,2026-01-04 13:00:00+00:00,155.0,5.395,Fluide,900,2703,"48.836604745252565, 2.374453399065095",13,6,1,48.836604745252565,2.374453399065095
4738,2025-01-06 08:00:00+00:00,326.0,11.58,Fluide,3289,2524,"48.85098840968854, 2.391408796901131",8,0,0,48.85098840968854,2.391408796901131
4541,2025-02-12 17:00:00+00:00,361.0,2.02611,Fluide,2423,2422,"48.86929066614785, 2.2737212674986855",17,2,0,48.86929066614785,2.2737212674986855
5388,2025-04-03 22:00:00+00:00,3000.0,9.55,Fluide,788,2842,"48.88143611923031, 2.4027147272323033",22,3,0,48.88143611923031,2.4027147272323033
5091,2025-06-05 01:00:00+00:00,99.0,0.47611,Fluide,540,2686,"48.8347453666598, 2.40907551237917",1,3,0,48.8347453666598,2.40907551237917
6742,2025-10-10 18:00:00+00:00,299.0,73.49445,Bloqué,657,3497,"48.86813792109085, 2.361370197544212",18,4,0,48.86813792109085,2.361370197544212
6277,2025-11-04 18:00:00+00:00,414.0,5.86722,Fluide,3256,2526,"48.85366038488916, 2.386951919586597",18,1,0,48.85366038488916,2.386951919586597
5872,2025-12-02 02:00:00+00:00,76.0,0.46222,Fluide,928,3048,"48.89882236803827, 2.3734861820251627",2,1,0,48.89882236803827,2.3734861820251627
5412,2025-04-03 15:00:00+00:00,3000.0,38.8,Saturé,2081,2851,"48.900486319501816, 2.3252996457778874",15,3,0,48.900486319501816,2.3252996457778874
1395,2025-08-26 10:00:00+00:00,249.0,4.07389,Fluide,744,719,"48.86531596764533, 2.3981016476712798",10,1,0,48.86531596764533,2.3981016476712798
5872,2025-12-02 07:00:00+00:00,674.0,5.98667,Fluide,928,3048,"48.89882236803827, 2.3734861820251627",7,1,0,48.89882236803827,2.3734861820251627
5137,2026-01-04 12:00:00+00:00,166.0,6.45222,Fluide,900,2703,"48.836604745252565, 2.374453399065095",12,6,1,48.836604745252565,2.374453399065095
4743,2025-01-06 08:00:00+00:00,297.0,4.82,Inconnu,2531,2527,"48.85213891300944, 2.3975230131369885",8,0,0,48.85213891300944,2.3975230131369885
4541,2025-02-12 15:00:00+00:00,314.0,1.87556,Fluide,2423,2422,"48.86929066614785, 2.2737212674986855",15,2,0,48.86929066614785,2.2737212674986855
5586,2025-05-09 10:00:00+00:00,566.0,14.54889,Fluide,2936,2937,"48.839861492023495, 2.293856427275948",10,4,0,48.839861492023495,2.293856427275948
5091,2025-06-05 03:00:00+00:00,58.0,0.39556,Fluide,540,2686,"48.8347453666598, 2.40907551237917",3,3,0,48.8347453666598,2.40907551237917
6277,2025-11-04 19:00:00+00:00,369.0,4.97944,Fluide,3256,2526,"48.85366038488916, 2.386951919586597",19,1,0,48.85366038488916,2.386951919586597
1742,2025-12-02 02:00:00+00:00,161.0,4.82,Inconnu,912,3048,"48.89862428655984, 2.3718236666720136",2,1,0,48.89862428655984,2.3718236666720136
5412,2025-04-03 16:00:00+00:00,3000.0,39.55,Saturé,2081,2851,"48.900486319501816, 2.3252996457778874",16,3,0,48.900486319501816,2.3252996457778874
5586,2025-05-09 12:00:00+00:00,454.0,21.70722,Pré-saturé,2936,2937,"48.839861492023495, 2.293856427275948",12,4,0,48.839861492023495,2.293856427275948
5521,2025-06-04 21:00:00+00:00,143.0,2.13611,Fluide,2898,2546,"48.8348282759246, 2.3432371445674205",21,2,0,48.8348282759246,2.3432371445674205
1395,2025-08-26 11:00:00+00:00,264.0,3.61667,Fluide,744,719,"48.86531596764533, 2.3981016476712798",11,1,0,48.86531596764533,2.3981016476712798
184,2025-09-02 10:00:00+00:00,281.0,12.20056,Fluide,79,115,"48.85201079897348, 2.3314428347174743",10,1,0,48.85201079897348,2.3314428347174743
1817,2025-11-04 16:00:00+00:00,3000.0,22.865,Pré-saturé,3162,3163,"48.83856024663841, 2.376072099221101",16,1,0,48.83856024663841,2.376072099221101
5872,2025-12-02 08:00:00+00:00,847.0,22.95945,Pré-saturé,928,3048,"48.89882236803827, 2.3734861820251627",8,1,0,48.89882236803827,2.3734861820251627
5137,2026-01-04 11:00:00+00:00,132.0,9.97445,Fluide,900,2703,"48.836604745252565, 2.374453399065095",11,6,1,48.836604745252565,2.374453399065095
4541,2025-02-12 14:00:00+00:00,337.0,2.345,Fluide,2423,2422,"48.86929066614785, 2.2737212674986855",14,2,0,48.86929066614785,2.2737212674986855
5591,2025-05-09 12:00:00+00:00,486.0,4.065,Fluide,2939,2938,"48.849385807455405, 2.3223150291299914",12,4,0,48.849385807455405,2.3223150291299914
5091,2025-06-05 07:00:00+00:00,661.0,9.10445,Fluide,540,2686,"48.8347453666598, 2.40907551237917",7,3,0,48.8347453666598,2.40907551237917
1854,2025-08-04 23:00:00+00:00,343.0,2.48,Fluide,2009,2010,"48.899757565288425, 2.3298967083863316",23,0,0,48.899757565288425,2.3298967083863316
6277,2025-11-04 20:00:00+00:00,370.0,7.19,Fluide,3256,2526,"48.85366038488916, 2.386951919586597",20,1,0,48.85366038488916,2.386951919586597
1742,2025-12-02 03:00:00+00:00,121.0,4.82,Inconnu,912,3048,"48.89862428655984, 2.3718236666720136",3,1,0,48.89862428655984,2.3718236666720136
4787,2025-01-06 08:00:00+00:00,345.0,4.82,Inconnu,3052,2549,"48.8382719906119, 2.356332138570039",8,0,0,48.8382719906119,2.356332138570039
5412,2025-04-03 21:00:00+00:00,2824.0,6.95,Fluide,2081,2851,"48.900486319501816, 2.3252996457778874",21,3,0,48.900486319501816,2.3252996457778874
5586,2025-05-09 11:00:00+00:00,523.0,31.65556,Saturé,2936,2937,"48.839861492023495, 2.293856427275948",11,4,0,48.839861492023495,2.293856427275948
5521,2025-06-04 19:00:00+00:00,211.0,3.85056,Fluide,2898,2546,"48.8348282759246, 2.3432371445674205",19,2,0,48.8348282759246,2.3432371445674205
4847,2025-07-23 21:00:00+00:00,372.0,4.82,Inconnu,2581,2583,"48.88688498816808, 2.3855429645267",21,2,0,48.88688498816808,2.3855429645267
184,2025-09-02 11:00:00+00:00,298.0,15.64833,Pré-saturé,79,115,"48.85201079897348, 2.3314428347174743",11,1,0,48.85201079897348,2.3314428347174743
1817,2025-11-04 17:00:00+00:00,3000.0,29.58834,Pré-saturé,3162,3163,"48.83856024663841, 2.376072099221101",17,1,0,48.83856024663841,2.376072099221101
1742,2025-12-02 00:00:00+00:00,227.0,4.82,Inconnu,912,3048,"48.89862428655984, 2.3718236666720136",0,1,0,48.89862428655984,2.3718236666720136
5137,2026-01-04 10:00:00+00:00,83.0,3.44667,Fluide,900,2703,"48.836604745252565, 2.374453399065095",10,6,1,48.836604745252565,2.374453399065095
4748,2025-01-06 08:00:00+00:00,282.0,4.21722,Fluide,2534,289,"48.84924540886525, 2.398885830184193",8,0,0,48.84924540886525,2.398885830184193
4541,2025-02-12 13:00:00+00:00,320.0,2.07111,Fluide,2423,2422,"48.86929066614785, 2.2737212674986855",13,2,0,48.86929066614785,2.2737212674986855
5591,2025-05-09 11:00:00+00:00,180.0,0.05778,Fluide,2939,2938,"48.849385807455405, 2.3223150291299914",11,4,0,48.849385807455405,2.3223150291299914
955,2025-06-05 00:00:00+00:00,188.0,0.46667,Fluide,508,2686,"48.83513851242845, 2.4074225499384827",0,3,0,48.83513851242845,2.4074225499384827
1854,2025-08-05 01:00:00+00:00,179.0,1.34278,Fluide,2009,2010,"48.899757565288425, 2.3298967083863316",1,1,0,48.899757565288425,2.3298967083863316
315,2025-10-10 21:00:00+00:00,1035.0,7.87334,Fluide,3269,185,"48.862172123618876, 2.3206636274342403",21,4,0,48.862172123618876,2.3206636274342403
6277,2025-11-04 23:00:00+00:00,250.0,2.83889,Fluide,3256,2526,"48.85366038488916, 2.386951919586597",23,1,0,48.85366038488916,2.386951919586597
514,2025-12-02 03:00:00+00:00,28.0,0.06556,Fluide,302,3049,"48.84003320611297, 2.361794430767522",3,1,0,48.84003320611297,2.361794430767522
4418,2024-12-03 00:00:00+00:00,418.0,1.17334,Fluide,2365,2329,"48.87635982554397, 2.297072070952944",0,1,0,48.87635982554397,2.297072070952944
4805,2025-01-06 08:00:00+00:00,353.0,2.54167,Fluide,2541,2560,"48.83770631948015, 2.3512875916189055",8,0,0,48.83770631948015,2.3512875916189055
5425,2025-04-03 15:00:00+00:00,3000.0,47.85,Saturé,2803,2852,"48.879280546375846, 2.2813930948931773",15,3,0,48.879280546375846,2.2813930948931773
5586,2025-05-09 09:00:00+00:00,627.0,19.93222,Pré-saturé,2936,2937,"48.839861492023495, 2.293856427275948",9,4,0,48.839861492023495,2.293856427275948
5521,2025-06-04 18:00:00+00:00,267.0,6.29556,Fluide,2898,2546,"48.8348282759246, 2.3432371445674205",18,2,0,48.8348282759246,2.3432371445674205
4847,2025-07-23 20:00:00+00:00,418.0,4.82,Inconnu,2581,2583,"48.88688498816808, 2.3855429645267",20,2,0,48.88688498816808,2.3855429645267
1311,2025-08-26 10:00:00+00:00,346.0,4.45723,Fluide,718,719,"48.86440003530573, 2.398917838418402",10,1,0,48.86440003530573,2.398917838418402
184,2025-09-02 12:00:00+00:00,309.0,14.76278,Fluide,79,115,"48.85201079897348, 2.3314428347174743",12,1,0,48.85201079897348,2.3314428347174743
1817,2025-11-04 18:00:00+00:00,3000.0,29.35,Pré-saturé,3162,3163,"48.83856024663841, 2.376072099221101",18,1,0,48.83856024663841,2.376072099221101
1742,2025-12-02 01:00:00+00:00,175.0,4.82,Inconnu,912,3048,"48.89862428655984, 2.3718236666720136",1,1,0,48.89862428655984,2.3718236666720136
5137,2026-01-04 08:00:00+00:00,55.0,1.25056,Fluide,900,2703,"48.836604745252565, 2.374453399065095",8,6,1,48.836604745252565,2.374453399065095
4541,2025-02-12 12:00:00+00:00,373.0,2.27445,Fluide,2423,2422,"48.86929066614785, 2.2737212674986855",12,2,0,48.86929066614785,2.2737212674986855
4812,2025-03-10 21:00:00+00:00,138.0,3.20722,Fluide,2565,2566,"48.840334064392664, 2.3516708096927097",21,0,0,48.840334064392664,2.3516708096927097
5591,2025-05-09 10:00:00+00:00,116.0,0.47278,Fluide,2939,2938,"48.849385807455405, 2.3223150291299914",10,4,0,48.849385807455405,2.3223150291299914
955,2025-06-05 02:00:00+00:00,96.0,0.33889,Fluide,508,2686,"48.83513851242845, 2.4074225499384827",2,3,0,48.83513851242845,2.4074225499384827
1854,2025-08-05 05:00:00+00:00,346.0,2.765,Fluide,2009,2010,"48.899757565288425, 2.3298967083863316",5,1,0,48.899757565288425,2.3298967083863316
315,2025-10-10 19:00:00+00:00,1172.0,10.24722,Fluide,3269,185,"48.862172123618876, 2.3206636274342403",19,4,0,48.862172123618876,2.3206636274342403
514,2025-12-02 04:00:00+00:00,48.0,0.14056,Fluide,302,3049,"48.84003320611297, 2.361794430767522",4,1,0,48.84003320611297,2.361794430767522
4418,2024-12-03 03:00:00+00:00,273.0,0.08334,Fluide,2365,2329,"48.87635982554397, 2.297072070952944",3,1,0,48.87635982554397,2.297072070952944
4810,2025-01-06 08:00:00+00:00,287.0,8.37334,Fluide,2560,2565,"48.83921118500681, 2.3510397960535245",8,0,0,48.83921118500681,2.3510397960535245
5425,2025-04-03 18:00:00+00:00,3000.0,22.0,Pré-saturé,2803,2852,"48.879280546375846, 2.2813930948931773",18,3,0,48.879280546375846,2.2813930948931773
5588,2025-05-09 11:00:00+00:00,154.0,2.82945,Fluide,2929,2938,"48.847579785914164, 2.3187071298700808",11,4,0,48.847579785914164,2.3187071298700808
5521,2025-06-04 17:00:00+00:00,318.0,6.36111,Fluide,2898,2546,"48.8348282759246, 2.3432371445674205",17,2,0,48.8348282759246,2.3432371445674205
4847,2025-07-23 19:00:00+00:00,512.0,4.82,Inconnu,2581,2583,"48.88688498816808, 2.3855429645267",19,2,0,48.88688498816808,2.3855429645267
1412,2025-08-26 10:00:00+00:00,267.0,5.24389,Fluide,704,719,"48.86489091399575, 2.3964058029955666",10,1,0,48.86489091399575,2.3964058029955666
1817,2025-11-04 19:00:00+00:00,3000.0,16.85945,Pré-saturé,3162,3163,"48.83856024663841, 2.376072099221101",19,1,0,48.83856024663841,2.376072099221101
1742,2025-12-02 04:00:00+00:00,89.0,4.82,Inconnu,912,3048,"48.89862428655984, 2.3718236666720136",4,1,0,48.89862428655984,2.3718236666720136
5137,2026-01-04 07:00:00+00:00,51.0,1.13389,Fluide,900,2703,"48.836604745252565, 2.374453399065095",7,6,1,48.836604745252565,2.374453399065095
4537,2025-02-12 16:00:00+00:00,362.0,1.77555,Fluide,2421,2422,"48.8676607036834, 2.27260371129279",16,2,0,48.8676607036834,2.27260371129279
4812,2025-03-10 20:00:00+00:00,165.0,3.89056,Fluide,2565,2566,"48.840334064392664, 2.3516708096927097",20,0,0,48.840334064392664,2.3516708096927097
5405,2025-04-03 16:00:00+00:00,3000.0,27.55,Pré-saturé,2082,2849,"48.9003948783181, 2.322057997228478",16,3,0,48.9003948783181,2.322057997228478
5591,2025-05-09 09:00:00+00:00,150.0,1.36889,Fluide,2939,2938,"48.849385807455405, 2.3223150291299914",9,4,0,48.849385807455405,2.3223150291299914
955,2025-06-05 04:00:00+00:00,77.0,0.15778,Fluide,508,2686,"48.83513851242845, 2.4074225499384827",4,3,0,48.83513851242845,2.4074225499384827
5144,2025-09-02 09:00:00+00:00,577.0,4.18556,Fluide,2711,895,"48.83990050792952, 2.3785980661991664",9,1,0,48.83990050792952,2.3785980661991664
316,2025-10-10 19:00:00+00:00,1172.0,10.24722,Fluide,185,186,"48.86265158721486, 2.3190731704751313",19,4,0,48.86265158721486,2.3190731704751313
514,2025-12-02 07:00:00+00:00,335.0,1.46556,Fluide,302,3049,"48.84003320611297, 2.361794430767522",7,1,0,48.84003320611297,2.361794430767522
4418,2024-12-03 04:00:00+00:00,145.0,0.01445,Fluide,2365,2329,"48.87635982554397, 2.297072070952944",4,1,0,48.87635982554397,2.297072070952944
4812,2025-01-06 08:00:00+00:00,287.0,8.37334,Fluide,2565,2566,"48.840334064392664, 2.3516708096927097",8,0,0,48.840334064392664,2.3516708096927097
5425,2025-04-03 22:00:00+00:00,2659.0,7.65,Fluide,2803,2852,"48.879280546375846, 2.2813930948931773",22,3,0,48.879280546375846,2.2813930948931773
5588,2025-05-09 09:00:00+00:00,182.0,4.53389,Fluide,2929,2938,"48.847579785914164, 2.3187071298700808",9,4,0,48.847579785914164,2.3187071298700808
5521,2025-06-04 15:00:00+00:00,374.0,7.81389,Fluide,2898,2546,"48.8348282759246, 2.3432371445674205",15,2,0,48.8348282759246,2.3432371445674205
4847,2025-07-23 17:00:00+00:00,422.0,4.82,Inconnu,2581,2583,"48.88688498816808, 2.3855429645267",17,2,0,48.88688498816808,2.3855429645267
1412,2025-08-26 11:00:00+00:00,270.0,8.75222,Fluide,704,719,"48.86489091399575, 2.3964058029955666",11,1,0,48.86489091399575,2.3964058029955666
1742,2025-12-02 05:00:00+00:00,79.0,4.82,Inconnu,912,3048,"48.89862428655984, 2.3718236666720136",5,1,0,48.89862428655984,2.3718236666720136
5137,2026-01-04 05:00:00+00:00,38.0,1.77889,Fluide,900,2703,"48.836604745252565, 2.374453399065095",5,6,1,48.836604745252565,2.374453399065095
4537,2025-02-12 12:00:00+00:00,288.0,1.30444,Fluide,2421,2422,"48.8676607036834, 2.27260371129279",12,2,0,48.8676607036834,2.27260371129279
4812,2025-03-10 19:00:00+00:00,180.0,4.98,Fluide,2565,2566,"48.840334064392664, 2.3516708096927097",19,0,0,48.840334064392664,2.3516708096927097
5405,2025-04-03 19:00:00+00:00,3000.0,16.55,Pré-saturé,2082,2849,"48.9003948783181, 2.322057997228478",19,3,0,48.9003948783181,2.322057997228478
5588,2025-05-09 12:00:00+00:00,172.0,4.39167,Fluide,2929,2938,"48.847579785914164, 2.3187071298700808",12,4,0,48.847579785914164,2.3187071298700808
955,2025-06-05 05:00:00+00:00,174.0,0.51778,Fluide,508,2686,"48.83513851242845, 2.4074225499384827",5,3,0,48.83513851242845,2.4074225499384827
4913,2025-09-02 09:00:00+00:00,366.0,5.76444,Fluide,2591,895,"48.840261181141116, 2.380829536141023",9,1,0,48.840261181141116,2.380829536141023
5879,2025-12-02 00:00:00+00:00,78.0,1.11945,Fluide,3050,3049,"48.83914247155719, 2.3594888568885475",0,1,0,48.83914247155719,2.3594888568885475
4418,2024-12-03 05:00:00+00:00,733.0,0.02889,Fluide,2365,2329,"48.87635982554397, 2.297072070952944",5,1,0,48.87635982554397,2.297072070952944
4815,2025-01-06 08:00:00+00:00,287.0,8.37334,Fluide,2566,2568,"48.84122723841264, 2.351998967011774",8,0,0,48.84122723841264,2.351998967011774
5500,2025-04-03 16:00:00+00:00,655.0,7.2,Fluide,2768,2852,"48.88063994118136, 2.2822477054484014",16,3,0,48.88063994118136,2.2822477054484014
5593,2025-05-09 12:00:00+00:00,486.0,8.04167,Fluide,202,2939,"48.850825490730436, 2.3254001178291985",12,4,0,48.850825490730436,2.3254001178291985
5518,2025-06-04 22:00:00+00:00,200.0,6.93389,Fluide,2695,2546,"48.835087844992984, 2.3456109555623965",22,2,0,48.835087844992984,2.3456109555623965
4847,2025-07-23 16:00:00+00:00,428.0,4.82,Inconnu,2581,2583,"48.88688498816808, 2.3855429645267",16,2,0,48.88688498816808,2.3855429645267
1358,2025-08-26 10:00:00+00:00,341.0,14.22889,Fluide,733,720,"48.86268651163651, 2.37199652895445",10,1,0,48.86268651163651,2.37199652895445
1742,2025-12-02 06:00:00+00:00,88.0,4.82,Inconnu,912,3048,"48.89862428655984, 2.3718236666720136",6,1,0,48.89862428655984,2.3718236666720136
5137,2026-01-04 04:00:00+00:00,35.0,0.74389,Fluide,900,2703,"48.836604745252565, 2.374453399065095",4,6,1,48.836604745252565,2.374453399065095
5302,2024-12-05 01:00:00+00:00,1241.0,4.5,Fluide,3079,479,"48.81634333738963, 2.358457167682743",1,3,0,48.81634333738963,2.358457167682743
4812,2025-03-10 16:00:00+00:00,246.0,8.56834,Fluide,2565,2566,"48.840334064392664, 2.3516708096927097",16,0,0,48.840334064392664,2.3516708096927097
5405,2025-04-03 21:00:00+00:00,3000.0,10.7,Fluide,2082,2849,"48.9003948783181, 2.322057997228478",21,3,0,48.9003948783181,2.322057997228478
5588,2025-05-09 10:00:00+00:00,186.0,3.34445,Fluide,2929,2938,"48.847579785914164, 2.3187071298700808",10,4,0,48.847579785914164,2.3187071298700808
5089,2025-06-04 23:00:00+00:00,99.0,0.76278,Fluide,2688,2687,"48.83436889515282, 2.3658645570697114",23,2,0,48.83436889515282,2.3658645570697114
4043,2025-09-02 09:00:00+00:00,78.0,1.55556,Fluide,2000,896,"48.89779033915601, 2.340641292776132",9,1,0,48.89779033915601,2.340641292776132
5879,2025-12-02 02:00:00+00:00,21.0,0.27056,Fluide,3050,3049,"48.83914247155719, 2.3594888568885475",2,1,0,48.83914247155719,2.3594888568885475
4418,2024-12-03 07:00:00+00:00,640.0,7.07056,Fluide,2365,2329,"48.87635982554397, 2.297072070952944",7,1,0,48.87635982554397,2.297072070952944
5500,2025-04-03 17:00:00+00:00,673.0,3.65,Fluide,2768,2852,"48.88063994118136, 2.2822477054484014",17,3,0,48.88063994118136,2.2822477054484014
5590,2025-05-09 11:00:00+00:00,154.0,4.82,Inconnu,2938,2939,"48.849297482533515, 2.3223842940140877",11,4,0,48.849297482533515,2.3223842940140877
5518,2025-06-04 21:00:00+00:00,185.0,9.475,Fluide,2695,2546,"48.835087844992984, 2.3456109555623965",21,2,0,48.835087844992984,2.3456109555623965
4847,2025-07-23 15:00:00+00:00,444.0,4.82,Inconnu,2581,2583,"48.88688498816808, 2.3855429645267",15,2,0,48.88688498816808,2.3855429645267
1316,2025-08-26 11:00:00+00:00,462.0,4.83833,Fluide,721,720,"48.86231633988052, 2.3725155690253605",11,1,0,48.86231633988052,2.3725155690253605
1742,2025-12-02 07:00:00+00:00,105.0,4.82,Inconnu,912,3048,"48.89862428655984, 2.3718236666720136",7,1,0,48.89862428655984,2.3718236666720136
5137,2026-01-04 01:00:00+00:00,69.0,1.93833,Fluide,900,2703,"48.836604745252565, 2.374453399065095",1,6,1,48.836604745252565,2.374453399065095
5302,2024-12-05 02:00:00+00:00,816.0,2.9,Fluide,3079,479,"48.81634333738963, 2.358457167682743",2,3,0,48.81634333738963,2.358457167682743
5405,2025-04-03 22:00:00+00:00,3000.0,9.55,Fluide,2082,2849,"48.9003948783181, 2.322057997228478",22,3,0,48.9003948783181,2.322057997228478
5593,2025-05-09 11:00:00+00:00,180.0,8.77778,Fluide,202,2939,"48.850825490730436, 2.3254001178291985",11,4,0,48.850825490730436,2.3254001178291985
5089,2025-06-05 01:00:00+00:00,55.0,0.33944,Fluide,2688,2687,"48.83436889515282, 2.3658645570697114",1,3,0,48.83436889515282,2.3658645570697114
5413,2025-08-05 02:00:00+00:00,523.0,1.3,Fluide,2851,2012,"48.90058652259574, 2.3300752639033817",2,1,0,48.90058652259574,2.3300752639033817
5879,2025-12-02 03:00:00+00:00,14.0,0.15722,Fluide,3050,3049,"48.83914247155719, 2.3594888568885475",3,1,0,48.83914247155719,2.3594888568885475
4822,2025-01-06 08:00:00+00:00,287.0,5.76611,Fluide,2570,2571,"48.84356747626758, 2.352326529221334",8,0,0,48.84356747626758,2.352326529221334
5500,2025-04-03 19:00:00+00:00,579.0,3.15,Fluide,2768,2852,"48.88063994118136, 2.2822477054484014",19,3,0,48.88063994118136,2.2822477054484014
5590,2025-05-09 09:00:00+00:00,182.0,4.82,Inconnu,2938,2939,"48.849297482533515, 2.3223842940140877",9,4,0,48.849297482533515,2.3223842940140877
5518,2025-06-04 19:00:00+00:00,230.0,19.10278,Pré-saturé,2695,2546,"48.835087844992984, 2.3456109555623965",19,2,0,48.835087844992984,2.3456109555623965
4847,2025-07-23 14:00:00+00:00,323.0,4.82,Inconnu,2581,2583,"48.88688498816808, 2.3855429645267",14,2,0,48.88688498816808,2.3855429645267
1355,2025-08-26 10:00:00+00:00,159.0,7.21278,Fluide,699,720,"48.86322346787868, 2.3708672705625276",10,1,0,48.86322346787868,2.3708672705625276
1742,2025-12-02 08:00:00+00:00,176.0,4.82,Inconnu,912,3048,"48.89862428655984, 2.3718236666720136",8,1,0,48.89862428655984,2.3718236666720136
5141,2026-01-04 23:00:00+00:00,58.0,1.74223,Fluide,2654,2704,"48.83260555977292, 2.379334355712254",23,6,1,48.83260555977292,2.379334355712254
5302,2024-12-05 03:00:00+00:00,592.0,2.45,Fluide,3079,479,"48.81634333738963, 2.358457167682743",3,3,0,48.81634333738963,2.358457167682743
4539,2025-02-12 11:00:00+00:00,319.0,4.82,Inconnu,3636,2424,"48.87035225880239, 2.274750974438779",11,2,0,48.87035225880239,2.274750974438779
5407,2025-04-03 16:00:00+00:00,3000.0,17.55,Pré-saturé,2087,2850,"48.89611867048954, 2.3087392624175873",16,3,0,48.89611867048954,2.3087392624175873
5593,2025-05-09 10:00:00+00:00,116.0,11.62722,Fluide,202,2939,"48.850825490730436, 2.3254001178291985",10,4,0,48.850825490730436,2.3254001178291985
5089,2025-06-05 04:00:00+00:00,148.0,1.06,Fluide,2688,2687,"48.83436889515282, 2.3658645570697114",4,3,0,48.83436889515282,2.3658645570697114
5413,2025-08-05 03:00:00+00:00,723.0,2.0,Fluide,2851,2012,"48.90058652259574, 2.3300752639033817",3,1,0,48.90058652259574,2.3300752639033817
1824,2025-09-02 09:00:00+00:00,151.0,4.82,Inconnu,298,900,"48.83850820678558, 2.3724032341638037",9,1,0,48.83850820678558,2.3724032341638037
4743,2025-11-04 21:00:00+00:00,232.0,4.63556,Fluide,2531,2527,"48.85213891300944, 2.3975230131369885",21,1,0,48.85213891300944,2.3975230131369885
5879,2025-12-02 04:00:00+00:00,14.0,0.21389,Fluide,3050,3049,"48.83914247155719, 2.3594888568885475",4,1,0,48.83914247155719,2.3594888568885475
4823,2025-01-06 08:00:00+00:00,287.0,4.82,Inconnu,2571,372,"48.845542498094716, 2.3520614334831427",8,0,0,48.845542498094716,2.3520614334831427
5500,2025-04-03 20:00:00+00:00,665.0,3.4,Fluide,2768,2852,"48.88063994118136, 2.2822477054484014",20,3,0,48.88063994118136,2.2822477054484014
5597,2025-05-09 11:00:00+00:00,284.0,5.31833,Fluide,2941,2940,"48.84625774622187, 2.3067866714999266",11,4,0,48.84625774622187,2.3067866714999266
4784,2025-06-04 22:00:00+00:00,203.0,3.24333,Fluide,2549,2548,"48.83789150118754, 2.355108550162809",22,2,0,48.83789150118754,2.355108550162809
1355,2025-08-26 11:00:00+00:00,174.0,8.64667,Fluide,699,720,"48.86322346787868, 2.3708672705625276",11,1,0,48.86322346787868,2.3708672705625276
6600,2025-10-09 13:00:00+00:00,282.0,2.52222,Fluide,296,294,"48.84195799974775, 2.3679033836078363",13,3,0,48.84195799974775,2.3679033836078363
1822,2025-11-04 18:00:00+00:00,3000.0,29.35,Pré-saturé,3163,3164,"48.83595677185438, 2.3791396807722576",18,1,0,48.83595677185438,2.3791396807722576
514,2025-12-02 00:00:00+00:00,96.0,0.30889,Fluide,302,3049,"48.84003320611297, 2.361794430767522",0,1,0,48.84003320611297,2.361794430767522
5141,2026-01-04 22:00:00+00:00,74.0,2.14167,Fluide,2654,2704,"48.83260555977292, 2.379334355712254",22,6,1,48.83260555977292,2.379334355712254
5302,2024-12-05 04:00:00+00:00,878.0,3.65,Fluide,3079,479,"48.81634333738963, 2.358457167682743",4,3,0,48.81634333738963,2.358457167682743
5407,2025-04-03 17:00:00+00:00,3000.0,16.9,Pré-saturé,2087,2850,"48.89611867048954, 2.3087392624175873",17,3,0,48.89611867048954,2.3087392624175873
5593,2025-05-09 09:00:00+00:00,150.0,9.50722,Fluide,202,2939,"48.850825490730436, 2.3254001178291985",9,4,0,48.850825490730436,2.3254001178291985
5089,2025-06-05 05:00:00+00:00,291.0,2.62445,Fluide,2688,2687,"48.83436889515282, 2.3658645570697114",5,3,0,48.83436889515282,2.3658645570697114
5413,2025-08-05 04:00:00+00:00,1147.0,3.0,Fluide,2851,2012,"48.90058652259574, 2.3300752639033817",4,1,0,48.90058652259574,2.3300752639033817
1717,2025-09-02 09:00:00+00:00,317.0,3.25111,Fluide,906,901,"48.8305042387432, 2.381866448781561",9,1,0,48.8305042387432,2.381866448781561
6394,2025-11-04 17:00:00+00:00,374.0,3.35445,Fluide,3315,2528,"48.85208191728357, 2.393455180562958",17,1,0,48.85208191728357,2.393455180562958
5879,2025-12-02 05:00:00+00:00,29.0,0.46111,Fluide,3050,3049,"48.83914247155719, 2.3594888568885475",5,1,0,48.83914247155719,2.3594888568885475
5500,2025-04-03 21:00:00+00:00,574.0,2.7,Fluide,2768,2852,"48.88063994118136, 2.2822477054484014",21,3,0,48.88063994118136,2.2822477054484014
5597,2025-05-09 09:00:00+00:00,284.0,5.77555,Fluide,2941,2940,"48.84625774622187, 2.3067866714999266",9,4,0,48.84625774622187,2.3067866714999266
4784,2025-06-04 21:00:00+00:00,229.0,4.07612,Fluide,2549,2548,"48.83789150118754, 2.355108550162809",21,2,0,48.83789150118754,2.355108550162809
4141,2025-11-04 15:00:00+00:00,2440.0,18.32056,Pré-saturé,3166,3165,"48.830680595044974, 2.386034359208499",15,1,0,48.830680595044974,2.386034359208499
514,2025-12-02 01:00:00+00:00,70.0,0.21944,Fluide,302,3049,"48.84003320611297, 2.361794430767522",1,1,0,48.84003320611297,2.361794430767522
5141,2026-01-04 21:00:00+00:00,81.0,2.16278,Fluide,2654,2704,"48.83260555977292, 2.379334355712254",21,6,1,48.83260555977292,2.379334355712254
5302,2024-12-05 05:00:00+00:00,1725.0,6.7,Fluide,3079,479,"48.81634333738963, 2.358457167682743",5,3,0,48.81634333738963,2.358457167682743
5407,2025-04-03 18:00:00+00:00,3000.0,16.8,Pré-saturé,2087,2850,"48.89611867048954, 2.3087392624175873",18,3,0,48.89611867048954,2.3087392624175873
5590,2025-05-09 12:00:00+00:00,172.0,4.82,Inconnu,2938,2939,"48.849297482533515, 2.3223842940140877",12,4,0,48.849297482533515,2.3223842940140877
5089,2025-06-05 07:00:00+00:00,571.0,6.83445,Fluide,2688,2687,"48.83436889515282, 2.3658645570697114",7,3,0,48.83436889515282,2.3658645570697114
5413,2025-08-05 05:00:00+00:00,2277.0,6.45,Fluide,2851,2012,"48.90058652259574, 2.3300752639033817",5,1,0,48.90058652259574,2.3300752639033817
1694,2025-09-02 09:00:00+00:00,498.0,1.78222,Fluide,559,901,"48.82909188826951, 2.383805755758109",9,1,0,48.82909188826951,2.383805755758109
6394,2025-11-04 20:00:00+00:00,264.0,2.00389,Fluide,3315,2528,"48.85208191728357, 2.393455180562958",20,1,0,48.85208191728357,2.393455180562958
5881,2025-12-02 03:00:00+00:00,14.0,0.15722,Fluide,3052,3050,"48.83862048517473, 2.357861000798005",3,1,0,48.83862048517473,2.357861000798005
5500,2025-04-03 22:00:00+00:00,575.0,2.85,Fluide,2768,2852,"48.88063994118136, 2.2822477054484014",22,3,0,48.88063994118136,2.2822477054484014
5594,2025-05-09 10:00:00+00:00,272.0,4.82,Inconnu,2931,2940,"48.845838308335246, 2.309231883574846",10,4,0,48.845838308335246,2.309231883574846
4784,2025-06-04 20:00:00+00:00,282.0,4.82,Fluide,2549,2548,"48.83789150118754, 2.355108550162809",20,2,0,48.83789150118754,2.355108550162809
1318,2025-08-26 10:00:00+00:00,391.0,2.45667,Fluide,723,722,"48.85862164252964, 2.3719201363179",10,1,0,48.85862164252964,2.3719201363179
6600,2025-10-09 15:00:00+00:00,250.5,2.145,Fluide,296,294,"48.84195799974775, 2.3679033836078363",15,3,0,48.84195799974775,2.3679033836078363
4141,2025-11-04 16:00:00+00:00,2376.0,16.16389,Pré-saturé,3166,3165,"48.830680595044974, 2.386034359208499",16,1,0,48.830680595044974,2.386034359208499
514,2025-12-02 02:00:00+00:00,40.0,0.18334,Fluide,302,3049,"48.84003320611297, 2.361794430767522",2,1,0,48.84003320611297,2.361794430767522
5141,2026-01-04 20:00:00+00:00,126.0,3.61389,Fluide,2654,2704,"48.83260555977292, 2.379334355712254",20,6,1,48.83260555977292,2.379334355712254
4772,2025-01-06 08:00:00+00:00,145.0,1.86722,Fluide,2545,2544,"48.83952025077128, 2.3970876101915755",8,0,0,48.83952025077128,2.3970876101915755
4815,2025-03-10 22:00:00+00:00,128.0,2.05945,Fluide,2566,2568,"48.84122723841264, 2.351998967011774",22,0,0,48.84122723841264,2.351998967011774
5407,2025-04-03 21:00:00+00:00,3000.0,9.15,Fluide,2087,2850,"48.89611867048954, 2.3087392624175873",21,3,0,48.89611867048954,2.3087392624175873
5590,2025-05-09 10:00:00+00:00,186.0,4.82,Inconnu,2938,2939,"48.849297482533515, 2.3223842940140877",10,4,0,48.849297482533515,2.3223842940140877
5105,2025-06-05 00:00:00+00:00,92.0,1.44722,Fluide,2677,2687,"48.83352051883225, 2.3644324758979085",0,3,0,48.83352051883225,2.3644324758979085
1696,2025-09-02 09:00:00+00:00,380.0,4.82,Inconnu,899,902,"48.89836063074716, 2.3550934381690216",9,1,0,48.89836063074716,2.3550934381690216
6394,2025-11-04 23:00:00+00:00,202.0,1.325,Fluide,3315,2528,"48.85208191728357, 2.393455180562958",23,1,0,48.85208191728357,2.393455180562958
5881,2025-12-02 04:00:00+00:00,14.0,0.21389,Fluide,3052,3050,"48.83862048517473, 2.357861000798005",4,1,0,48.83862048517473,2.357861000798005
5594,2025-05-09 09:00:00+00:00,271.0,4.82,Inconnu,2931,2940,"48.845838308335246, 2.309231883574846",9,4,0,48.845838308335246,2.309231883574846
4784,2025-06-04 19:00:00+00:00,287.0,5.48889,Fluide,2549,2548,"48.83789150118754, 2.355108550162809",19,2,0,48.83789150118754,2.355108550162809
1318,2025-08-26 11:00:00+00:00,462.0,3.48667,Fluide,723,722,"48.85862164252964, 2.3719201363179",11,1,0,48.85862164252964,2.3719201363179
4141,2025-11-04 18:00:00+00:00,2705.0,27.80389,Pré-saturé,3166,3165,"48.830680595044974, 2.386034359208499",18,1,0,48.830680595044974,2.386034359208499
514,2025-12-02 05:00:00+00:00,84.0,0.365,Fluide,302,3049,"48.84003320611297, 2.361794430767522",5,1,0,48.84003320611297,2.361794430767522
5141,2026-01-04 19:00:00+00:00,228.0,7.73722,Fluide,2654,2704,"48.83260555977292, 2.379334355712254",19,6,1,48.83260555977292,2.379334355712254
4815,2025-03-10 19:00:00+00:00,180.0,4.98,Fluide,2566,2568,"48.84122723841264, 2.351998967011774",19,0,0,48.84122723841264,2.351998967011774
5412,2025-04-03 17:00:00+00:00,3000.0,34.2,Saturé,2081,2851,"48.900486319501816, 2.3252996457778874",17,3,0,48.900486319501816,2.3252996457778874
5597,2025-05-09 12:00:00+00:00,269.0,4.99334,Fluide,2941,2940,"48.84625774622187, 2.3067866714999266",12,4,0,48.84625774622187,2.3067866714999266
5105,2025-06-05 01:00:00+00:00,58.0,0.74778,Fluide,2677,2687,"48.83352051883225, 2.3644324758979085",1,3,0,48.83352051883225,2.3644324758979085
6195,2025-11-04 15:00:00+00:00,309.0,3.87667,Fluide,2696,2528,"48.84984392364297, 2.395084770944187",15,1,0,48.84984392364297,2.395084770944187
5881,2025-12-02 05:00:00+00:00,29.0,0.46111,Fluide,3052,3050,"48.83862048517473, 2.357861000798005",5,1,0,48.83862048517473,2.357861000798005
5599,2025-05-09 12:00:00+00:00,269.0,4.85333,Fluide,2942,2941,"48.84724856639278, 2.303304619378921",12,4,0,48.84724856639278,2.303304619378921
4784,2025-06-04 15:00:00+00:00,315.0,11.54667,Fluide,2549,2548,"48.83789150118754, 2.355108550162809",15,2,0,48.83789150118754,2.355108550162809
1321,2025-08-26 11:00:00+00:00,462.0,14.98167,Fluide,240,723,"48.856651129820236, 2.371055005710623",11,1,0,48.856651129820236,2.371055005710623
6600,2025-10-09 19:00:00+00:00,199.5,1.61722,Fluide,296,294,"48.84195799974775, 2.3679033836078363",19,3,0,48.84195799974775,2.3679033836078363
4141,2025-11-04 19:00:00+00:00,2860.0,29.12056,Pré-saturé,3166,3165,"48.830680595044974, 2.386034359208499",19,1,0,48.830680595044974,2.386034359208499
514,2025-12-02 06:00:00+00:00,229.0,2.20278,Fluide,302,3049,"48.84003320611297, 2.361794430767522",6,1,0,48.84003320611297,2.361794430767522
5141,2026-01-04 18:00:00+00:00,202.0,6.75445,Fluide,2654,2704,"48.83260555977292, 2.379334355712254",18,6,1,48.83260555977292,2.379334355712254
5412,2025-04-03 18:00:00+00:00,3000.0,18.85,Pré-saturé,2081,2851,"48.900486319501816, 2.3252996457778874",18,3,0,48.900486319501816,2.3252996457778874
5597,2025-05-09 10:00:00+00:00,284.0,4.97778,Fluide,2941,2940,"48.84625774622187, 2.3067866714999266",10,4,0,48.84625774622187,2.3067866714999266
5105,2025-06-05 02:00:00+00:00,79.0,0.94945,Fluide,2677,2687,"48.83352051883225, 2.3644324758979085",2,3,0,48.83352051883225,2.3644324758979085
6195,2025-11-04 18:00:00+00:00,330.0,2.74667,Fluide,2696,2528,"48.84984392364297, 2.395084770944187",18,1,0,48.84984392364297,2.395084770944187
5599,2025-05-09 09:00:00+00:00,284.0,5.47111,Fluide,2942,2941,"48.84724856639278, 2.303304619378921",9,4,0,48.84724856639278,2.303304619378921
200,2025-09-02 12:00:00+00:00,541.0,14.26722,Fluide,123,124,"48.858247215285395, 2.328377849908698",12,1,0,48.858247215285395,2.328377849908698
4141,2025-11-04 21:00:00+00:00,1508.0,7.98556,Fluide,3166,3165,"48.830680595044974, 2.386034359208499",21,1,0,48.830680595044974,2.386034359208499
514,2025-12-02 08:00:00+00:00,359.0,1.25166,Fluide,302,3049,"48.84003320611297, 2.361794430767522",8,1,0,48.84003320611297,2.361794430767522
5141,2026-01-04 16:00:00+00:00,248.0,8.42389,Fluide,2654,2704,"48.83260555977292, 2.379334355712254",16,6,1,48.83260555977292,2.379334355712254
4778,2025-01-06 08:00:00+00:00,345.0,4.82,Inconnu,2548,2541,"48.83726955049516, 2.353143384281546",8,0,0,48.83726955049516,2.353143384281546
5412,2025-04-03 19:00:00+00:00,3000.0,10.75,Fluide,2081,2851,"48.900486319501816, 2.3252996457778874",19,3,0,48.900486319501816,2.3252996457778874
5594,2025-05-09 12:00:00+00:00,241.0,4.82,Inconnu,2931,2940,"48.845838308335246, 2.309231883574846",12,4,0,48.845838308335246,2.309231883574846
5105,2025-06-05 03:00:00+00:00,64.0,0.83666,Fluide,2677,2687,"48.83352051883225, 2.3644324758979085",3,3,0,48.83352051883225,2.3644324758979085
6195,2025-11-04 19:00:00+00:00,297.0,3.02833,Fluide,2696,2528,"48.84984392364297, 2.395084770944187",19,1,0,48.84984392364297,2.395084770944187
1111,2025-03-11 08:00:00+00:00,1028.0,6.16778,Fluide,577,618,"48.83555750250388, 2.2778522487341375",8,1,0,48.83555750250388,2.2778522487341375
5596,2025-05-09 09:00:00+00:00,271.0,2.91945,Fluide,2940,2941,"48.84650264200373, 2.3069128624005946",9,4,0,48.84650264200373,2.3069128624005946
4861,2025-07-23 22:00:00+00:00,129.0,5.09889,Fluide,2590,975,"48.8368862609867, 2.3890855147249033",22,2,0,48.8368862609867,2.3890855147249033
5897,2025-08-26 11:00:00+00:00,317.0,4.82,Inconnu,2644,724,"48.87163833880648, 2.369744196501313",11,1,0,48.87163833880648,2.369744196501313
206,2025-09-02 10:00:00+00:00,946.0,18.87667,Pré-saturé,127,125,"48.859401515368134, 2.3298456927105593",10,1,0,48.859401515368134,2.3298456927105593
6600,2025-10-09 22:00:00+00:00,198.0,1.29222,Fluide,296,294,"48.84195799974775, 2.3679033836078363",22,3,0,48.84195799974775,2.3679033836078363
4141,2025-11-04 22:00:00+00:00,1589.0,7.36722,Fluide,3166,3165,"48.830680595044974, 2.386034359208499",22,1,0,48.830680595044974,2.386034359208499
5879,2025-12-02 01:00:00+00:00,23.0,0.42389,Fluide,3050,3049,"48.83914247155719, 2.3594888568885475",1,1,0,48.83914247155719,2.3594888568885475
5141,2026-01-04 14:00:00+00:00,214.0,6.33167,Fluide,2654,2704,"48.83260555977292, 2.379334355712254",14,6,1,48.83260555977292,2.379334355712254
4575,2025-02-12 12:00:00+00:00,807.0,4.82,Inconnu,2443,2425,"48.862894180726116, 2.2948676922801883",12,2,0,48.862894180726116,2.2948676922801883
5412,2025-04-03 20:00:00+00:00,3000.0,8.95,Fluide,2081,2851,"48.900486319501816, 2.3252996457778874",20,3,0,48.900486319501816,2.3252996457778874
5594,2025-05-09 11:00:00+00:00,271.0,4.82,Inconnu,2931,2940,"48.845838308335246, 2.309231883574846",11,4,0,48.845838308335246,2.309231883574846
5105,2025-06-05 05:00:00+00:00,257.0,3.23389,Fluide,2677,2687,"48.83352051883225, 2.3644324758979085",5,3,0,48.83352051883225,2.3644324758979085
6195,2025-11-04 20:00:00+00:00,321.0,4.07611,Fluide,2696,2528,"48.84984392364297, 2.395084770944187",20,1,0,48.84984392364297,2.395084770944187
1111,2025-03-11 06:00:00+00:00,369.0,1.79278,Fluide,577,618,"48.83555750250388, 2.2778522487341375",6,1,0,48.83555750250388,2.2778522487341375
5601,2025-05-09 10:00:00+00:00,319.0,14.25222,Fluide,2943,2942,"48.84837491947879, 2.299537736155235",10,4,0,48.84837491947879,2.299537736155235
4787,2025-06-04 22:00:00+00:00,203.0,3.24333,Fluide,3052,2549,"48.8382719906119, 2.356332138570039",22,2,0,48.8382719906119,2.356332138570039
4861,2025-07-23 21:00:00+00:00,112.0,4.395,Fluide,2590,975,"48.8368862609867, 2.3890855147249033",21,2,0,48.8368862609867,2.3890855147249033
6642,2025-08-26 11:00:00+00:00,288.0,3.38056,Fluide,3439,725,"48.860331084888976, 2.4010359519054827",11,1,0,48.860331084888976,2.4010359519054827
206,2025-09-02 11:00:00+00:00,908.0,18.11,Pré-saturé,127,125,"48.859401515368134, 2.3298456927105593",11,1,0,48.859401515368134,2.3298456927105593
492,2025-10-09 13:00:00+00:00,672.0,31.05167,Saturé,293,294,"48.843587032120936, 2.3655696250146288",13,3,0,48.843587032120936,2.3655696250146288
4141,2025-11-04 23:00:00+00:00,1456.0,7.33111,Fluide,3166,3165,"48.830680595044974, 2.386034359208499",23,1,0,48.830680595044974,2.386034359208499
5879,2025-12-02 06:00:00+00:00,70.0,1.00389,Fluide,3050,3049,"48.83914247155719, 2.3594888568885475",6,1,0,48.83914247155719,2.3594888568885475
5141,2026-01-04 12:00:00+00:00,212.0,6.28056,Fluide,2654,2704,"48.83260555977292, 2.379334355712254",12,6,1,48.83260555977292,2.379334355712254
5314,2024-12-05 00:00:00+00:00,2202.0,12.85,Fluide,3081,2806,"48.81672489202113, 2.339933230631845",0,3,0,48.81672489202113,2.339933230631845
4784,2025-01-06 08:00:00+00:00,345.0,4.82,Inconnu,2549,2548,"48.83789150118754, 2.355108550162809",8,0,0,48.83789150118754,2.355108550162809
4575,2025-02-12 11:00:00+00:00,781.0,4.82,Inconnu,2443,2425,"48.862894180726116, 2.2948676922801883",11,2,0,48.862894180726116,2.2948676922801883
5412,2025-04-03 22:00:00+00:00,2662.0,6.4,Fluide,2081,2851,"48.900486319501816, 2.3252996457778874",22,3,0,48.900486319501816,2.3252996457778874
5599,2025-05-09 11:00:00+00:00,284.0,5.26833,Fluide,2942,2941,"48.84724856639278, 2.303304619378921",11,4,0,48.84724856639278,2.303304619378921
5105,2025-06-05 06:00:00+00:00,496.0,5.75778,Fluide,2677,2687,"48.83352051883225, 2.3644324758979085",6,3,0,48.83352051883225,2.3644324758979085
6195,2025-11-04 21:00:00+00:00,182.0,2.56444,Fluide,2696,2528,"48.84984392364297, 2.395084770944187",21,1,0,48.84984392364297,2.395084770944187
4836,2025-01-06 08:00:00+00:00,205.0,2.46167,Fluide,2572,3045,"48.83995789461699, 2.39387813531224",8,0,0,48.83995789461699,2.39387813531224
1111,2025-03-11 03:00:00+00:00,100.0,0.63334,Fluide,577,618,"48.83555750250388, 2.2778522487341375",3,1,0,48.83555750250388,2.2778522487341375
5601,2025-05-09 09:00:00+00:00,286.0,5.24667,Fluide,2943,2942,"48.84837491947879, 2.299537736155235",9,4,0,48.84837491947879,2.299537736155235
4787,2025-06-04 21:00:00+00:00,229.0,4.07612,Fluide,3052,2549,"48.8382719906119, 2.356332138570039",21,2,0,48.8382719906119,2.356332138570039
4861,2025-07-23 18:00:00+00:00,188.0,8.33445,Fluide,2590,975,"48.8368862609867, 2.3890855147249033",18,2,0,48.8368862609867,2.3890855147249033
1328,2025-08-26 11:00:00+00:00,560.0,10.82,Fluide,718,725,"48.86292506660174, 2.3997429385548483",11,1,0,48.86292506660174,2.3997429385548483
206,2025-09-02 12:00:00+00:00,1122.0,10.74778,Fluide,127,125,"48.859401515368134, 2.3298456927105593",12,1,0,48.859401515368134,2.3298456927105593
492,2025-10-09 14:00:00+00:00,565.0,45.56945,Saturé,293,294,"48.843587032120936, 2.3655696250146288",14,3,0,48.843587032120936,2.3655696250146288
6105,2025-11-04 15:00:00+00:00,2440.0,4.82,Inconnu,976,3166,"48.82907905721149, 2.3877219546267012",15,1,0,48.82907905721149,2.3877219546267012
5879,2025-12-02 07:00:00+00:00,149.0,1.74611,Fluide,3050,3049,"48.83914247155719, 2.3594888568885475",7,1,0,48.83914247155719,2.3594888568885475
5141,2026-01-04 11:00:00+00:00,294.0,8.12389,Fluide,2654,2704,"48.83260555977292, 2.379334355712254",11,6,1,48.83260555977292,2.379334355712254
5314,2024-12-05 01:00:00+00:00,1218.0,7.0,Fluide,3081,2806,"48.81672489202113, 2.339933230631845",1,3,0,48.81672489202113,2.339933230631845
4563,2025-02-12 17:00:00+00:00,564.0,32.49444,Saturé,2428,2425,"48.860692222016915, 2.291550315531306",17,2,0,48.860692222016915,2.291550315531306
4818,2025-03-10 22:00:00+00:00,128.0,2.05945,Fluide,2568,2570,"48.842161670150674, 2.352129756602518",22,0,0,48.842161670150674,2.352129756602518
5425,2025-04-03 16:00:00+00:00,3000.0,55.0,Bloqué,2803,2852,"48.879280546375846, 2.2813930948931773",16,3,0,48.879280546375846,2.2813930948931773
5599,2025-05-09 10:00:00+00:00,284.0,6.81167,Fluide,2942,2941,"48.84724856639278, 2.303304619378921",10,4,0,48.84724856639278,2.303304619378921
5092,2025-06-04 23:00:00+00:00,99.0,1.01334,Fluide,2689,2688,"48.835040114279764, 2.3679377144091056",23,2,0,48.835040114279764,2.3679377144091056
6195,2025-11-04 22:00:00+00:00,178.0,2.79833,Fluide,2696,2528,"48.84984392364297, 2.395084770944187",22,1,0,48.84984392364297,2.395084770944187
4837,2025-01-06 08:00:00+00:00,205.0,2.54167,Fluide,2577,2572,"48.840634590617256, 2.390879408076552",8,0,0,48.840634590617256,2.390879408076552
1111,2025-03-11 02:00:00+00:00,100.0,0.44667,Fluide,577,618,"48.83555750250388, 2.2778522487341375",2,1,0,48.83555750250388,2.2778522487341375
5598,2025-05-09 12:00:00+00:00,241.0,5.59056,Fluide,2941,2942,"48.84748977602621, 2.3035501487417545",12,4,0,48.84748977602621,2.3035501487417545
4787,2025-06-04 20:00:00+00:00,282.0,4.82,Fluide,3052,2549,"48.8382719906119, 2.356332138570039",20,2,0,48.8382719906119,2.356332138570039
4861,2025-07-23 15:00:00+00:00,189.0,7.43556,Fluide,2590,975,"48.8368862609867, 2.3890855147249033",15,2,0,48.8368862609867,2.3890855147249033
6327,2025-08-26 10:00:00+00:00,150.0,4.82,Inconnu,3282,726,"48.862988831178214, 2.3762999099783415",10,1,0,48.862988831178214,2.3762999099783415
201,2025-09-02 11:00:00+00:00,559.0,13.35333,Fluide,124,125,"48.859233077522205, 2.3290801570498156",11,1,0,48.859233077522205,2.3290801570498156
492,2025-10-09 16:00:00+00:00,389.0,61.20889,Bloqué,293,294,"48.843587032120936, 2.3655696250146288",16,3,0,48.843587032120936,2.3655696250146288
6105,2025-11-04 16:00:00+00:00,2376.0,4.82,Inconnu,976,3166,"48.82907905721149, 2.3877219546267012",16,1,0,48.82907905721149,2.3877219546267012
5879,2025-12-02 08:00:00+00:00,211.0,2.44,Fluide,3050,3049,"48.83914247155719, 2.3594888568885475",8,1,0,48.83914247155719,2.3594888568885475
5141,2026-01-04 08:00:00+00:00,52.0,1.21278,Fluide,2654,2704,"48.83260555977292, 2.379334355712254",8,6,1,48.83260555977292,2.379334355712254
5314,2024-12-05 02:00:00+00:00,780.0,4.3,Fluide,3081,2806,"48.81672489202113, 2.339933230631845",2,3,0,48.81672489202113,2.339933230631845
4563,2025-02-12 16:00:00+00:00,749.0,8.45722,Fluide,2428,2425,"48.860692222016915, 2.291550315531306",16,2,0,48.860692222016915,2.291550315531306
4818,2025-03-10 21:00:00+00:00,138.0,3.20722,Fluide,2568,2570,"48.842161670150674, 2.352129756602518",21,0,0,48.842161670150674,2.352129756602518
5425,2025-04-03 17:00:00+00:00,3000.0,48.35,Saturé,2803,2852,"48.879280546375846, 2.2813930948931773",17,3,0,48.879280546375846,2.2813930948931773
5596,2025-05-09 12:00:00+00:00,241.0,2.81333,Fluide,2940,2941,"48.84650264200373, 2.3069128624005946",12,4,0,48.84650264200373,2.3069128624005946
5092,2025-06-05 00:00:00+00:00,70.0,0.705,Fluide,2689,2688,"48.835040114279764, 2.3679377144091056",0,3,0,48.835040114279764,2.3679377144091056
4657,2025-07-23 22:00:00+00:00,99.0,2.90833,Fluide,2476,2478,"48.836830392995296, 2.261934756073604",22,2,0,48.836830392995296,2.261934756073604
1741,2025-09-02 09:00:00+00:00,440.0,4.82,Inconnu,3048,912,"48.89879794166572, 2.3718848078306394",9,1,0,48.89879794166572,2.3718848078306394
6195,2025-11-04 23:00:00+00:00,190.0,2.03667,Fluide,2696,2528,"48.84984392364297, 2.395084770944187",23,1,0,48.84984392364297,2.395084770944187
4838,2025-01-06 08:00:00+00:00,198.0,4.78,Fluide,2572,2577,"48.84074542019839, 2.3909353381931338",8,0,0,48.84074542019839,2.3909353381931338
5,2025-02-04 14:00:00+00:00,563.0,18.29,Pré-saturé,4,5,"48.858213830732595, 2.343447270814293",14,1,0,48.858213830732595,2.343447270814293
1222,2025-03-11 08:00:00+00:00,1028.0,6.16778,Fluide,618,619,"48.83473179550847, 2.2774264680508507",8,1,0,48.83473179550847,2.2774264680508507
5598,2025-05-09 11:00:00+00:00,271.0,12.92111,Fluide,2941,2942,"48.84748977602621, 2.3035501487417545",11,4,0,48.84748977602621,2.3035501487417545
4787,2025-06-04 16:00:00+00:00,313.0,9.56334,Fluide,3052,2549,"48.8382719906119, 2.356332138570039",16,2,0,48.8382719906119,2.356332138570039
4861,2025-07-23 14:00:00+00:00,210.0,8.82722,Fluide,2590,975,"48.8368862609867, 2.3890855147249033",14,2,0,48.8368862609867,2.3890855147249033
215,2025-09-02 11:00:00+00:00,1831.0,15.00333,Pré-saturé,3500,126,"48.86121653361036, 2.3289512883972106",11,1,0,48.86121653361036,2.3289512883972106
492,2025-10-09 17:00:00+00:00,588.0,37.35833,Saturé,293,294,"48.843587032120936, 2.3655696250146288",17,3,0,48.843587032120936,2.3655696250146288
6105,2025-11-04 18:00:00+00:00,2705.0,4.82,Inconnu,976,3166,"48.82907905721149, 2.3877219546267012",18,1,0,48.82907905721149,2.3877219546267012
5881,2025-12-02 00:00:00+00:00,78.0,1.11945,Fluide,3052,3050,"48.83862048517473, 2.357861000798005",0,1,0,48.83862048517473,2.357861000798005
5141,2026-01-04 07:00:00+00:00,52.0,1.36389,Fluide,2654,2704,"48.83260555977292, 2.379334355712254",7,6,1,48.83260555977292,2.379334355712254
5314,2024-12-05 04:00:00+00:00,822.0,5.2,Fluide,3081,2806,"48.81672489202113, 2.339933230631845",4,3,0,48.81672489202113,2.339933230631845
4797,2025-01-06 08:00:00+00:00,374.0,1.50944,Fluide,2555,3191,"48.837849570002774, 2.400459352731195",8,0,0,48.837849570002774,2.400459352731195
4563,2025-02-12 14:00:00+00:00,773.0,14.35833,Fluide,2428,2425,"48.860692222016915, 2.291550315531306",14,2,0,48.860692222016915,2.291550315531306
4818,2025-03-10 20:00:00+00:00,165.0,3.89056,Fluide,2568,2570,"48.842161670150674, 2.352129756602518",20,0,0,48.842161670150674,2.352129756602518
5425,2025-04-03 19:00:00+00:00,3000.0,14.5,Fluide,2803,2852,"48.879280546375846, 2.2813930948931773",19,3,0,48.879280546375846,2.2813930948931773
5596,2025-05-09 11:00:00+00:00,271.0,3.03667,Fluide,2940,2941,"48.84650264200373, 2.3069128624005946",11,4,0,48.84650264200373,2.3069128624005946
5092,2025-06-05 01:00:00+00:00,55.0,0.43056,Fluide,2689,2688,"48.835040114279764, 2.3679377144091056",1,3,0,48.835040114279764,2.3679377144091056
4657,2025-07-23 20:00:00+00:00,96.0,2.21611,Fluide,2476,2478,"48.836830392995296, 2.261934756073604",20,2,0,48.836830392995296,2.261934756073604
1860,2025-08-04 23:00:00+00:00,144.0,4.82,Inconnu,3641,2015,"48.89721834431457, 2.321741950250733",23,0,0,48.89721834431457,2.321741950250733
1728,2025-09-02 09:00:00+00:00,277.0,15.32,Pré-saturé,913,914,"48.90001293990805, 2.370256970330241",9,1,0,48.90001293990805,2.370256970330241
6373,2025-11-04 16:00:00+00:00,404.0,31.36056,Saturé,3302,2531,"48.853618380448665, 2.396344403148259",16,1,0,48.853618380448665,2.396344403148259
4839,2025-01-06 08:00:00+00:00,453.0,31.59833,Saturé,806,3398,"48.88836442716742, 2.391273716676053",8,0,0,48.88836442716742,2.391273716676053
6,2025-02-04 14:00:00+00:00,563.0,23.89056,Pré-saturé,5,6,"48.857746468051985, 2.3450617092212633",14,1,0,48.857746468051985,2.3450617092212633
1222,2025-03-11 07:00:00+00:00,781.0,12.65611,Fluide,618,619,"48.83473179550847, 2.2774264680508507",7,1,0,48.83473179550847,2.2774264680508507
5598,2025-05-09 09:00:00+00:00,271.0,6.20167,Fluide,2941,2942,"48.84748977602621, 2.3035501487417545",9,4,0,48.84748977602621,2.3035501487417545
1336,2025-08-26 10:00:00+00:00,320.0,6.87945,Fluide,716,727,"48.86657425546229, 2.367918428629489",10,1,0,48.86657425546229,2.367918428629489
492,2025-10-09 18:00:00+00:00,552.0,39.99611,Saturé,293,294,"48.843587032120936, 2.3655696250146288",18,3,0,48.843587032120936,2.3655696250146288
6105,2025-11-04 20:00:00+00:00,2390.0,4.82,Inconnu,976,3166,"48.82907905721149, 2.3877219546267012",20,1,0,48.82907905721149,2.3877219546267012
5881,2025-12-02 01:00:00+00:00,23.0,0.42389,Fluide,3052,3050,"48.83862048517473, 2.357861000798005",1,1,0,48.83862048517473,2.357861000798005
5141,2026-01-04 05:00:00+00:00,67.0,2.06944,Fluide,2654,2704,"48.83260555977292, 2.379334355712254",5,6,1,48.83260555977292,2.379334355712254
5314,2024-12-05 05:00:00+00:00,1433.0,9.0,Fluide,3081,2806,"48.81672489202113, 2.339933230631845",5,3,0,48.81672489202113,2.339933230631845
4798,2025-01-06 08:00:00+00:00,374.0,4.82,Inconnu,3191,2545,"48.83893493256619, 2.39746956736164",8,0,0,48.83893493256619,2.39746956736164
4818,2025-03-10 18:00:00+00:00,210.0,5.76945,Fluide,2568,2570,"48.842161670150674, 2.352129756602518",18,0,0,48.842161670150674,2.352129756602518
5425,2025-04-03 20:00:00+00:00,3000.0,11.45,Fluide,2803,2852,"48.879280546375846, 2.2813930948931773",20,3,0,48.879280546375846,2.2813930948931773
5596,2025-05-09 10:00:00+00:00,272.0,3.29556,Fluide,2940,2941,"48.84650264200373, 2.3069128624005946",10,4,0,48.84650264200373,2.3069128624005946
5092,2025-06-05 02:00:00+00:00,37.0,0.37222,Fluide,2689,2688,"48.835040114279764, 2.3679377144091056",2,3,0,48.835040114279764,2.3679377144091056
4657,2025-07-23 19:00:00+00:00,119.0,2.75,Fluide,2476,2478,"48.836830392995296, 2.261934756073604",19,2,0,48.836830392995296,2.261934756073604
1860,2025-08-05 01:00:00+00:00,81.0,4.82,Inconnu,3641,2015,"48.89721834431457, 2.321741950250733",1,1,0,48.89721834431457,2.321741950250733
4842,2025-01-06 08:00:00+00:00,227.0,3.35056,Fluide,2579,3026,"48.84372968545961, 2.382547784553606",8,0,0,48.84372968545961,2.382547784553606
43,2025-02-04 14:00:00+00:00,581.0,18.48833,Pré-saturé,42,7,"48.856697589038916, 2.3468175749399327",14,1,0,48.856697589038916,2.3468175749399327
1222,2025-03-11 03:00:00+00:00,100.0,0.63334,Fluide,618,619,"48.83473179550847, 2.2774264680508507",3,1,0,48.83473179550847,2.2774264680508507
5604,2025-05-09 12:00:00+00:00,247.0,5.45333,Fluide,2944,2943,"48.84939899713089, 2.29632153980358",12,4,0,48.84939899713089,2.29632153980358
492,2025-10-09 19:00:00+00:00,583.0,40.84667,Saturé,293,294,"48.843587032120936, 2.3655696250146288",19,3,0,48.843587032120936,2.3655696250146288
5881,2025-12-02 02:00:00+00:00,21.0,0.27056,Fluide,3052,3050,"48.83862048517473, 2.357861000798005",2,1,0,48.83862048517473,2.357861000798005
5141,2026-01-04 02:00:00+00:00,62.0,1.96778,Fluide,2654,2704,"48.83260555977292, 2.379334355712254",2,6,1,48.83260555977292,2.379334355712254
5314,2024-12-05 06:00:00+00:00,2445.0,15.35,Pré-saturé,3081,2806,"48.81672489202113, 2.339933230631845",6,3,0,48.81672489202113,2.339933230631845
4800,2025-01-06 08:00:00+00:00,374.0,1.50944,Fluide,520,2555,"48.836975994625014, 2.4028440496635777",8,0,0,48.836975994625014,2.4028440496635777
4818,2025-03-10 17:00:00+00:00,201.0,5.68667,Fluide,2568,2570,"48.842161670150674, 2.352129756602518",17,0,0,48.842161670150674,2.352129756602518
5425,2025-04-03 21:00:00+00:00,3000.0,9.1,Fluide,2803,2852,"48.879280546375846, 2.2813930948931773",21,3,0,48.879280546375846,2.2813930948931773
5601,2025-05-09 12:00:00+00:00,247.0,3.72778,Fluide,2943,2942,"48.84837491947879, 2.299537736155235",12,4,0,48.84837491947879,2.299537736155235
5092,2025-06-05 04:00:00+00:00,148.0,1.60667,Fluide,2689,2688,"48.835040114279764, 2.3679377144091056",4,3,0,48.835040114279764,2.3679377144091056
4657,2025-07-23 18:00:00+00:00,112.0,2.55611,Fluide,2476,2478,"48.836830392995296, 2.261934756073604",18,2,0,48.836830392995296,2.261934756073604
1860,2025-08-05 05:00:00+00:00,68.0,4.82,Inconnu,3641,2015,"48.89721834431457, 2.321741950250733",5,1,0,48.89721834431457,2.321741950250733
5380,2025-09-02 09:00:00+00:00,3000.0,10.05,Fluide,921,919,"48.90055711043053, 2.371341505874365",9,1,0,48.90055711043053,2.371341505874365
325,2025-10-10 22:00:00+00:00,498.0,12.15667,Fluide,186,134,"48.863327346078464, 2.319653985943428",22,4,0,48.863327346078464,2.319653985943428
6040,2025-12-02 02:00:00+00:00,199.0,1.51222,Fluide,2058,3129,"48.88315855430973, 2.3248824747898205",2,1,0,48.88315855430973,2.3248824747898205
4844,2025-01-06 08:00:00+00:00,396.0,31.31111,Saturé,2580,2581,"48.887455517678035, 2.3877553012294106",8,0,0,48.887455517678035,2.3877553012294106
1222,2025-03-11 02:00:00+00:00,100.0,0.44667,Fluide,618,619,"48.83473179550847, 2.2774264680508507",2,1,0,48.83473179550847,2.2774264680508507
5604,2025-05-09 10:00:00+00:00,319.0,5.97056,Fluide,2944,2943,"48.84939899713089, 2.29632153980358",10,4,0,48.84939899713089,2.29632153980358
204,2025-09-02 12:00:00+00:00,1122.0,10.74778,Fluide,67,127,"48.85894694995909, 2.3312205472628893",12,1,0,48.85894694995909,2.3312205472628893
492,2025-10-09 20:00:00+00:00,555.0,21.51222,Pré-saturé,293,294,"48.843587032120936, 2.3655696250146288",20,3,0,48.843587032120936,2.3655696250146288
5881,2025-12-02 06:00:00+00:00,70.0,1.00389,Fluide,3052,3050,"48.83862048517473, 2.357861000798005",6,1,0,48.83862048517473,2.357861000798005
5517,2026-01-04 22:00:00+00:00,102.0,1.40667,Fluide,2253,2704,"48.83360254810883, 2.3779009218120715",22,6,1,48.83360254810883,2.3779009218120715
5314,2024-12-05 07:00:00+00:00,1733.0,45.65,Saturé,3081,2806,"48.81672489202113, 2.339933230631845",7,3,0,48.81672489202113,2.339933230631845
4818,2025-03-10 16:00:00+00:00,246.0,8.56834,Fluide,2568,2570,"48.842161670150674, 2.352129756602518",16,0,0,48.842161670150674,2.352129756602518
5500,2025-04-03 15:00:00+00:00,759.0,6.7,Fluide,2768,2852,"48.88063994118136, 2.2822477054484014",15,3,0,48.88063994118136,2.2822477054484014
5601,2025-05-09 11:00:00+00:00,324.0,19.83778,Pré-saturé,2943,2942,"48.84837491947879, 2.299537736155235",11,4,0,48.84837491947879,2.299537736155235
5092,2025-06-05 05:00:00+00:00,291.0,3.34111,Fluide,2689,2688,"48.835040114279764, 2.3679377144091056",5,3,0,48.835040114279764,2.3679377144091056
4657,2025-07-23 17:00:00+00:00,110.0,2.73334,Fluide,2476,2478,"48.836830392995296, 2.261934756073604",17,2,0,48.836830392995296,2.261934756073604
1860,2025-08-05 06:00:00+00:00,90.0,4.82,Inconnu,3641,2015,"48.89721834431457, 2.321741950250733",6,1,0,48.89721834431457,2.321741950250733
5379,2025-09-02 09:00:00+00:00,3000.0,18.2,Pré-saturé,954,921,"48.90068533054525, 2.3655549032039405",9,1,0,48.90068533054525,2.3655549032039405
325,2025-10-10 21:00:00+00:00,518.0,8.28334,Fluide,186,134,"48.863327346078464, 2.319653985943428",21,4,0,48.863327346078464,2.319653985943428
6040,2025-12-02 03:00:00+00:00,129.0,1.10111,Fluide,2058,3129,"48.88315855430973, 2.3248824747898205",3,1,0,48.88315855430973,2.3248824747898205
4845,2025-01-06 08:00:00+00:00,275.0,4.85278,Fluide,2579,2661,"48.84482801628084, 2.380555471987928",8,0,0,48.84482801628084,2.380555471987928
7,2025-02-04 14:00:00+00:00,563.0,68.92111,Bloqué,6,7,"48.857354964968415, 2.346447962539128",14,1,0,48.857354964968415,2.346447962539128
1222,2025-03-11 01:00:00+00:00,138.0,0.67833,Fluide,618,619,"48.83473179550847, 2.2774264680508507",1,1,0,48.83473179550847,2.2774264680508507
5604,2025-05-09 09:00:00+00:00,286.0,5.66944,Fluide,2944,2943,"48.84939899713089, 2.29632153980358",9,4,0,48.84939899713089,2.29632153980358
1338,2025-08-26 11:00:00+00:00,264.0,4.82,Inconnu,729,728,"48.86717510534902, 2.396601702189173",11,1,0,48.86717510534902,2.396601702189173
492,2025-10-09 22:00:00+00:00,538.0,14.27722,Fluide,293,294,"48.843587032120936, 2.3655696250146288",22,3,0,48.843587032120936,2.3655696250146288
5881,2025-12-02 07:00:00+00:00,149.0,1.74611,Fluide,3052,3050,"48.83862048517473, 2.357861000798005",7,1,0,48.83862048517473,2.357861000798005
5517,2026-01-04 21:00:00+00:00,94.0,1.22445,Fluide,2253,2704,"48.83360254810883, 2.3779009218120715",21,6,1,48.83360254810883,2.3779009218120715
5934,2024-12-05 01:00:00+00:00,596.0,4.97,Fluide,3082,3083,"48.88369029569291, 2.332441379660131",1,3,0,48.88369029569291,2.332441379660131
4807,2025-01-06 08:00:00+00:00,462.0,5.38834,Fluide,2560,2541,"48.837657956487604, 2.351096989184593",8,0,0,48.837657956487604,2.351096989184593
5500,2025-04-03 18:00:00+00:00,568.0,2.75,Fluide,2768,2852,"48.88063994118136, 2.2822477054484014",18,3,0,48.88063994118136,2.2822477054484014
5598,2025-05-09 10:00:00+00:00,272.0,14.48778,Fluide,2941,2942,"48.84748977602621, 2.3035501487417545",10,4,0,48.84748977602621,2.3035501487417545
5092,2025-06-05 06:00:00+00:00,458.0,6.94222,Fluide,2689,2688,"48.835040114279764, 2.3679377144091056",6,3,0,48.835040114279764,2.3679377144091056
4657,2025-07-23 15:00:00+00:00,99.0,2.19222,Fluide,2476,2478,"48.836830392995296, 2.261934756073604",15,2,0,48.836830392995296,2.261934756073604
325,2025-10-10 20:00:00+00:00,487.0,4.51833,Fluide,186,134,"48.863327346078464, 2.319653985943428",20,4,0,48.863327346078464,2.319653985943428
6040,2025-12-02 04:00:00+00:00,132.0,1.00611,Fluide,2058,3129,"48.88315855430973, 2.3248824747898205",4,1,0,48.88315855430973,2.3248824747898205
4847,2025-01-06 08:00:00+00:00,453.0,4.82,Inconnu,2581,2583,"48.88688498816808, 2.3855429645267",8,0,0,48.88688498816808,2.3855429645267
5600,2025-05-09 12:00:00+00:00,243.0,5.28889,Fluide,2942,2943,"48.84862524968919, 2.2998376470383732",12,4,0,48.84862524968919,2.2998376470383732
6641,2025-08-26 10:00:00+00:00,249.0,4.82,Inconnu,3438,729,"48.86884391716167, 2.3952996791284455",10,1,0,48.86884391716167,2.3952996791284455
498,2025-10-09 14:00:00+00:00,143.0,2.61445,Fluide,297,296,"48.84136659993182, 2.3687218598334345",14,3,0,48.84136659993182,2.3687218598334345
5881,2025-12-02 08:00:00+00:00,211.0,2.44,Fluide,3052,3050,"48.83862048517473, 2.357861000798005",8,1,0,48.83862048517473,2.357861000798005
5517,2026-01-04 20:00:00+00:00,160.0,2.12333,Fluide,2253,2704,"48.83360254810883, 2.3779009218120715",20,6,1,48.83360254810883,2.3779009218120715
5934,2024-12-05 02:00:00+00:00,549.0,5.1,Fluide,3082,3083,"48.88369029569291, 2.332441379660131",2,3,0,48.88369029569291,2.332441379660131
4818,2025-01-06 08:00:00+00:00,287.0,8.37334,Fluide,2568,2570,"48.842161670150674, 2.352129756602518",8,0,0,48.842161670150674,2.352129756602518
5604,2025-05-09 11:00:00+00:00,324.0,14.245,Fluide,2944,2943,"48.84939899713089, 2.29632153980358",11,4,0,48.84939899713089,2.29632153980358
5092,2025-06-05 07:00:00+00:00,571.0,12.15222,Fluide,2689,2688,"48.835040114279764, 2.3679377144091056",7,3,0,48.835040114279764,2.3679377144091056
4658,2025-07-23 21:00:00+00:00,488.0,3.63556,Fluide,2479,2478,"48.835588876786645, 2.262963832064931",21,2,0,48.835588876786645,2.262963832064931
5391,2025-09-02 09:00:00+00:00,3000.0,20.65,Pré-saturé,923,922,"48.90106679555779, 2.3440627328644754",9,1,0,48.90106679555779,2.3440627328644754
326,2025-10-10 20:00:00+00:00,940.0,4.35167,Fluide,134,186,"48.863375801175536, 2.319489166310283",20,4,0,48.863375801175536,2.319489166310283
6040,2025-12-02 07:00:00+00:00,640.0,6.72889,Fluide,2058,3129,"48.88315855430973, 2.3248824747898205",7,1,0,48.88315855430973,2.3248824747898205
8,2025-02-04 14:00:00+00:00,1242.0,11.61945,Fluide,7,8,"48.85693807587337, 2.348013757001608",14,1,0,48.85693807587337,2.348013757001608
5600,2025-05-09 11:00:00+00:00,282.0,7.62056,Fluide,2942,2943,"48.84862524968919, 2.2998376470383732",11,4,0,48.84862524968919,2.2998376470383732
424,2025-09-02 10:00:00+00:00,951.0,4.82,Inconnu,249,130,"48.84983578119594, 2.3555138167821377",10,1,0,48.84983578119594,2.3555138167821377
498,2025-10-09 16:00:00+00:00,129.0,2.19167,Fluide,297,296,"48.84136659993182, 2.3687218598334345",16,3,0,48.84136659993182,2.3687218598334345
5517,2026-01-04 19:00:00+00:00,212.0,2.90333,Fluide,2253,2704,"48.83360254810883, 2.3779009218120715",19,6,1,48.83360254810883,2.3779009218120715
5934,2024-12-05 03:00:00+00:00,433.0,4.81778,Fluide,3082,3083,"48.88369029569291, 2.332441379660131",3,3,0,48.88369029569291,2.332441379660131
5600,2025-05-09 10:00:00+00:00,259.0,10.10056,Fluide,2942,2943,"48.84862524968919, 2.2998376470383732",10,4,0,48.84862524968919,2.2998376470383732
5088,2025-06-05 00:00:00+00:00,92.0,1.44722,Fluide,2687,2688,"48.83417328451617, 2.3662347757460873",0,3,0,48.83417328451617,2.3662347757460873
4658,2025-07-23 20:00:00+00:00,585.0,4.56611,Fluide,2479,2478,"48.835588876786645, 2.262963832064931",20,2,0,48.835588876786645,2.262963832064931
5394,2025-09-02 09:00:00+00:00,3000.0,17.75,Pré-saturé,925,924,"48.90088440510149, 2.3440928788691293",9,1,0,48.90088440510149,2.3440928788691293
327,2025-10-10 19:00:00+00:00,1359.0,13.51223,Fluide,186,190,"48.862326853937006, 2.319380958773737",19,4,0,48.862326853937006,2.319380958773737
5878,2025-12-02 00:00:00+00:00,96.0,1.19334,Fluide,3049,3050,"48.83926885244233, 2.3593725219226456",0,1,0,48.83926885244233,2.3593725219226456
9,2025-02-04 14:00:00+00:00,1536.0,19.81722,Pré-saturé,8,9,"48.85658917146269, 2.349190963186991",14,1,0,48.85658917146269,2.349190963186991
5602,2025-05-09 12:00:00+00:00,243.0,4.74556,Fluide,2943,2944,"48.849655356537454, 2.2965473139853927",12,4,0,48.849655356537454,2.2965473139853927
4800,2025-06-04 22:00:00+00:00,125.0,0.63611,Fluide,520,2555,"48.836975994625014, 2.4028440496635777",22,2,0,48.836975994625014,2.4028440496635777
6756,2025-09-02 12:00:00+00:00,1691.0,19.53222,Pré-saturé,133,132,"48.86295033033705, 2.3234559235667005",12,1,0,48.86295033033705,2.3234559235667005
498,2025-10-09 17:00:00+00:00,159.0,2.42167,Fluide,297,296,"48.84136659993182, 2.3687218598334345",17,3,0,48.84136659993182,2.3687218598334345
5517,2026-01-04 18:00:00+00:00,238.0,3.39056,Fluide,2253,2704,"48.83360254810883, 2.3779009218120715",18,6,1,48.83360254810883,2.3779009218120715
5934,2024-12-05 04:00:00+00:00,269.0,1.98445,Fluide,3082,3083,"48.88369029569291, 2.332441379660131",4,3,0,48.88369029569291,2.332441379660131
5600,2025-05-09 09:00:00+00:00,251.0,8.49167,Fluide,2942,2943,"48.84862524968919, 2.2998376470383732",9,4,0,48.84862524968919,2.2998376470383732
5088,2025-06-05 01:00:00+00:00,58.0,0.74778,Fluide,2687,2688,"48.83417328451617, 2.3662347757460873",1,3,0,48.83417328451617,2.3662347757460873
4658,2025-07-23 19:00:00+00:00,1068.0,7.93111,Fluide,2479,2478,"48.835588876786645, 2.262963832064931",19,2,0,48.835588876786645,2.262963832064931
5393,2025-09-02 09:00:00+00:00,3000.0,19.3,Pré-saturé,2012,925,"48.90073235478515, 2.337226414322859",9,1,0,48.90073235478515,2.337226414322859
330,2025-10-10 21:00:00+00:00,1048.0,6.395,Fluide,190,191,"48.86161539750012, 2.320127765441593",21,4,0,48.86161539750012,2.320127765441593
5878,2025-12-02 01:00:00+00:00,70.0,0.76278,Fluide,3049,3050,"48.83926885244233, 2.3593725219226456",1,1,0,48.83926885244233,2.3593725219226456
4866,2025-01-06 08:00:00+00:00,247.0,5.37722,Fluide,2585,2592,"48.83908062088472, 2.390730098299718",8,0,0,48.83908062088472,2.390730098299718
5602,2025-05-09 11:00:00+00:00,282.0,6.90222,Fluide,2943,2944,"48.849655356537454, 2.2965473139853927",11,4,0,48.849655356537454,2.2965473139853927
4800,2025-06-04 20:00:00+00:00,181.0,0.77944,Fluide,520,2555,"48.836975994625014, 2.4028440496635777",20,2,0,48.836975994625014,2.4028440496635777
4863,2025-07-23 19:00:00+00:00,291.0,3.17222,Fluide,2589,3044,"48.83925786934976, 2.386787603757409",19,2,0,48.83925786934976,2.386787603757409
1347,2025-08-26 11:00:00+00:00,174.0,2.84667,Fluide,730,731,"48.865557677957355, 2.366936891915289",11,1,0,48.865557677957355,2.366936891915289
498,2025-10-09 19:00:00+00:00,138.0,1.84667,Fluide,297,296,"48.84136659993182, 2.3687218598334345",19,3,0,48.84136659993182,2.3687218598334345
5517,2026-01-04 16:00:00+00:00,305.0,4.39278,Fluide,2253,2704,"48.83360254810883, 2.3779009218120715",16,6,1,48.83360254810883,2.3779009218120715
5934,2024-12-05 05:00:00+00:00,323.0,2.27556,Fluide,3082,3083,"48.88369029569291, 2.332441379660131",5,3,0,48.88369029569291,2.332441379660131
5605,2025-05-09 12:00:00+00:00,247.0,3.87278,Fluide,2945,2944,"48.85027864098127, 2.2935973242211425",12,4,0,48.85027864098127,2.2935973242211425
5088,2025-06-05 04:00:00+00:00,101.0,1.35889,Fluide,2687,2688,"48.83417328451617, 2.3662347757460873",4,3,0,48.83417328451617,2.3662347757460873
4658,2025-07-23 18:00:00+00:00,1327.0,9.44333,Fluide,2479,2478,"48.835588876786645, 2.262963832064931",18,2,0,48.835588876786645,2.262963832064931
6670,2025-09-02 09:00:00+00:00,705.0,22.035,Pré-saturé,3457,926,"48.896117158623916, 2.3708861482935073",9,1,0,48.896117158623916,2.3708861482935073
331,2025-10-10 21:00:00+00:00,1048.0,6.395,Fluide,191,192,"48.8606381659059, 2.321058914789797",21,4,0,48.8606381659059,2.321058914789797
5878,2025-12-02 02:00:00+00:00,40.0,0.47445,Fluide,3049,3050,"48.83926885244233, 2.3593725219226456",2,1,0,48.83926885244233,2.3593725219226456
4867,2025-01-06 08:00:00+00:00,247.0,4.82,Inconnu,2592,3045,"48.839411108412875, 2.3948147032128397",8,0,0,48.839411108412875,2.3948147032128397
13,2025-02-04 14:00:00+00:00,354.0,3.69056,Fluide,12,11,"48.85488064754144, 2.353859559926338",14,1,0,48.85488064754144,2.353859559926338
5602,2025-05-09 10:00:00+00:00,259.0,4.975,Fluide,2943,2944,"48.849655356537454, 2.2965473139853927",10,4,0,48.849655356537454,2.2965473139853927
4800,2025-06-04 17:00:00+00:00,238.0,1.76389,Fluide,520,2555,"48.836975994625014, 2.4028440496635777",17,2,0,48.836975994625014,2.4028440496635777
4863,2025-07-23 17:00:00+00:00,404.0,5.08222,Fluide,2589,3044,"48.83925786934976, 2.386787603757409",17,2,0,48.83925786934976,2.386787603757409
1348,2025-08-26 10:00:00+00:00,203.0,8.18945,Fluide,699,731,"48.864485193876064, 2.368996648158892",10,1,0,48.864485193876064,2.368996648158892
498,2025-10-09 20:00:00+00:00,99.0,1.82778,Fluide,297,296,"48.84136659993182, 2.3687218598334345",20,3,0,48.84136659993182,2.3687218598334345
5517,2026-01-04 15:00:00+00:00,214.0,2.93667,Fluide,2253,2704,"48.83360254810883, 2.3779009218120715",15,6,1,48.83360254810883,2.3779009218120715
4822,2025-03-10 23:00:00+00:00,99.0,1.42445,Fluide,2570,2571,"48.84356747626758, 2.352326529221334",23,0,0,48.84356747626758,2.352326529221334
5605,2025-05-09 11:00:00+00:00,324.0,4.96611,Fluide,2945,2944,"48.85027864098127, 2.2935973242211425",11,4,0,48.85027864098127,2.2935973242211425
5088,2025-06-05 05:00:00+00:00,257.0,3.23389,Fluide,2687,2688,"48.83417328451617, 2.3662347757460873",5,3,0,48.83417328451617,2.3662347757460873
4658,2025-07-23 15:00:00+00:00,655.0,4.54889,Fluide,2479,2478,"48.835588876786645, 2.262963832064931",15,2,0,48.835588876786645,2.262963832064931
332,2025-10-10 22:00:00+00:00,1077.0,9.14333,Fluide,192,193,"48.85959288027426, 2.322055002385449",22,4,0,48.85959288027426,2.322055002385449
5878,2025-12-02 03:00:00+00:00,28.0,0.24945,Fluide,3049,3050,"48.83926885244233, 2.3593725219226456",3,1,0,48.83926885244233,2.3593725219226456
5607,2025-05-09 11:00:00+00:00,324.0,4.82,Inconnu,2946,2945,"48.85118508637819, 2.291777578164015",11,4,0,48.85118508637819,2.291777578164015
4800,2025-06-04 16:00:00+00:00,187.0,1.55222,Fluide,520,2555,"48.836975994625014, 2.4028440496635777",16,2,0,48.836975994625014,2.4028440496635777
498,2025-10-09 22:00:00+00:00,124.0,1.80111,Fluide,297,296,"48.84136659993182, 2.3687218598334345",22,3,0,48.84136659993182,2.3687218598334345
5517,2026-01-04 14:00:00+00:00,246.0,3.46945,Fluide,2253,2704,"48.83360254810883, 2.3779009218120715",14,6,1,48.83360254810883,2.3779009218120715
4822,2025-03-10 22:00:00+00:00,128.0,1.79889,Fluide,2570,2571,"48.84356747626758, 2.352326529221334",22,0,0,48.84356747626758,2.352326529221334
5605,2025-05-09 10:00:00+00:00,319.0,4.69167,Fluide,2945,2944,"48.85027864098127, 2.2935973242211425",10,4,0,48.85027864098127,2.2935973242211425
5088,2025-06-05 06:00:00+00:00,496.0,5.75778,Fluide,2687,2688,"48.83417328451617, 2.3662347757460873",6,3,0,48.83417328451617,2.3662347757460873
332,2025-10-10 21:00:00+00:00,1048.0,7.99833,Fluide,192,193,"48.85959288027426, 2.322055002385449",21,4,0,48.85959288027426,2.322055002385449
5878,2025-12-02 04:00:00+00:00,48.0,0.49667,Fluide,3049,3050,"48.83926885244233, 2.3593725219226456",4,1,0,48.83926885244233,2.3593725219226456
644,2025-02-04 14:00:00+00:00,354.0,4.82,Inconnu,261,12,"48.85412621727309, 2.355780032289201",14,1,0,48.85412621727309,2.355780032289201
5603,2025-05-09 12:00:00+00:00,243.0,6.86611,Fluide,2944,2945,"48.85050616570732, 2.293841687997059",12,4,0,48.85050616570732,2.293841687997059
6304,2025-08-26 10:00:00+00:00,341.0,4.82,Inconnu,3273,733,"48.860765701451896, 2.37527280301053",10,1,0,48.860765701451896,2.37527280301053
218,2025-09-02 10:00:00+00:00,326.0,2.36945,Fluide,134,133,"48.86367850599741, 2.3212218824646964",10,1,0,48.86367850599741,2.3212218824646964
495,2025-10-09 16:00:00+00:00,389.0,16.65667,Pré-saturé,294,296,"48.84254425354685, 2.3669609269209184",16,3,0,48.84254425354685,2.3669609269209184
5517,2026-01-04 13:00:00+00:00,155.0,2.04167,Fluide,2253,2704,"48.83360254810883, 2.3779009218120715",13,6,1,48.83360254810883,2.3779009218120715
4822,2025-03-10 21:00:00+00:00,138.0,1.67111,Fluide,2570,2571,"48.84356747626758, 2.352326529221334",21,0,0,48.84356747626758,2.352326529221334
5605,2025-05-09 09:00:00+00:00,286.0,4.21111,Fluide,2945,2944,"48.85027864098127, 2.2935973242211425",9,4,0,48.85027864098127,2.2935973242211425
5088,2025-06-05 07:00:00+00:00,601.0,9.29056,Fluide,2687,2688,"48.83417328451617, 2.3662347757460873",7,3,0,48.83417328451617,2.3662347757460873
1890,2025-08-05 05:00:00+00:00,68.0,0.13556,Fluide,2019,2018,"48.89567269303524, 2.317328836703757",5,1,0,48.89567269303524,2.317328836703757
332,2025-10-10 20:00:00+00:00,1131.0,10.72,Fluide,192,193,"48.85959288027426, 2.322055002385449",20,4,0,48.85959288027426,2.322055002385449
5878,2025-12-02 06:00:00+00:00,229.0,2.74611,Fluide,3049,3050,"48.83926885244233, 2.3593725219226456",6,1,0,48.83926885244233,2.3593725219226456
5603,2025-05-09 11:00:00+00:00,282.0,7.36278,Fluide,2944,2945,"48.85050616570732, 2.293841687997059",11,4,0,48.85050616570732,2.293841687997059
1359,2025-08-26 11:00:00+00:00,387.0,14.24778,Fluide,720,733,"48.86157283192955, 2.3736501788917237",11,1,0,48.86157283192955,2.3736501788917237
218,2025-09-02 11:00:00+00:00,311.0,1.995,Fluide,134,133,"48.86367850599741, 2.3212218824646964",11,1,0,48.86367850599741,2.3212218824646964
495,2025-10-09 18:00:00+00:00,552.0,15.57,Pré-saturé,294,296,"48.84254425354685, 2.3669609269209184",18,3,0,48.84254425354685,2.3669609269209184
5517,2026-01-04 11:00:00+00:00,132.0,1.49556,Fluide,2253,2704,"48.83360254810883, 2.3779009218120715",11,6,1,48.83360254810883,2.3779009218120715
4840,2025-01-06 08:00:00+00:00,198.0,10.27667,Fluide,2577,2578,"48.84165030225621, 2.387158799117701",8,0,0,48.84165030225621,2.387158799117701
4822,2025-03-10 20:00:00+00:00,165.0,2.32778,Fluide,2570,2571,"48.84356747626758, 2.352326529221334",20,0,0,48.84356747626758,2.352326529221334
5602,2025-05-09 09:00:00+00:00,251.0,5.51056,Fluide,2943,2944,"48.849655356537454, 2.2965473139853927",9,4,0,48.849655356537454,2.2965473139853927
5095,2025-06-05 03:00:00+00:00,17.0,0.22389,Fluide,2690,2689,"48.83582700334228, 2.3700747334324723",3,3,0,48.83582700334228,2.3700747334324723
1890,2025-08-05 06:00:00+00:00,90.0,0.16222,Fluide,2019,2018,"48.89567269303524, 2.317328836703757",6,1,0,48.89567269303524,2.317328836703757
333,2025-10-10 22:00:00+00:00,1077.0,9.14333,Fluide,193,194,"48.85875995678741, 2.322848651970562",22,4,0,48.85875995678741,2.322848651970562
5878,2025-12-02 07:00:00+00:00,335.0,5.97556,Fluide,3049,3050,"48.83926885244233, 2.3593725219226456",7,1,0,48.83926885244233,2.3593725219226456
44,2025-02-04 14:00:00+00:00,860.0,4.82,Inconnu,7,17,"48.85740111851203, 2.347505671988261",14,1,0,48.85740111851203,2.347505671988261
5603,2025-05-09 09:00:00+00:00,251.0,9.50278,Fluide,2944,2945,"48.85050616570732, 2.293841687997059",9,4,0,48.85050616570732,2.293841687997059
6716,2025-08-26 10:00:00+00:00,54.0,1.43,Fluide,3479,734,"48.87479438202579, 2.408048165040043",10,1,0,48.87479438202579,2.408048165040043
218,2025-09-02 12:00:00+00:00,276.0,1.75,Fluide,134,133,"48.86367850599741, 2.3212218824646964",12,1,0,48.86367850599741,2.3212218824646964
500,2025-10-09 15:00:00+00:00,139.0,2.53,Fluide,298,297,"48.840150867596506, 2.3703984550710673",15,3,0,48.840150867596506,2.3703984550710673
5517,2026-01-04 01:00:00+00:00,69.0,1.04556,Fluide,2253,2704,"48.83360254810883, 2.3779009218120715",1,6,1,48.83360254810883,2.3779009218120715
4822,2025-03-10 18:00:00+00:00,210.0,2.95611,Fluide,2570,2571,"48.84356747626758, 2.352326529221334",18,0,0,48.84356747626758,2.352326529221334
5607,2025-05-09 12:00:00+00:00,247.0,4.82,Inconnu,2946,2945,"48.85118508637819, 2.291777578164015",12,4,0,48.85118508637819,2.291777578164015
5095,2025-06-05 05:00:00+00:00,201.0,2.21667,Fluide,2690,2689,"48.83582700334228, 2.3700747334324723",5,3,0,48.83582700334228,2.3700747334324723
1864,2025-08-05 02:00:00+00:00,40.0,34.51945,Saturé,2024,2019,"48.895131321886886, 2.31586554897791",2,1,0,48.895131321886886,2.31586554897791
1765,2025-09-02 09:00:00+00:00,102.0,0.80889,Fluide,932,933,"48.898440125288424, 2.3848029634822216",9,1,0,48.898440125288424,2.3848029634822216
333,2025-10-10 21:00:00+00:00,1048.0,7.99833,Fluide,193,194,"48.85875995678741, 2.322848651970562",21,4,0,48.85875995678741,2.322848651970562
5877,2025-12-02 00:00:00+00:00,96.0,4.82,Inconnu,3050,3052,"48.83873806344009, 2.357770481234704",0,1,0,48.83873806344009,2.357770481234704
5609,2025-05-09 12:00:00+00:00,247.0,4.82,Inconnu,2390,2946,"48.852050105196106, 2.290919571391343",12,4,0,48.852050105196106,2.290919571391343
1421,2025-08-26 11:00:00+00:00,38.0,0.54833,Fluide,756,734,"48.87615654365918, 2.407087756186338",11,1,0,48.87615654365918,2.407087756186338
325,2025-09-02 11:00:00+00:00,575.0,5.02167,Fluide,186,134,"48.863327346078464, 2.319653985943428",11,1,0,48.863327346078464,2.319653985943428
500,2025-10-09 17:00:00+00:00,159.0,2.42167,Fluide,298,297,"48.840150867596506, 2.3703984550710673",17,3,0,48.840150867596506,2.3703984550710673
4841,2025-01-06 08:00:00+00:00,205.0,2.54167,Fluide,2578,2577,"48.841253112153154, 2.388181688278932",8,0,0,48.841253112153154,2.388181688278932
4822,2025-03-10 16:00:00+00:00,246.0,3.63778,Fluide,2570,2571,"48.84356747626758, 2.352326529221334",16,0,0,48.84356747626758,2.352326529221334
5607,2025-05-09 10:00:00+00:00,319.0,4.82,Inconnu,2946,2945,"48.85118508637819, 2.291777578164015",10,4,0,48.85118508637819,2.291777578164015
5095,2025-06-05 06:00:00+00:00,348.0,5.26889,Fluide,2690,2689,"48.83582700334228, 2.3700747334324723",6,3,0,48.83582700334228,2.3700747334324723
1864,2025-08-05 05:00:00+00:00,68.0,21.40389,Pré-saturé,2024,2019,"48.895131321886886, 2.31586554897791",5,1,0,48.895131321886886,2.31586554897791
334,2025-10-10 20:00:00+00:00,1131.0,10.72,Fluide,194,195,"48.85813248206045, 2.3234232862787794",20,4,0,48.85813248206045,2.3234232862787794
5877,2025-12-02 01:00:00+00:00,70.0,4.82,Inconnu,3050,3052,"48.83873806344009, 2.357770481234704",1,1,0,48.83873806344009,2.357770481234704
5609,2025-05-09 10:00:00+00:00,319.0,4.82,Inconnu,2390,2946,"48.852050105196106, 2.290919571391343",10,4,0,48.852050105196106,2.290919571391343
1360,2025-08-26 11:00:00+00:00,147.0,24.54444,Pré-saturé,735,734,"48.87498606185298, 2.4056941563012524",11,1,0,48.87498606185298,2.4056941563012524
325,2025-09-02 12:00:00+00:00,625.0,6.28111,Fluide,186,134,"48.863327346078464, 2.319653985943428",12,1,0,48.863327346078464,2.319653985943428
500,2025-10-09 19:00:00+00:00,138.0,1.84667,Fluide,298,297,"48.840150867596506, 2.3703984550710673",19,3,0,48.840150867596506,2.3703984550710673
4843,2025-01-06 08:00:00+00:00,235.0,5.29556,Fluide,3026,2579,"48.843812573208986, 2.3826424293292057",8,0,0,48.843812573208986,2.3826424293292057
4547,2025-02-12 16:00:00+00:00,1033.0,13.73389,Fluide,2425,2428,"48.86073747943953, 2.291463276376943",16,2,0,48.86073747943953,2.291463276376943
5607,2025-05-09 09:00:00+00:00,286.0,4.82,Inconnu,2946,2945,"48.85118508637819, 2.291777578164015",9,4,0,48.85118508637819,2.291777578164015
5095,2025-06-05 07:00:00+00:00,565.0,23.70334,Pré-saturé,2690,2689,"48.83582700334228, 2.3700747334324723",7,3,0,48.83582700334228,2.3700747334324723
1864,2025-08-05 06:00:00+00:00,90.0,10.69889,Fluide,2024,2019,"48.895131321886886, 2.31586554897791",6,1,0,48.895131321886886,2.31586554897791
334,2025-10-10 19:00:00+00:00,1359.0,13.235,Fluide,194,195,"48.85813248206045, 2.3234232862787794",19,4,0,48.85813248206045,2.3234232862787794
5877,2025-12-02 02:00:00+00:00,40.0,4.82,Inconnu,3050,3052,"48.83873806344009, 2.357770481234704",2,1,0,48.83873806344009,2.357770481234704
5609,2025-05-09 09:00:00+00:00,286.0,4.82,Inconnu,2390,2946,"48.852050105196106, 2.290919571391343",9,4,0,48.852050105196106,2.290919571391343
273,2025-09-02 10:00:00+00:00,163.0,4.82,Inconnu,163,134,"48.86435384247777, 2.31915415703745",10,1,0,48.86435384247777,2.31915415703745
500,2025-10-09 20:00:00+00:00,99.0,1.82778,Fluide,298,297,"48.840150867596506, 2.3703984550710673",20,3,0,48.840150867596506,2.3703984550710673
6040,2025-12-02 00:00:00+00:00,4.0,0.05167,Fluide,2058,3129,"48.88315855430973, 2.3248824747898205",0,1,0,48.88315855430973,2.3248824747898205
5936,2024-12-05 00:00:00+00:00,654.0,4.82,Inconnu,3083,3084,"48.88262060415656, 2.3360806967554835",0,3,0,48.88262060415656,2.3360806967554835
4547,2025-02-12 15:00:00+00:00,986.0,11.39778,Fluide,2425,2428,"48.86073747943953, 2.291463276376943",15,2,0,48.86073747943953,2.291463276376943
5603,2025-05-09 10:00:00+00:00,259.0,9.24945,Fluide,2944,2945,"48.85050616570732, 2.293841687997059",10,4,0,48.85050616570732,2.293841687997059
5090,2025-06-05 00:00:00+00:00,92.0,4.82,Inconnu,2688,2689,"48.8348164099384, 2.3681843633940285",0,3,0,48.8348164099384,2.3681843633940285
5877,2025-12-02 05:00:00+00:00,84.0,4.82,Inconnu,3050,3052,"48.83873806344009, 2.357770481234704",5,1,0,48.83873806344009,2.357770481234704
4431,2024-12-03 03:00:00+00:00,37.0,0.405,Fluide,2369,2368,"48.86109190922349, 2.2966406785353306",3,1,0,48.86109190922349,2.2966406785353306
5606,2025-05-09 12:00:00+00:00,243.0,4.395,Fluide,2945,2946,"48.8513728976146, 2.292113778018482",12,4,0,48.8513728976146,2.292113778018482
273,2025-09-02 12:00:00+00:00,166.0,4.82,Inconnu,163,134,"48.86435384247777, 2.31915415703745",12,1,0,48.86435384247777,2.31915415703745
500,2025-10-09 21:00:00+00:00,105.0,1.70111,Fluide,298,297,"48.840150867596506, 2.3703984550710673",21,3,0,48.840150867596506,2.3703984550710673
6040,2025-12-02 01:00:00+00:00,45.0,0.35056,Fluide,2058,3129,"48.88315855430973, 2.3248824747898205",1,1,0,48.88315855430973,2.3248824747898205
5936,2024-12-05 01:00:00+00:00,596.0,4.82,Inconnu,3083,3084,"48.88262060415656, 2.3360806967554835",1,3,0,48.88262060415656,2.3360806967554835
4861,2025-01-06 08:00:00+00:00,283.0,18.47278,Pré-saturé,2590,975,"48.8368862609867, 2.3890855147249033",8,0,0,48.8368862609867,2.3890855147249033
4547,2025-02-12 14:00:00+00:00,999.0,13.13944,Fluide,2425,2428,"48.86073747943953, 2.291463276376943",14,2,0,48.86073747943953,2.291463276376943
5609,2025-05-09 11:00:00+00:00,324.0,4.82,Inconnu,2390,2946,"48.852050105196106, 2.290919571391343",11,4,0,48.852050105196106,2.290919571391343
5090,2025-06-05 01:00:00+00:00,58.0,4.82,Inconnu,2688,2689,"48.8348164099384, 2.3681843633940285",1,3,0,48.8348164099384,2.3681843633940285
4664,2025-07-23 21:00:00+00:00,157.0,1.92889,Fluide,2481,2483,"48.85227961427837, 2.3767561505848427",21,2,0,48.85227961427837,2.3767561505848427
5382,2025-09-02 09:00:00+00:00,3000.0,8.6,Fluide,938,941,"48.90030127333614, 2.386500499971073",9,1,0,48.90030127333614,2.386500499971073
5877,2025-12-02 08:00:00+00:00,359.0,4.82,Inconnu,3050,3052,"48.83873806344009, 2.357770481234704",8,1,0,48.83873806344009,2.357770481234704
4431,2024-12-03 04:00:00+00:00,29.0,0.29111,Fluide,2369,2368,"48.86109190922349, 2.2966406785353306",4,1,0,48.86109190922349,2.2966406785353306
45,2025-02-04 14:00:00+00:00,860.0,3.55778,Fluide,17,26,"48.85813673209428, 2.3479961258407362",14,1,0,48.85813673209428,2.3479961258407362
5606,2025-05-09 10:00:00+00:00,259.0,5.45167,Fluide,2945,2946,"48.8513728976146, 2.292113778018482",10,4,0,48.8513728976146,2.292113778018482
1462,2025-08-26 10:00:00+00:00,152.0,2.23,Fluide,695,735,"48.87338605081157, 2.4051270860327323",10,1,0,48.87338605081157,2.4051270860327323
229,2025-09-02 10:00:00+00:00,1183.2,4.82,Inconnu,137,134,"48.864231809605926, 2.320098872638776",10,1,0,48.864231809605926,2.320098872638776
500,2025-10-09 22:00:00+00:00,124.0,1.80111,Fluide,298,297,"48.840150867596506, 2.3703984550710673",22,3,0,48.840150867596506,2.3703984550710673
6040,2025-12-02 05:00:00+00:00,172.0,1.43945,Fluide,2058,3129,"48.88315855430973, 2.3248824747898205",5,1,0,48.88315855430973,2.3248824747898205
5936,2024-12-05 02:00:00+00:00,549.0,4.82,Inconnu,3083,3084,"48.88262060415656, 2.3360806967554835",2,3,0,48.88262060415656,2.3360806967554835
4561,2025-02-12 15:00:00+00:00,699.0,7.92056,Fluide,2417,2428,"48.85857317583782, 2.2889029605343962",15,2,0,48.85857317583782,2.2889029605343962
5456,2025-04-03 18:00:00+00:00,3000.0,18.45,Pré-saturé,2863,2856,"48.85595490896888, 2.256930270407305",18,3,0,48.85595490896888,2.256930270407305
5606,2025-05-09 11:00:00+00:00,282.0,5.42444,Fluide,2945,2946,"48.8513728976146, 2.292113778018482",11,4,0,48.8513728976146,2.292113778018482
5090,2025-06-05 05:00:00+00:00,257.0,4.82,Inconnu,2688,2689,"48.8348164099384, 2.3681843633940285",5,3,0,48.8348164099384,2.3681843633940285
4664,2025-07-23 20:00:00+00:00,169.0,5.00834,Fluide,2481,2483,"48.85227961427837, 2.3767561505848427",20,2,0,48.85227961427837,2.3767561505848427
1804,2025-09-02 09:00:00+00:00,209.0,4.82,Inconnu,962,944,"48.89243048224927, 2.3951628837595864",9,1,0,48.89243048224927,2.3951628837595864
4785,2025-12-02 02:00:00+00:00,21.0,0.28722,Fluide,2549,3052,"48.838145358865376, 2.3564146864588156",2,1,0,48.838145358865376,2.3564146864588156
4431,2024-12-03 05:00:00+00:00,67.0,0.75222,Fluide,2369,2368,"48.86109190922349, 2.2966406785353306",5,1,0,48.86109190922349,2.2966406785353306
5615,2025-05-09 11:00:00+00:00,688.0,4.82,Inconnu,406,2948,"48.83132451237834, 2.325541517448544",11,4,0,48.83132451237834,2.325541517448544
1423,2025-08-26 11:00:00+00:00,38.0,0.58556,Fluide,3479,736,"48.87352401670435, 2.4082034607948204",11,1,0,48.87352401670435,2.4082034607948204
229,2025-09-02 11:00:00+00:00,1113.6,4.82,Inconnu,137,134,"48.864231809605926, 2.320098872638776",11,1,0,48.864231809605926,2.320098872638776
497,2025-10-09 16:00:00+00:00,310.0,4.82,Inconnu,296,297,"48.841313293530035, 2.368624485162454",16,3,0,48.841313293530035,2.368624485162454
6040,2025-12-02 06:00:00+00:00,333.0,6.59111,Fluide,2058,3129,"48.88315855430973, 2.3248824747898205",6,1,0,48.88315855430973,2.3248824747898205
5936,2024-12-05 06:00:00+00:00,578.0,4.82,Inconnu,3083,3084,"48.88262060415656, 2.3360806967554835",6,3,0,48.88262060415656,2.3360806967554835
4561,2025-02-12 14:00:00+00:00,773.0,14.35833,Fluide,2417,2428,"48.85857317583782, 2.2889029605343962",14,2,0,48.85857317583782,2.2889029605343962
5456,2025-04-03 20:00:00+00:00,3000.0,10.9,Fluide,2863,2856,"48.85595490896888, 2.256930270407305",20,3,0,48.85595490896888,2.256930270407305
5606,2025-05-09 09:00:00+00:00,251.0,5.13,Fluide,2945,2946,"48.8513728976146, 2.292113778018482",9,4,0,48.8513728976146,2.292113778018482
5093,2025-06-04 23:00:00+00:00,196.0,1.69,Fluide,2689,2690,"48.8356135435128, 2.3702862418055175",23,2,0,48.8356135435128,2.3702862418055175
4664,2025-07-23 19:00:00+00:00,217.0,2.21778,Fluide,2481,2483,"48.85227961427837, 2.3767561505848427",19,2,0,48.85227961427837,2.3767561505848427
1863,2025-08-04 23:00:00+00:00,177.0,0.98389,Fluide,2019,2020,"48.895263252675946, 2.315723894643039",23,0,0,48.895263252675946,2.315723894643039
4785,2025-12-02 06:00:00+00:00,70.0,1.23056,Fluide,2549,3052,"48.838145358865376, 2.3564146864588156",6,1,0,48.838145358865376,2.3564146864588156
4431,2024-12-03 07:00:00+00:00,420.0,2.81833,Fluide,2369,2368,"48.86109190922349, 2.2966406785353306",7,1,0,48.86109190922349,2.2966406785353306
4895,2025-01-06 08:00:00+00:00,451.0,34.35,Saturé,2584,2583,"48.88620861421572, 2.383442483814944",8,0,0,48.88620861421572,2.383442483814944
5456,2025-04-03 15:00:00+00:00,3000.0,15.5,Pré-saturé,2863,2856,"48.85595490896888, 2.256930270407305",15,3,0,48.85595490896888,2.256930270407305
5615,2025-05-09 09:00:00+00:00,692.0,4.82,Inconnu,406,2948,"48.83132451237834, 2.325541517448544",9,4,0,48.83132451237834,2.325541517448544
4866,2025-07-23 21:00:00+00:00,138.0,2.12167,Fluide,2585,2592,"48.83908062088472, 2.390730098299718",21,2,0,48.83908062088472,2.390730098299718
271,2025-09-02 11:00:00+00:00,1102.0,8.66445,Fluide,163,135,"48.86467042233587, 2.3084567115959778",11,1,0,48.86467042233587,2.3084567115959778
497,2025-10-09 17:00:00+00:00,264.0,4.82,Inconnu,296,297,"48.841313293530035, 2.368624485162454",17,3,0,48.841313293530035,2.368624485162454
6040,2025-12-02 08:00:00+00:00,1212.0,9.64611,Fluide,2058,3129,"48.88315855430973, 2.3248824747898205",8,1,0,48.88315855430973,2.3248824747898205
5456,2025-04-03 22:00:00+00:00,3000.0,7.75,Fluide,2863,2856,"48.85595490896888, 2.256930270407305",22,3,0,48.85595490896888,2.256930270407305
5615,2025-05-09 12:00:00+00:00,638.0,4.82,Inconnu,406,2948,"48.83132451237834, 2.325541517448544",12,4,0,48.83132451237834,2.325541517448544
5093,2025-06-05 00:00:00+00:00,92.0,3.37389,Fluide,2689,2690,"48.8356135435128, 2.3702862418055175",0,3,0,48.8356135435128,2.3702862418055175
4664,2025-07-23 18:00:00+00:00,214.0,5.98389,Fluide,2481,2483,"48.85227961427837, 2.3767561505848427",18,2,0,48.85227961427837,2.3767561505848427
1863,2025-08-05 00:00:00+00:00,103.0,11.70167,Fluide,2019,2020,"48.895263252675946, 2.315723894643039",0,1,0,48.895263252675946,2.315723894643039
1797,2025-09-02 09:00:00+00:00,350.0,48.645,Saturé,2848,952,"48.899884635210576, 2.3586108330912143",9,1,0,48.899884635210576,2.3586108330912143
4785,2025-12-02 07:00:00+00:00,149.0,2.72944,Fluide,2549,3052,"48.838145358865376, 2.3564146864588156",7,1,0,48.838145358865376,2.3564146864588156
4431,2024-12-03 08:00:00+00:00,769.0,4.56778,Fluide,2369,2368,"48.86109190922349, 2.2966406785353306",8,1,0,48.86109190922349,2.2966406785353306
4896,2025-01-06 08:00:00+00:00,308.0,16.365,Pré-saturé,2581,2580,"48.88735343320046, 2.3878076213186157",8,0,0,48.88735343320046,2.3878076213186157
579,2025-02-04 14:00:00+00:00,439.0,4.82,Inconnu,345,36,"48.84959433610044, 2.3421732210019726",14,1,0,48.84959433610044,2.3421732210019726
5456,2025-04-03 16:00:00+00:00,3000.0,21.65,Pré-saturé,2863,2856,"48.85595490896888, 2.256930270407305",16,3,0,48.85595490896888,2.256930270407305
4805,2025-06-04 16:00:00+00:00,274.0,2.56611,Fluide,2541,2560,"48.83770631948015, 2.3512875916189055",16,2,0,48.83770631948015,2.3512875916189055
4866,2025-07-23 20:00:00+00:00,166.0,2.73389,Fluide,2585,2592,"48.83908062088472, 2.390730098299718",20,2,0,48.83908062088472,2.390730098299718
222,2025-09-02 10:00:00+00:00,560.0,4.82,Inconnu,138,135,"48.86551164501394, 2.319481932618637",10,1,0,48.86551164501394,2.319481932618637
497,2025-10-09 19:00:00+00:00,246.0,4.82,Inconnu,296,297,"48.841313293530035, 2.368624485162454",19,3,0,48.841313293530035,2.368624485162454
5878,2025-12-02 05:00:00+00:00,84.0,1.00445,Fluide,3049,3050,"48.83926885244233, 2.3593725219226456",5,1,0,48.83926885244233,2.3593725219226456
4562,2025-02-12 17:00:00+00:00,662.0,4.82,Inconnu,2430,2429,"48.86187621881724, 2.267828615174212",17,2,0,48.86187621881724,2.267828615174212
4837,2025-03-10 22:00:00+00:00,132.0,1.56445,Fluide,2577,2572,"48.840634590617256, 2.390879408076552",22,0,0,48.840634590617256,2.390879408076552
5441,2025-04-03 15:00:00+00:00,3000.0,23.9,Pré-saturé,2445,2857,"48.85674755345865, 2.2579526217467274",15,3,0,48.85674755345865,2.2579526217467274
5615,2025-05-09 10:00:00+00:00,675.0,4.82,Inconnu,406,2948,"48.83132451237834, 2.325541517448544",10,4,0,48.83132451237834,2.325541517448544
5093,2025-06-05 02:00:00+00:00,79.0,0.68889,Fluide,2689,2690,"48.8356135435128, 2.3702862418055175",2,3,0,48.8356135435128,2.3702862418055175
4664,2025-07-23 17:00:00+00:00,245.0,4.15333,Fluide,2481,2483,"48.85227961427837, 2.3767561505848427",17,2,0,48.85227961427837,2.3767561505848427
1863,2025-08-05 01:00:00+00:00,63.0,14.94445,Fluide,2019,2020,"48.895263252675946, 2.315723894643039",1,1,0,48.895263252675946,2.315723894643039
612,2025-12-02 01:00:00+00:00,59.0,0.53945,Fluide,364,3053,"48.83769982546868, 2.3454232126895542",1,1,0,48.83769982546868,2.3454232126895542
4902,2025-01-06 08:00:00+00:00,462.0,15.90834,Pré-saturé,2602,2509,"48.846577219652545, 2.38052850718044",8,0,0,48.846577219652545,2.38052850718044
37,2025-02-04 14:00:00+00:00,439.0,4.09334,Fluide,35,37,"48.851055849300906, 2.3429643232452317",14,1,0,48.851055849300906,2.3429643232452317
5456,2025-04-03 17:00:00+00:00,3000.0,17.6,Pré-saturé,2863,2856,"48.85595490896888, 2.256930270407305",17,3,0,48.85595490896888,2.256930270407305
4866,2025-07-23 19:00:00+00:00,236.0,4.62111,Fluide,2585,2592,"48.83908062088472, 2.390730098299718",19,2,0,48.83908062088472,2.390730098299718
222,2025-09-02 11:00:00+00:00,685.0,4.82,Inconnu,138,135,"48.86551164501394, 2.319481932618637",11,1,0,48.86551164501394,2.319481932618637
497,2025-10-09 20:00:00+00:00,187.0,4.82,Inconnu,296,297,"48.841313293530035, 2.368624485162454",20,3,0,48.841313293530035,2.368624485162454
5878,2025-12-02 08:00:00+00:00,359.0,6.87278,Fluide,3049,3050,"48.83926885244233, 2.3593725219226456",8,1,0,48.83926885244233,2.3593725219226456
5938,2024-12-05 01:00:00+00:00,285.0,4.82,Inconnu,3084,3085,"48.882070024972776, 2.3384673994582967",1,3,0,48.882070024972776,2.3384673994582967
4837,2025-03-10 20:00:00+00:00,163.0,2.15778,Fluide,2577,2572,"48.840634590617256, 2.390879408076552",20,0,0,48.840634590617256,2.390879408076552
5441,2025-04-03 17:00:00+00:00,3000.0,33.0,Saturé,2445,2857,"48.85674755345865, 2.2579526217467274",17,3,0,48.85674755345865,2.2579526217467274
5093,2025-06-05 04:00:00+00:00,101.0,0.95278,Fluide,2689,2690,"48.8356135435128, 2.3702862418055175",4,3,0,48.8356135435128,2.3702862418055175
4664,2025-07-23 16:00:00+00:00,242.0,11.12667,Fluide,2481,2483,"48.85227961427837, 2.3767561505848427",16,2,0,48.85227961427837,2.3767561505848427
1863,2025-08-05 02:00:00+00:00,70.0,15.03222,Pré-saturé,2019,2020,"48.895263252675946, 2.315723894643039",2,1,0,48.895263252675946,2.315723894643039
5378,2025-09-02 09:00:00+00:00,3000.0,10.3,Fluide,2840,954,"48.900719407389325, 2.362259001276158",9,1,0,48.900719407389325,2.362259001276158
4750,2025-11-04 16:00:00+00:00,580.0,14.86389,Fluide,2527,2534,"48.85078094676716, 2.3983770384952106",16,1,0,48.85078094676716,2.3983770384952106
612,2025-12-02 05:00:00+00:00,109.0,1.5,Fluide,364,3053,"48.83769982546868, 2.3454232126895542",5,1,0,48.83769982546868,2.3454232126895542
4908,2025-01-06 08:00:00+00:00,406.0,4.82,Inconnu,2600,2604,"48.88262353345758, 2.369374379164742",8,0,0,48.88262353345758,2.369374379164742
46,2025-02-04 14:00:00+00:00,732.0,12.98833,Fluide,26,43,"48.8590241393553, 2.348491667481971",14,1,0,48.8590241393553,2.348491667481971
5456,2025-04-03 19:00:00+00:00,3000.0,13.8,Fluide,2863,2856,"48.85595490896888, 2.256930270407305",19,3,0,48.85595490896888,2.256930270407305
4866,2025-07-23 18:00:00+00:00,334.0,6.51333,Fluide,2585,2592,"48.83908062088472, 2.390730098299718",18,2,0,48.83908062088472,2.390730098299718
222,2025-09-02 12:00:00+00:00,673.0,4.82,Inconnu,138,135,"48.86551164501394, 2.319481932618637",12,1,0,48.86551164501394,2.319481932618637
497,2025-10-09 21:00:00+00:00,131.0,4.82,Inconnu,296,297,"48.841313293530035, 2.368624485162454",21,3,0,48.841313293530035,2.368624485162454
5877,2025-12-02 03:00:00+00:00,28.0,4.82,Inconnu,3050,3052,"48.83873806344009, 2.357770481234704",3,1,0,48.83873806344009,2.357770481234704
5938,2024-12-05 03:00:00+00:00,206.0,4.82,Inconnu,3084,3085,"48.882070024972776, 2.3384673994582967",3,3,0,48.882070024972776,2.3384673994582967
4562,2025-02-12 16:00:00+00:00,466.0,4.82,Inconnu,2430,2429,"48.86187621881724, 2.267828615174212",16,2,0,48.86187621881724,2.267828615174212
4837,2025-03-10 19:00:00+00:00,183.0,2.19167,Fluide,2577,2572,"48.840634590617256, 2.390879408076552",19,0,0,48.840634590617256,2.390879408076552
5441,2025-04-03 21:00:00+00:00,3000.0,10.6,Fluide,2445,2857,"48.85674755345865, 2.2579526217467274",21,3,0,48.85674755345865,2.2579526217467274
5093,2025-06-05 07:00:00+00:00,601.0,9.17056,Fluide,2689,2690,"48.8356135435128, 2.3702862418055175",7,3,0,48.8356135435128,2.3702862418055175
1863,2025-08-05 03:00:00+00:00,54.0,14.34667,Fluide,2019,2020,"48.895263252675946, 2.315723894643039",3,1,0,48.895263252675946,2.315723894643039
5375,2025-09-02 09:00:00+00:00,3000.0,16.35,Pré-saturé,2838,955,"48.90089536624296, 2.361976852924589",9,1,0,48.90089536624296,2.361976852924589
4750,2025-11-04 17:00:00+00:00,502.0,10.34611,Fluide,2527,2534,"48.85078094676716, 2.3983770384952106",17,1,0,48.85078094676716,2.3983770384952106
612,2025-12-02 06:00:00+00:00,312.0,4.87111,Fluide,364,3053,"48.83769982546868, 2.3454232126895542",6,1,0,48.83769982546868,2.3454232126895542
4909,2025-01-06 08:00:00+00:00,406.0,4.82,Inconnu,2604,2603,"48.88189881120394, 2.3666456381668293",8,0,0,48.88189881120394,2.3666456381668293
52,2025-02-04 14:00:00+00:00,598.0,10.89334,Fluide,8,48,"48.8561742500493, 2.348593316169874",14,1,0,48.8561742500493,2.348593316169874
5456,2025-04-03 21:00:00+00:00,3000.0,9.7,Fluide,2863,2856,"48.85595490896888, 2.256930270407305",21,3,0,48.85595490896888,2.256930270407305
4866,2025-07-23 16:00:00+00:00,290.0,5.84944,Fluide,2585,2592,"48.83908062088472, 2.390730098299718",16,2,0,48.83908062088472,2.390730098299718
224,2025-09-02 10:00:00+00:00,249.0,3.95,Fluide,138,136,"48.86657609060728, 2.3180591894857976",10,1,0,48.86657609060728,2.3180591894857976
1823,2025-10-09 14:00:00+00:00,143.0,4.82,Inconnu,900,298,"48.838575224220016, 2.3725412826868038",14,3,0,48.838575224220016,2.3725412826868038
5877,2025-12-02 04:00:00+00:00,48.0,4.82,Inconnu,3050,3052,"48.83873806344009, 2.357770481234704",4,1,0,48.83873806344009,2.357770481234704
5938,2024-12-05 04:00:00+00:00,155.0,4.82,Inconnu,3084,3085,"48.882070024972776, 2.3384673994582967",4,3,0,48.882070024972776,2.3384673994582967
4837,2025-03-10 17:00:00+00:00,275.0,2.86556,Fluide,2577,2572,"48.840634590617256, 2.390879408076552",17,0,0,48.840634590617256,2.390879408076552
5097,2025-06-04 23:00:00+00:00,79.0,0.67445,Fluide,900,2690,"48.83699339863528, 2.3725040194716858",23,2,0,48.83699339863528,2.3725040194716858
1863,2025-08-05 06:00:00+00:00,224.0,2.66889,Fluide,2019,2020,"48.895263252675946, 2.315723894643039",6,1,0,48.895263252675946,2.315723894643039
4750,2025-11-04 20:00:00+00:00,261.0,3.34056,Fluide,2527,2534,"48.85078094676716, 2.3983770384952106",20,1,0,48.85078094676716,2.3983770384952106
5883,2025-12-02 01:00:00+00:00,29.0,0.50945,Fluide,363,3053,"48.8381288012861, 2.342876350416889",1,1,0,48.8381288012861,2.342876350416889
4911,2025-01-06 08:00:00+00:00,406.0,4.82,Inconnu,2603,2601,"48.881162385991, 2.3638434769678485",8,0,0,48.881162385991,2.3638434769678485
54,2025-02-04 14:00:00+00:00,598.0,4.68,Fluide,49,50,"48.85380828338478, 2.3472303503623806",14,1,0,48.85380828338478,2.3472303503623806
5441,2025-04-03 16:00:00+00:00,3000.0,25.2,Pré-saturé,2445,2857,"48.85674755345865, 2.2579526217467274",16,3,0,48.85674755345865,2.2579526217467274
5617,2025-05-09 12:00:00+00:00,634.0,4.49334,Fluide,2948,2949,"48.83322263895349, 2.324759369348761",12,4,0,48.83322263895349,2.324759369348761
4810,2025-06-04 18:00:00+00:00,306.0,4.42667,Fluide,2560,2565,"48.83921118500681, 2.3510397960535245",18,2,0,48.83921118500681,2.3510397960535245
4866,2025-07-23 15:00:00+00:00,279.0,5.08444,Fluide,2585,2592,"48.83908062088472, 2.390730098299718",15,2,0,48.83908062088472,2.390730098299718
224,2025-09-02 11:00:00+00:00,290.0,3.10167,Fluide,138,136,"48.86657609060728, 2.3180591894857976",11,1,0,48.86657609060728,2.3180591894857976
1823,2025-10-09 16:00:00+00:00,129.0,4.82,Inconnu,900,298,"48.838575224220016, 2.3725412826868038",16,3,0,48.838575224220016,2.3725412826868038
5877,2025-12-02 06:00:00+00:00,229.0,4.82,Inconnu,3050,3052,"48.83873806344009, 2.357770481234704",6,1,0,48.83873806344009,2.357770481234704
5938,2024-12-05 06:00:00+00:00,194.0,4.82,Inconnu,3084,3085,"48.882070024972776, 2.3384673994582967",6,3,0,48.882070024972776,2.3384673994582967
4562,2025-02-12 15:00:00+00:00,434.0,4.82,Inconnu,2430,2429,"48.86187621881724, 2.267828615174212",15,2,0,48.86187621881724,2.267828615174212
4837,2025-03-10 16:00:00+00:00,330.0,3.28222,Fluide,2577,2572,"48.840634590617256, 2.390879408076552",16,0,0,48.840634590617256,2.390879408076552
5097,2025-06-05 03:00:00+00:00,17.0,0.22389,Fluide,900,2690,"48.83699339863528, 2.3725040194716858",3,3,0,48.83699339863528,2.3725040194716858
4032,2025-08-05 01:00:00+00:00,61.0,0.64056,Fluide,2024,2022,"48.894091243178885, 2.312701548243897",1,1,0,48.894091243178885,2.312701548243897
5395,2025-09-02 09:00:00+00:00,3000.0,23.1,Pré-saturé,924,957,"48.900999798706856, 2.3519256892812375",9,1,0,48.900999798706856,2.3519256892812375
5883,2025-12-02 03:00:00+00:00,21.0,0.34,Fluide,363,3053,"48.8381288012861, 2.342876350416889",3,1,0,48.8381288012861,2.342876350416889
4912,2025-01-06 08:00:00+00:00,406.0,0.28722,Fluide,2601,843,"48.88000660067186, 2.3595335887370914",8,0,0,48.88000660067186,2.3595335887370914
65,2025-02-04 14:00:00+00:00,1071.0,14.45556,Fluide,58,51,"48.85272795879148, 2.347504832870589",14,1,0,48.85272795879148,2.347504832870589
5441,2025-04-03 18:00:00+00:00,3000.0,27.1,Pré-saturé,2445,2857,"48.85674755345865, 2.2579526217467274",18,3,0,48.85674755345865,2.2579526217467274
5617,2025-05-09 11:00:00+00:00,663.0,7.025,Fluide,2948,2949,"48.83322263895349, 2.324759369348761",11,4,0,48.83322263895349,2.324759369348761
4866,2025-07-23 14:00:00+00:00,243.0,4.09111,Fluide,2585,2592,"48.83908062088472, 2.390730098299718",14,2,0,48.83908062088472,2.390730098299718
225,2025-09-02 10:00:00+00:00,481.0,4.82,Inconnu,139,137,"48.864987185967564, 2.3203637807091124",10,1,0,48.864987185967564,2.3203637807091124
1823,2025-10-09 17:00:00+00:00,159.0,4.82,Inconnu,900,298,"48.838575224220016, 2.3725412826868038",17,3,0,48.838575224220016,2.3725412826868038
5877,2025-12-02 07:00:00+00:00,335.0,4.82,Inconnu,3050,3052,"48.83873806344009, 2.357770481234704",7,1,0,48.83873806344009,2.357770481234704
5938,2024-12-05 07:00:00+00:00,279.0,4.82,Inconnu,3084,3085,"48.882070024972776, 2.3384673994582967",7,3,0,48.882070024972776,2.3384673994582967
4877,2025-01-06 08:00:00+00:00,156.0,5.71667,Fluide,2595,2587,"48.8379583506493, 2.3921405006365104",8,0,0,48.8379583506493,2.3921405006365104
5097,2025-06-05 05:00:00+00:00,201.0,2.21667,Fluide,900,2690,"48.83699339863528, 2.3725040194716858",5,3,0,48.83699339863528,2.3725040194716858
4032,2025-08-05 02:00:00+00:00,51.0,0.45056,Fluide,2024,2022,"48.894091243178885, 2.312701548243897",2,1,0,48.894091243178885,2.312701548243897
1801,2025-09-02 09:00:00+00:00,30.0,4.82,Inconnu,944,959,"48.891356684341865, 2.3954534333152337",9,1,0,48.891356684341865,2.3954534333152337
342,2025-10-10 22:00:00+00:00,593.0,6.87056,Fluide,197,200,"48.85534182873628, 2.3256260005699723",22,4,0,48.85534182873628,2.3256260005699723
5883,2025-12-02 04:00:00+00:00,14.0,0.22722,Fluide,363,3053,"48.8381288012861, 2.342876350416889",4,1,0,48.8381288012861,2.342876350416889
4913,2025-01-06 08:00:00+00:00,595.0,6.04445,Fluide,2591,895,"48.840261181141116, 2.380829536141023",8,0,0,48.840261181141116,2.380829536141023
55,2025-02-04 14:00:00+00:00,598.0,4.82,Inconnu,50,51,"48.85328214625215, 2.3469276227439457",14,1,0,48.85328214625215,2.3469276227439457
5441,2025-04-03 19:00:00+00:00,3000.0,16.4,Pré-saturé,2445,2857,"48.85674755345865, 2.2579526217467274",19,3,0,48.85674755345865,2.2579526217467274
5617,2025-05-09 10:00:00+00:00,771.0,7.16722,Fluide,2948,2949,"48.83322263895349, 2.324759369348761",10,4,0,48.83322263895349,2.324759369348761
4867,2025-07-23 20:00:00+00:00,166.0,4.82,Inconnu,2592,3045,"48.839411108412875, 2.3948147032128397",20,2,0,48.839411108412875,2.3948147032128397
225,2025-09-02 11:00:00+00:00,523.9,4.82,Inconnu,139,137,"48.864987185967564, 2.3203637807091124",11,1,0,48.864987185967564,2.3203637807091124
1823,2025-10-09 19:00:00+00:00,138.0,4.82,Inconnu,900,298,"48.838575224220016, 2.3725412826868038",19,3,0,48.838575224220016,2.3725412826868038
4785,2025-12-02 00:00:00+00:00,78.0,1.10667,Fluide,2549,3052,"48.838145358865376, 2.3564146864588156",0,1,0,48.838145358865376,2.3564146864588156
5938,2024-12-05 08:00:00+00:00,366.0,4.82,Inconnu,3084,3085,"48.882070024972776, 2.3384673994582967",8,3,0,48.882070024972776,2.3384673994582967
4562,2025-02-12 14:00:00+00:00,438.0,4.82,Inconnu,2430,2429,"48.86187621881724, 2.267828615174212",14,2,0,48.86187621881724,2.267828615174212
5097,2025-06-05 06:00:00+00:00,348.0,5.26889,Fluide,900,2690,"48.83699339863528, 2.3725040194716858",6,3,0,48.83699339863528,2.3725040194716858
4032,2025-08-05 04:00:00+00:00,105.0,1.42833,Fluide,2024,2022,"48.894091243178885, 2.312701548243897",4,1,0,48.894091243178885,2.312701548243897
1825,2025-09-02 09:00:00+00:00,2408.0,10.11,Fluide,969,968,"48.83601878907419, 2.379275207548451",9,1,0,48.83601878907419,2.379275207548451
342,2025-10-10 21:00:00+00:00,540.0,6.06834,Fluide,197,200,"48.85534182873628, 2.3256260005699723",21,4,0,48.85534182873628,2.3256260005699723
5883,2025-12-02 05:00:00+00:00,24.0,0.52611,Fluide,363,3053,"48.8381288012861, 2.342876350416889",5,1,0,48.8381288012861,2.342876350416889
4915,2025-01-06 08:00:00+00:00,325.0,20.08389,Pré-saturé,847,2605,"48.88412779169253, 2.366002004440946",8,0,0,48.88412779169253,2.366002004440946
56,2025-02-04 14:00:00+00:00,471.0,10.96278,Fluide,51,52,"48.85262356713187, 2.346544740185112",14,1,0,48.85262356713187,2.346544740185112
5441,2025-04-03 20:00:00+00:00,3000.0,9.9,Fluide,2445,2857,"48.85674755345865, 2.2579526217467274",20,3,0,48.85674755345865,2.2579526217467274
5617,2025-05-09 09:00:00+00:00,719.0,10.56722,Fluide,2948,2949,"48.83322263895349, 2.324759369348761",9,4,0,48.83322263895349,2.324759369348761
4867,2025-07-23 19:00:00+00:00,236.0,4.82,Inconnu,2592,3045,"48.839411108412875, 2.3948147032128397",19,2,0,48.839411108412875,2.3948147032128397
225,2025-09-02 12:00:00+00:00,483.6,4.82,Inconnu,139,137,"48.864987185967564, 2.3203637807091124",12,1,0,48.864987185967564,2.3203637807091124
499,2025-10-09 13:00:00+00:00,287.0,8.00944,Fluide,297,298,"48.840087948396885, 2.3702874290325475",13,3,0,48.840087948396885,2.3702874290325475
6118,2025-11-04 16:00:00+00:00,898.0,5.38889,Fluide,2656,3171,"48.82789327828962, 2.3565870623062795",16,1,0,48.82789327828962,2.3565870623062795
4785,2025-12-02 01:00:00+00:00,23.0,0.35389,Fluide,2549,3052,"48.838145358865376, 2.3564146864588156",1,1,0,48.838145358865376,2.3564146864588156
5619,2025-05-09 11:00:00+00:00,663.0,0.31833,Fluide,2949,2950,"48.83474449680573, 2.3241318022952147",11,4,0,48.83474449680573,2.3241318022952147
5097,2025-06-05 07:00:00+00:00,565.0,23.70334,Pré-saturé,900,2690,"48.83699339863528, 2.3725040194716858",7,3,0,48.83699339863528,2.3725040194716858
4032,2025-08-05 05:00:00+00:00,155.0,2.355,Fluide,2024,2022,"48.894091243178885, 2.312701548243897",5,1,0,48.894091243178885,2.312701548243897
342,2025-10-10 19:00:00+00:00,670.0,7.85611,Fluide,197,200,"48.85534182873628, 2.3256260005699723",19,4,0,48.85534182873628,2.3256260005699723
5883,2025-12-02 06:00:00+00:00,64.0,1.24667,Fluide,363,3053,"48.8381288012861, 2.342876350416889",6,1,0,48.8381288012861,2.342876350416889
4916,2025-01-06 08:00:00+00:00,325.0,20.08389,Pré-saturé,2605,2606,"48.88399698101951, 2.3679282649305358",8,0,0,48.88399698101951,2.3679282649305358
64,2025-02-04 14:00:00+00:00,789.0,13.65556,Fluide,3267,58,"48.852056377458595, 2.3489252533035834",14,1,0,48.852056377458595,2.3489252533035834
5441,2025-04-03 22:00:00+00:00,3000.0,12.0,Fluide,2445,2857,"48.85674755345865, 2.2579526217467274",22,3,0,48.85674755345865,2.2579526217467274
4867,2025-07-23 18:00:00+00:00,334.0,4.82,Inconnu,2592,3045,"48.839411108412875, 2.3948147032128397",18,2,0,48.839411108412875,2.3948147032128397
499,2025-10-09 18:00:00+00:00,251.0,6.18611,Fluide,297,298,"48.840087948396885, 2.3702874290325475",18,3,0,48.840087948396885,2.3702874290325475
6118,2025-11-04 19:00:00+00:00,837.0,8.54889,Fluide,2656,3171,"48.82789327828962, 2.3565870623062795",19,1,0,48.82789327828962,2.3565870623062795
4785,2025-12-02 03:00:00+00:00,14.0,0.22278,Fluide,2549,3052,"48.838145358865376, 2.3564146864588156",3,1,0,48.838145358865376,2.3564146864588156
4897,2025-01-06 08:00:00+00:00,370.0,9.23556,Fluide,2583,2581,"48.88676002566284, 2.385581239189898",8,0,0,48.88676002566284,2.385581239189898
5619,2025-05-09 10:00:00+00:00,771.0,0.25167,Fluide,2949,2950,"48.83474449680573, 2.3241318022952147",10,4,0,48.83474449680573,2.3241318022952147
4710,2025-06-04 23:00:00+00:00,79.0,1.37111,Fluide,2508,2693,"48.84520744482963, 2.272610624716598",23,2,0,48.84520744482963,2.272610624716598
343,2025-10-10 22:00:00+00:00,431.0,6.43111,Fluide,200,197,"48.8551879168052, 2.3258873291589883",22,4,0,48.8551879168052,2.3258873291589883
5883,2025-12-02 07:00:00+00:00,148.0,3.30389,Fluide,363,3053,"48.8381288012861, 2.342876350416889",7,1,0,48.8381288012861,2.342876350416889
4918,2025-01-06 08:00:00+00:00,1362.0,9.44722,Fluide,289,2607,"48.847945515314926, 2.399890345231264",8,0,0,48.847945515314926,2.399890345231264
4812,2025-06-04 21:00:00+00:00,182.0,2.47222,Fluide,2565,2566,"48.840334064392664, 2.3516708096927097",21,2,0,48.840334064392664,2.3516708096927097
4867,2025-07-23 16:00:00+00:00,290.0,4.82,Inconnu,2592,3045,"48.839411108412875, 2.3948147032128397",16,2,0,48.839411108412875,2.3948147032128397
1378,2025-08-26 10:00:00+00:00,25.0,3.04,Fluide,745,743,"48.86052722872351, 2.3674815059750887",10,1,0,48.86052722872351,2.3674815059750887
230,2025-09-02 10:00:00+00:00,578.0,5.47278,Fluide,134,137,"48.86418730023609, 2.3202467947203194",10,1,0,48.86418730023609,2.3202467947203194
6118,2025-11-04 20:00:00+00:00,623.0,5.42556,Fluide,2656,3171,"48.82789327828962, 2.3565870623062795",20,1,0,48.82789327828962,2.3565870623062795
4785,2025-12-02 04:00:00+00:00,14.0,0.20722,Fluide,2549,3052,"48.838145358865376, 2.3564146864588156",4,1,0,48.838145358865376,2.3564146864588156
4710,2025-06-05 06:00:00+00:00,234.0,6.42944,Fluide,2508,2693,"48.84520744482963, 2.272610624716598",6,3,0,48.84520744482963,2.272610624716598
5366,2025-09-02 09:00:00+00:00,3000.0,18.2,Pré-saturé,2837,973,"48.89875898727321, 2.3934332875249105",9,1,0,48.89875898727321,2.3934332875249105
344,2025-10-10 22:00:00+00:00,593.0,7.07945,Fluide,200,201,"48.853963378641446, 2.325928597286965",22,4,0,48.853963378641446,2.325928597286965
5883,2025-12-02 08:00:00+00:00,298.0,6.03723,Fluide,363,3053,"48.8381288012861, 2.342876350416889",8,1,0,48.8381288012861,2.342876350416889
69,2025-02-04 14:00:00+00:00,11.0,3.43167,Fluide,61,62,"48.85614327609548, 2.3404432659012615",14,1,0,48.85614327609548,2.3404432659012615
5619,2025-05-09 12:00:00+00:00,634.0,0.50111,Fluide,2949,2950,"48.83474449680573, 2.3241318022952147",12,4,0,48.83474449680573,2.3241318022952147
4812,2025-06-04 20:00:00+00:00,179.0,2.27722,Fluide,2565,2566,"48.840334064392664, 2.3516708096927097",20,2,0,48.840334064392664,2.3516708096927097
4867,2025-07-23 15:00:00+00:00,279.0,4.82,Inconnu,2592,3045,"48.839411108412875, 2.3948147032128397",15,2,0,48.839411108412875,2.3948147032128397
1378,2025-08-26 11:00:00+00:00,21.0,6.24889,Fluide,745,743,"48.86052722872351, 2.3674815059750887",11,1,0,48.86052722872351,2.3674815059750887
6815,2025-09-02 10:00:00+00:00,370.0,2.45555,Fluide,3532,138,"48.86603412055868, 2.3190331595282494",10,1,0,48.86603412055868,2.3190331595282494
6118,2025-11-04 21:00:00+00:00,450.0,2.12222,Fluide,2656,3171,"48.82789327828962, 2.3565870623062795",21,1,0,48.82789327828962,2.3565870623062795
4785,2025-12-02 05:00:00+00:00,29.0,0.41056,Fluide,2549,3052,"48.838145358865376, 2.3564146864588156",5,1,0,48.838145358865376,2.3564146864588156
4898,2025-01-06 08:00:00+00:00,523.0,6.78723,Fluide,2580,806,"48.88827410028894, 2.3913234381839272",8,0,0,48.88827410028894,2.3913234381839272
4560,2025-02-12 13:00:00+00:00,381.0,1.29223,Fluide,2431,2430,"48.85839551606587, 2.265455466014775",13,2,0,48.85839551606587,2.265455466014775
5621,2025-05-09 10:00:00+00:00,771.0,0.25167,Fluide,2950,2951,"48.83580113825018, 2.323686513661607",10,4,0,48.83580113825018,2.323686513661607
4710,2025-06-05 07:00:00+00:00,417.0,6.80278,Fluide,2508,2693,"48.84520744482963, 2.272610624716598",7,3,0,48.84520744482963,2.272610624716598
344,2025-10-10 21:00:00+00:00,540.0,6.47333,Fluide,200,201,"48.853963378641446, 2.325928597286965",21,4,0,48.853963378641446,2.325928597286965
4607,2025-12-02 01:00:00+00:00,101.0,1.00667,Fluide,2460,3062,"48.84789311575523, 2.255137321264528",1,1,0,48.84789311575523,2.255137321264528
4430,2024-12-03 00:00:00+00:00,405.0,4.05334,Fluide,2370,2354,"48.87355635460659, 2.2918006712229824",0,1,0,48.87355635460659,2.2918006712229824
4921,2025-01-06 08:00:00+00:00,417.0,13.22222,Fluide,2605,847,"48.88439652655239, 2.3661613146447715",8,0,0,48.88439652655239,2.3661613146447715
5619,2025-05-09 09:00:00+00:00,719.0,0.23556,Fluide,2949,2950,"48.83474449680573, 2.3241318022952147",9,4,0,48.83474449680573,2.3241318022952147
4812,2025-06-04 19:00:00+00:00,210.0,4.45389,Fluide,2565,2566,"48.840334064392664, 2.3516708096927097",19,2,0,48.840334064392664,2.3516708096927097
4868,2025-07-23 22:00:00+00:00,194.0,0.59834,Fluide,2592,2585,"48.83919208602651, 2.390668049683181",22,2,0,48.83919208602651,2.390668049683181
234,2025-09-02 12:00:00+00:00,673.0,4.82,Inconnu,143,138,"48.86653873021795, 2.32019693113821",12,1,0,48.86653873021795,2.32019693113821
5027,2025-11-04 15:00:00+00:00,373.0,14.87889,Fluide,2642,3171,"48.82681649250351, 2.3571672375862533",15,1,0,48.82681649250351,2.3571672375862533
4785,2025-12-02 08:00:00+00:00,211.0,11.71778,Fluide,2549,3052,"48.838145358865376, 2.3564146864588156",8,1,0,48.838145358865376,2.3564146864588156
4899,2025-01-06 08:00:00+00:00,345.0,4.82,Inconnu,843,2601,"48.87993886664229, 2.359529322336548",8,0,0,48.87993886664229,2.359529322336548
4560,2025-02-12 12:00:00+00:00,436.0,1.74722,Fluide,2431,2430,"48.85839551606587, 2.265455466014775",12,2,0,48.85839551606587,2.265455466014775
5621,2025-05-09 09:00:00+00:00,719.0,0.23556,Fluide,2950,2951,"48.83580113825018, 2.323686513661607",9,4,0,48.83580113825018,2.323686513661607
1970,2025-06-05 01:00:00+00:00,157.0,4.82,Inconnu,2159,2694,"48.86713481513745, 2.34836653616491",1,3,0,48.86713481513745,2.34836653616491
6106,2025-09-02 09:00:00+00:00,2225.0,13.5,Fluide,2865,976,"48.82695999292915, 2.3904674197271607",9,1,0,48.82695999292915,2.3904674197271607
344,2025-10-10 20:00:00+00:00,451.0,6.55222,Fluide,200,201,"48.853963378641446, 2.325928597286965",20,4,0,48.853963378641446,2.325928597286965
4607,2025-12-02 02:00:00+00:00,82.0,0.92278,Fluide,2460,3062,"48.84789311575523, 2.255137321264528",2,1,0,48.84789311575523,2.255137321264528
4430,2024-12-03 01:00:00+00:00,227.0,2.02944,Fluide,2370,2354,"48.87355635460659, 2.2918006712229824",1,1,0,48.87355635460659,2.2918006712229824
4924,2025-01-06 08:00:00+00:00,1096.0,5.96167,Fluide,2608,2610,"48.847702416546916, 2.4027104010268268",8,0,0,48.847702416546916,2.4027104010268268
95,2025-02-04 14:00:00+00:00,252.0,4.82,Inconnu,77,66,"48.856629978985175, 2.33465151264648",14,1,0,48.856629978985175,2.33465151264648
4812,2025-06-04 18:00:00+00:00,306.0,4.42667,Fluide,2565,2566,"48.840334064392664, 2.3516708096927097",18,2,0,48.840334064392664,2.3516708096927097
4868,2025-07-23 21:00:00+00:00,217.0,0.54445,Fluide,2592,2585,"48.83919208602651, 2.390668049683181",21,2,0,48.83919208602651,2.390668049683181
1375,2025-08-26 11:00:00+00:00,264.0,3.61667,Fluide,728,744,"48.86607441776724, 2.3974809042257474",11,1,0,48.86607441776724,2.3974809042257474
227,2025-09-02 10:00:00+00:00,388.5,4.82,Inconnu,139,138,"48.86584638521693, 2.320274716210486",10,1,0,48.86584638521693,2.320274716210486
5027,2025-11-04 16:00:00+00:00,312.0,10.72445,Fluide,2642,3171,"48.82681649250351, 2.3571672375862533",16,1,0,48.82681649250351,2.3571672375862533
612,2025-12-02 00:00:00+00:00,96.0,0.95667,Fluide,364,3053,"48.83769982546868, 2.3454232126895542",0,1,0,48.83769982546868,2.3454232126895542
5940,2024-12-05 00:00:00+00:00,413.0,4.82,Inconnu,3085,3086,"48.88208330519228, 2.3408016751879073",0,3,0,48.88208330519228,2.3408016751879073
4900,2025-01-06 08:00:00+00:00,310.0,13.89611,Fluide,2509,2602,"48.84668758037458, 2.380493019651258",8,0,0,48.84668758037458,2.380493019651258
1970,2025-06-05 02:00:00+00:00,106.0,4.82,Inconnu,2159,2694,"48.86713481513745, 2.34836653616491",2,3,0,48.86713481513745,2.34836653616491
4140,2025-09-02 09:00:00+00:00,2081.0,4.83111,Fluide,3164,977,"48.830618064763264, 2.3859192912971867",9,1,0,48.830618064763264,2.3859192912971867
345,2025-10-10 22:00:00+00:00,431.0,4.04167,Fluide,201,200,"48.85387577555792, 2.32624212665708",22,4,0,48.85387577555792,2.32624212665708
4607,2025-12-02 03:00:00+00:00,75.0,0.83778,Fluide,2460,3062,"48.84789311575523, 2.255137321264528",3,1,0,48.84789311575523,2.255137321264528
4430,2024-12-03 03:00:00+00:00,107.0,0.85278,Fluide,2370,2354,"48.87355635460659, 2.2918006712229824",3,1,0,48.87355635460659,2.2918006712229824
4927,2025-01-06 08:00:00+00:00,455.0,6.99444,Fluide,2603,2606,"48.88391897762633, 2.368699034957481",8,0,0,48.88391897762633,2.368699034957481
4812,2025-06-04 17:00:00+00:00,356.0,9.01667,Fluide,2565,2566,"48.840334064392664, 2.3516708096927097",17,2,0,48.840334064392664,2.3516708096927097
4868,2025-07-23 19:00:00+00:00,291.0,1.71334,Fluide,2592,2585,"48.83919208602651, 2.390668049683181",19,2,0,48.83919208602651,2.390668049683181
227,2025-09-02 12:00:00+00:00,403.9,4.82,Inconnu,139,138,"48.86584638521693, 2.320274716210486",12,1,0,48.86584638521693,2.320274716210486
5027,2025-11-04 17:00:00+00:00,305.0,11.16278,Fluide,2642,3171,"48.82681649250351, 2.3571672375862533",17,1,0,48.82681649250351,2.3571672375862533
612,2025-12-02 02:00:00+00:00,41.0,0.38667,Fluide,364,3053,"48.83769982546868, 2.3454232126895542",2,1,0,48.83769982546868,2.3454232126895542
5940,2024-12-05 01:00:00+00:00,285.0,4.82,Inconnu,3085,3086,"48.88208330519228, 2.3408016751879073",1,3,0,48.88208330519228,2.3408016751879073
1970,2025-06-05 05:00:00+00:00,111.0,4.82,Inconnu,2159,2694,"48.86713481513745, 2.34836653616491",5,3,0,48.86713481513745,2.34836653616491
345,2025-10-10 19:00:00+00:00,602.0,5.725,Fluide,201,200,"48.85387577555792, 2.32624212665708",19,4,0,48.85387577555792,2.32624212665708
4607,2025-12-02 05:00:00+00:00,150.0,1.68889,Fluide,2460,3062,"48.84789311575523, 2.255137321264528",5,1,0,48.84789311575523,2.255137321264528
4430,2024-12-03 05:00:00+00:00,80.0,0.41167,Fluide,2370,2354,"48.87355635460659, 2.2918006712229824",5,1,0,48.87355635460659,2.2918006712229824
93,2025-02-04 14:00:00+00:00,252.0,4.39222,Fluide,76,75,"48.853477700369396, 2.3328812353633186",14,1,0,48.853477700369396,2.3328812353633186
4868,2025-07-23 18:00:00+00:00,375.0,2.62778,Fluide,2592,2585,"48.83919208602651, 2.390668049683181",18,2,0,48.83919208602651,2.390668049683181
228,2025-09-02 12:00:00+00:00,1873.5,4.82,Inconnu,140,139,"48.86621400148793, 2.321314826985553",12,1,0,48.86621400148793,2.321314826985553
5027,2025-11-04 18:00:00+00:00,350.0,18.73556,Pré-saturé,2642,3171,"48.82681649250351, 2.3571672375862533",18,1,0,48.82681649250351,2.3571672375862533
612,2025-12-02 03:00:00+00:00,42.0,0.39333,Fluide,364,3053,"48.83769982546868, 2.3454232126895542",3,1,0,48.83769982546868,2.3454232126895542
5940,2024-12-05 02:00:00+00:00,258.0,4.82,Inconnu,3085,3086,"48.88208330519228, 2.3408016751879073",2,3,0,48.88208330519228,2.3408016751879073
4901,2025-01-06 08:00:00+00:00,345.0,3.84556,Fluide,2601,2603,"48.88156209690433, 2.3657202043926007",8,0,0,48.88156209690433,2.3657202043926007
5623,2025-05-09 12:00:00+00:00,634.0,4.82,Inconnu,2951,2952,"48.8364688356713, 2.323417023528873",12,4,0,48.8364688356713,2.323417023528873
5519,2025-06-04 23:00:00+00:00,87.0,1.29722,Fluide,2546,2695,"48.83529317436134, 2.347349677058368",23,2,0,48.83529317436134,2.347349677058368
1866,2025-08-04 23:00:00+00:00,131.0,0.70222,Fluide,2022,2023,"48.892952868689534, 2.3100298788667786",23,0,0,48.892952868689534,2.3100298788667786
1850,2025-09-02 09:00:00+00:00,367.0,3.46333,Fluide,2007,2005,"48.89761514384929, 2.332415949693188",9,1,0,48.89761514384929,2.332415949693188
346,2025-10-10 19:00:00+00:00,623.0,9.51611,Fluide,201,202,"48.85154425792524, 2.326635447141454",19,4,0,48.85154425792524,2.326635447141454
4607,2025-12-02 06:00:00+00:00,404.0,4.81167,Fluide,2460,3062,"48.84789311575523, 2.255137321264528",6,1,0,48.84789311575523,2.255137321264528
4430,2024-12-03 07:00:00+00:00,390.0,4.20056,Fluide,2370,2354,"48.87355635460659, 2.2918006712229824",7,1,0,48.87355635460659,2.2918006712229824
4930,2025-01-06 08:00:00+00:00,573.0,4.23167,Fluide,2606,2603,"48.88277973675676, 2.3670906692075184",8,0,0,48.88277973675676,2.3670906692075184
94,2025-02-04 14:00:00+00:00,252.0,11.28278,Fluide,75,77,"48.854614921167894, 2.3336075947223343",14,1,0,48.854614921167894,2.3336075947223343
5621,2025-05-09 12:00:00+00:00,634.0,0.50111,Fluide,2950,2951,"48.83580113825018, 2.323686513661607",12,4,0,48.83580113825018,2.323686513661607
4868,2025-07-23 15:00:00+00:00,377.0,1.49333,Fluide,2592,2585,"48.83919208602651, 2.390668049683181",15,2,0,48.83919208602651,2.390668049683181
1399,2025-08-26 10:00:00+00:00,279.0,2.94834,Fluide,750,749,"48.864367717132566, 2.3795575679769474",10,1,0,48.864367717132566,2.3795575679769474
244,2025-09-02 11:00:00+00:00,1266.0,12.63556,Fluide,149,140,"48.867554398507544, 2.322536485309668",11,1,0,48.867554398507544,2.322536485309668
5027,2025-11-04 19:00:00+00:00,383.0,14.83278,Fluide,2642,3171,"48.82681649250351, 2.3571672375862533",19,1,0,48.82681649250351,2.3571672375862533
612,2025-12-02 04:00:00+00:00,40.0,0.39167,Fluide,364,3053,"48.83769982546868, 2.3454232126895542",4,1,0,48.83769982546868,2.3454232126895542
5940,2024-12-05 03:00:00+00:00,206.0,4.82,Inconnu,3085,3086,"48.88208330519228, 2.3408016751879073",3,3,0,48.88208330519228,2.3408016751879073
4903,2025-01-06 08:00:00+00:00,310.0,11.73278,Fluide,2602,2582,"48.84644374039034, 2.3782869810188405",8,0,0,48.84644374039034,2.3782869810188405
5623,2025-05-09 11:00:00+00:00,663.0,4.82,Inconnu,2951,2952,"48.8364688356713, 2.323417023528873",11,4,0,48.8364688356713,2.323417023528873
5519,2025-06-05 01:00:00+00:00,22.0,0.61167,Fluide,2546,2695,"48.83529317436134, 2.347349677058368",1,3,0,48.83529317436134,2.347349677058368
1866,2025-08-05 00:00:00+00:00,78.0,0.485,Fluide,2022,2023,"48.892952868689534, 2.3100298788667786",0,1,0,48.892952868689534,2.3100298788667786
1847,2025-09-02 09:00:00+00:00,223.0,3.82167,Fluide,2001,2005,"48.89784320198298, 2.3354136854205887",9,1,0,48.89784320198298,2.3354136854205887
347,2025-10-10 22:00:00+00:00,338.0,4.04167,Fluide,202,201,"48.85256613096762, 2.3266213044737905",22,4,0,48.85256613096762,2.3266213044737905
4607,2025-12-02 08:00:00+00:00,914.0,24.28889,Pré-saturé,2460,3062,"48.84789311575523, 2.255137321264528",8,1,0,48.84789311575523,2.255137321264528
4430,2024-12-03 08:00:00+00:00,589.0,6.20333,Fluide,2370,2354,"48.87355635460659, 2.2918006712229824",8,1,0,48.87355635460659,2.2918006712229824
4932,2025-01-06 08:00:00+00:00,1051.0,16.37834,Pré-saturé,289,2612,"48.84827319012047, 2.397936986208654",8,0,0,48.84827319012047,2.397936986208654
5621,2025-05-09 11:00:00+00:00,663.0,0.31833,Fluide,2950,2951,"48.83580113825018, 2.323686513661607",11,4,0,48.83580113825018,2.323686513661607
4869,2025-07-23 20:00:00+00:00,245.0,2.91722,Fluide,3045,2592,"48.83938657432684, 2.3932178207994386",20,2,0,48.83938657432684,2.3932178207994386
1398,2025-08-26 11:00:00+00:00,195.0,1.40445,Fluide,702,749,"48.86513482542217, 2.3748513636427395",11,1,0,48.86513482542217,2.3748513636427395
236,2025-09-02 12:00:00+00:00,502.0,4.82,Inconnu,142,140,"48.86647649693401, 2.3227765215518166",12,1,0,48.86647649693401,2.3227765215518166
5027,2025-11-04 21:00:00+00:00,237.0,7.05333,Fluide,2642,3171,"48.82681649250351, 2.3571672375862533",21,1,0,48.82681649250351,2.3571672375862533
612,2025-12-02 07:00:00+00:00,474.0,13.66889,Fluide,364,3053,"48.83769982546868, 2.3454232126895542",7,1,0,48.83769982546868,2.3454232126895542
5940,2024-12-05 04:00:00+00:00,155.0,4.82,Inconnu,3085,3086,"48.88208330519228, 2.3408016751879073",4,3,0,48.88208330519228,2.3408016751879073
4904,2025-01-06 08:00:00+00:00,462.0,15.90834,Pré-saturé,2582,2602,"48.846347382129736, 2.378473465366289",8,0,0,48.846347382129736,2.378473465366289
5623,2025-05-09 10:00:00+00:00,771.0,4.82,Inconnu,2951,2952,"48.8364688356713, 2.323417023528873",10,4,0,48.8364688356713,2.323417023528873
5519,2025-06-05 05:00:00+00:00,115.0,1.40722,Fluide,2546,2695,"48.83529317436134, 2.347349677058368",5,3,0,48.83529317436134,2.347349677058368
1866,2025-08-05 06:00:00+00:00,307.0,2.61833,Fluide,2022,2023,"48.892952868689534, 2.3100298788667786",6,1,0,48.892952868689534,2.3100298788667786
347,2025-10-10 21:00:00+00:00,408.0,4.89278,Fluide,202,201,"48.85256613096762, 2.3266213044737905",21,4,0,48.85256613096762,2.3266213044737905
4485,2024-12-03 03:00:00+00:00,28.0,0.45333,Fluide,2371,2355,"48.87050462618426, 2.2871147476255596",3,1,0,48.87050462618426,2.2871147476255596
4869,2025-07-23 19:00:00+00:00,291.0,1.71334,Fluide,3045,2592,"48.83938657432684, 2.3932178207994386",19,2,0,48.83938657432684,2.3932178207994386
612,2025-12-02 08:00:00+00:00,515.0,26.22889,Pré-saturé,364,3053,"48.83769982546868, 2.3454232126895542",8,1,0,48.83769982546868,2.3454232126895542
5940,2024-12-05 06:00:00+00:00,194.0,4.82,Inconnu,3085,3086,"48.88208330519228, 2.3408016751879073",6,3,0,48.88208330519228,2.3408016751879073
4905,2025-01-06 08:00:00+00:00,345.0,4.82,Inconnu,2603,2604,"48.881766613845286, 2.366530018536279",8,0,0,48.881766613845286,2.366530018536279
5985,2025-05-09 12:00:00+00:00,379.0,4.82,Inconnu,3106,2953,"48.837457179982636, 2.3234680376050387",12,4,0,48.837457179982636,2.3234680376050387
5109,2025-06-04 23:00:00+00:00,218.0,4.82,Inconnu,2541,2695,"48.836172388950786, 2.349712479484879",23,2,0,48.836172388950786,2.349712479484879
4036,2025-08-04 23:00:00+00:00,136.0,4.82,Inconnu,2030,2024,"48.89378182687689, 2.3147090659479677",23,0,0,48.89378182687689,2.3147090659479677
347,2025-10-10 20:00:00+00:00,388.0,4.48167,Fluide,202,201,"48.85256613096762, 2.3266213044737905",20,4,0,48.85256613096762,2.3266213044737905
4485,2024-12-03 04:00:00+00:00,25.0,0.40945,Fluide,2371,2355,"48.87050462618426, 2.2871147476255596",4,1,0,48.87050462618426,2.2871147476255596
1403,2025-08-26 10:00:00+00:00,279.0,4.76111,Fluide,752,751,"48.86348366704795, 2.3842016526223024",10,1,0,48.86348366704795,2.3842016526223024
5883,2025-12-02 00:00:00+00:00,108.0,1.69333,Fluide,363,3053,"48.8381288012861, 2.342876350416889",0,1,0,48.8381288012861,2.342876350416889
1687,2026-01-04 23:00:00+00:00,265.0,27.57667,Pré-saturé,894,2711,"48.83914343490729, 2.3771744698724637",23,6,1,48.83914343490729,2.3771744698724637
5939,2024-12-05 00:00:00+00:00,327.0,4.82,Inconnu,3085,3084,"48.88234880023468, 2.3385609206690385",0,3,0,48.88234880023468,2.3385609206690385
4558,2025-02-12 17:00:00+00:00,637.0,8.69222,Fluide,2432,2431,"48.85605317354833, 2.26390104715156",17,2,0,48.85605317354833,2.26390104715156
5985,2025-05-09 11:00:00+00:00,356.0,4.82,Inconnu,3106,2953,"48.837457179982636, 2.3234680376050387",11,4,0,48.837457179982636,2.3234680376050387
5109,2025-06-05 00:00:00+00:00,108.0,4.82,Inconnu,2541,2695,"48.836172388950786, 2.349712479484879",0,3,0,48.836172388950786,2.349712479484879
4036,2025-08-05 02:00:00+00:00,46.0,4.82,Inconnu,2030,2024,"48.89378182687689, 2.3147090659479677",2,1,0,48.89378182687689,2.3147090659479677
4014,2025-09-02 09:00:00+00:00,367.0,3.65833,Fluide,2006,2007,"48.897567218436734, 2.330129588738939",9,1,0,48.897567218436734,2.330129588738939
4485,2024-12-03 05:00:00+00:00,46.0,1.09056,Fluide,2371,2355,"48.87050462618426, 2.2871147476255596",5,1,0,48.87050462618426,2.2871147476255596
4954,2025-01-06 08:00:00+00:00,338.0,6.19,Fluide,2624,2625,"48.87687639160934, 2.371266708174576",8,0,0,48.87687639160934,2.371266708174576
5623,2025-05-09 09:00:00+00:00,719.0,4.82,Inconnu,2951,2952,"48.8364688356713, 2.323417023528873",9,4,0,48.8364688356713,2.323417023528873
4815,2025-06-04 22:00:00+00:00,177.0,2.51167,Fluide,2566,2568,"48.84122723841264, 2.351998967011774",22,2,0,48.84122723841264,2.351998967011774
279,2025-09-02 11:00:00+00:00,558.0,28.45278,Pré-saturé,166,142,"48.866282607218515, 2.324250937918594",11,1,0,48.866282607218515,2.324250937918594
5883,2025-12-02 02:00:00+00:00,27.0,0.35278,Fluide,363,3053,"48.8381288012861, 2.342876350416889",2,1,0,48.8381288012861,2.342876350416889
1687,2026-01-04 22:00:00+00:00,339.0,41.23444,Saturé,894,2711,"48.83914343490729, 2.3771744698724637",22,6,1,48.83914343490729,2.3771744698724637
5939,2024-12-05 02:00:00+00:00,221.0,4.82,Inconnu,3085,3084,"48.88234880023468, 2.3385609206690385",2,3,0,48.88234880023468,2.3385609206690385
4906,2025-01-06 08:00:00+00:00,345.0,4.82,Inconnu,2604,2600,"48.8821690582691, 2.3681170986146056",8,0,0,48.8821690582691,2.3681170986146056
4558,2025-02-12 16:00:00+00:00,474.0,3.84556,Fluide,2432,2431,"48.85605317354833, 2.26390104715156",16,2,0,48.85605317354833,2.26390104715156
5985,2025-05-09 09:00:00+00:00,384.0,4.82,Inconnu,3106,2953,"48.837457179982636, 2.3234680376050387",9,4,0,48.837457179982636,2.3234680376050387
5109,2025-06-05 01:00:00+00:00,82.0,4.82,Inconnu,2541,2695,"48.836172388950786, 2.349712479484879",1,3,0,48.836172388950786,2.349712479484879
4670,2025-07-23 22:00:00+00:00,159.0,0.82833,Fluide,2483,2487,"48.854532133160895, 2.378042063595979",22,2,0,48.854532133160895,2.378042063595979
4036,2025-08-05 03:00:00+00:00,66.0,4.82,Inconnu,2030,2024,"48.89378182687689, 2.3147090659479677",3,1,0,48.89378182687689,2.3147090659479677
4436,2024-12-03 03:00:00+00:00,31.0,1.91834,Fluide,2371,2372,"48.872017724196496, 2.2910131361266677",3,1,0,48.872017724196496,2.2910131361266677
4955,2025-01-06 08:00:00+00:00,371.0,4.60555,Fluide,2626,399,"48.82649200006368, 2.34170451842747",8,0,0,48.82649200006368,2.34170451842747
5985,2025-05-09 10:00:00+00:00,424.0,4.82,Inconnu,3106,2953,"48.837457179982636, 2.3234680376050387",10,4,0,48.837457179982636,2.3234680376050387
4815,2025-06-04 20:00:00+00:00,179.0,2.27722,Fluide,2566,2568,"48.84122723841264, 2.351998967011774",20,2,0,48.84122723841264,2.351998967011774
4607,2025-12-02 00:00:00+00:00,150.0,1.58445,Fluide,2460,3062,"48.84789311575523, 2.255137321264528",0,1,0,48.84789311575523,2.255137321264528
1687,2026-01-04 20:00:00+00:00,423.0,38.015,Saturé,894,2711,"48.83914343490729, 2.3771744698724637",20,6,1,48.83914343490729,2.3771744698724637
5939,2024-12-05 04:00:00+00:00,176.0,4.82,Inconnu,3085,3084,"48.88234880023468, 2.3385609206690385",4,3,0,48.88234880023468,2.3385609206690385
4558,2025-02-12 15:00:00+00:00,403.0,3.91778,Fluide,2432,2431,"48.85605317354833, 2.26390104715156",15,2,0,48.85605317354833,2.26390104715156
5109,2025-06-05 02:00:00+00:00,56.0,4.82,Inconnu,2541,2695,"48.836172388950786, 2.349712479484879",2,3,0,48.836172388950786,2.349712479484879
4670,2025-07-23 20:00:00+00:00,169.0,0.92222,Fluide,2483,2487,"48.854532133160895, 2.378042063595979",20,2,0,48.854532133160895,2.378042063595979
4036,2025-08-05 05:00:00+00:00,63.0,4.82,Inconnu,2030,2024,"48.89378182687689, 2.3147090659479677",5,1,0,48.89378182687689,2.3147090659479677
4436,2024-12-03 09:00:00+00:00,512.0,11.58833,Fluide,2371,2372,"48.872017724196496, 2.2910131361266677",9,1,0,48.872017724196496,2.2910131361266677
4815,2025-06-04 19:00:00+00:00,210.0,4.45389,Fluide,2566,2568,"48.84122723841264, 2.351998967011774",19,2,0,48.84122723841264,2.351998967011774
4607,2025-12-02 04:00:00+00:00,83.0,0.84778,Fluide,2460,3062,"48.84789311575523, 2.255137321264528",4,1,0,48.84789311575523,2.255137321264528
1687,2026-01-04 18:00:00+00:00,439.0,42.68333,Saturé,894,2711,"48.83914343490729, 2.3771744698724637",18,6,1,48.83914343490729,2.3771744698724637
5939,2024-12-05 05:00:00+00:00,152.0,4.82,Inconnu,3085,3084,"48.88234880023468, 2.3385609206690385",5,3,0,48.88234880023468,2.3385609206690385
4917,2025-01-06 08:00:00+00:00,325.0,4.82,Inconnu,2606,2600,"48.88326987326576, 2.369169160294855",8,0,0,48.88326987326576,2.369169160294855
4558,2025-02-12 14:00:00+00:00,398.0,13.56111,Fluide,2432,2431,"48.85605317354833, 2.26390104715156",14,2,0,48.85605317354833,2.26390104715156
5109,2025-06-05 03:00:00+00:00,73.0,4.82,Inconnu,2541,2695,"48.836172388950786, 2.349712479484879",3,3,0,48.836172388950786,2.349712479484879
4670,2025-07-23 19:00:00+00:00,217.0,1.09,Fluide,2483,2487,"48.854532133160895, 2.378042063595979",19,2,0,48.854532133160895,2.378042063595979
1870,2025-08-04 23:00:00+00:00,359.0,5.25889,Fluide,2025,2024,"48.895330499342165, 2.3117374249339737",23,0,0,48.895330499342165,2.3117374249339737
4469,2024-12-03 00:00:00+00:00,50.0,1.40889,Fluide,2372,2375,"48.872434082080964, 2.294054181317005",0,1,0,48.872434082080964,2.294054181317005
4958,2025-01-06 08:00:00+00:00,258.0,55.35612,Bloqué,2623,2622,"48.880639585412176, 2.3704139323759987",8,0,0,48.880639585412176,2.3704139323759987
1917,2025-02-04 09:00:00+00:00,121.0,6.005,Fluide,2056,2054,"48.885402861648146, 2.3266169500527614",9,1,0,48.885402861648146,2.3266169500527614
4815,2025-06-04 17:00:00+00:00,356.0,9.01667,Fluide,2566,2568,"48.84122723841264, 2.351998967011774",17,2,0,48.84122723841264,2.351998967011774
235,2025-09-02 10:00:00+00:00,560.0,7.92611,Fluide,140,143,"48.86666783537232, 2.3220093163795354",10,1,0,48.86666783537232,2.3220093163795354
6123,2025-11-04 17:00:00+00:00,1934.0,25.6,Pré-saturé,2759,3175,"48.81903077683391, 2.32978866343375",17,1,0,48.81903077683391,2.32978866343375
4607,2025-12-02 07:00:00+00:00,763.0,10.58222,Fluide,2460,3062,"48.84789311575523, 2.255137321264528",7,1,0,48.84789311575523,2.255137321264528
1687,2026-01-04 17:00:00+00:00,528.0,54.70444,Bloqué,894,2711,"48.83914343490729, 2.3771744698724637",17,6,1,48.83914343490729,2.3771744698724637
5939,2024-12-05 06:00:00+00:00,197.0,4.82,Inconnu,3085,3084,"48.88234880023468, 2.3385609206690385",6,3,0,48.88234880023468,2.3385609206690385
4920,2025-01-06 08:00:00+00:00,417.0,13.22222,Fluide,2606,2605,"48.88426018326048, 2.3681030291651366",8,0,0,48.88426018326048,2.3681030291651366
4558,2025-02-12 13:00:00+00:00,342.0,4.43778,Fluide,2432,2431,"48.85605317354833, 2.26390104715156",13,2,0,48.85605317354833,2.26390104715156
5625,2025-05-09 12:00:00+00:00,634.0,4.82,Inconnu,2952,2953,"48.83716872006943, 2.323138689337911",12,4,0,48.83716872006943,2.323138689337911
5109,2025-06-05 07:00:00+00:00,262.0,4.82,Inconnu,2541,2695,"48.836172388950786, 2.349712479484879",7,3,0,48.836172388950786,2.349712479484879
4670,2025-07-23 17:00:00+00:00,245.0,2.625,Fluide,2483,2487,"48.854532133160895, 2.378042063595979",17,2,0,48.854532133160895,2.378042063595979
1870,2025-08-05 01:00:00+00:00,169.0,2.14444,Fluide,2025,2024,"48.895330499342165, 2.3117374249339737",1,1,0,48.895330499342165,2.3117374249339737
355,2025-10-10 22:00:00+00:00,329.0,4.50778,Fluide,197,123,"48.85674181779009, 2.3270251605995913",22,4,0,48.85674181779009,2.3270251605995913
4469,2024-12-03 01:00:00+00:00,42.0,1.27611,Fluide,2372,2375,"48.872434082080964, 2.294054181317005",1,1,0,48.872434082080964,2.294054181317005
4961,2025-01-06 08:00:00+00:00,82.0,1.07333,Fluide,2600,2627,"48.88179696716888, 2.371764262004621",8,0,0,48.88179696716888,2.371764262004621
1917,2025-02-04 08:00:00+00:00,148.0,5.22667,Fluide,2056,2054,"48.885402861648146, 2.3266169500527614",8,1,0,48.885402861648146,2.3266169500527614
5625,2025-05-09 10:00:00+00:00,771.0,4.82,Inconnu,2952,2953,"48.83716872006943, 2.323138689337911",10,4,0,48.83716872006943,2.323138689337911
4815,2025-06-04 16:00:00+00:00,284.0,5.22667,Fluide,2566,2568,"48.84122723841264, 2.351998967011774",16,2,0,48.84122723841264,2.351998967011774
1409,2025-08-26 11:00:00+00:00,21.0,6.55111,Fluide,704,753,"48.86445295199591, 2.393452657044346",11,1,0,48.86445295199591,2.393452657044346
235,2025-09-02 12:00:00+00:00,673.0,56.48056,Bloqué,140,143,"48.86666783537232, 2.3220093163795354",12,1,0,48.86666783537232,2.3220093163795354
6123,2025-11-04 18:00:00+00:00,1990.0,23.1,Pré-saturé,2759,3175,"48.81903077683391, 2.32978866343375",18,1,0,48.81903077683391,2.32978866343375
1687,2026-01-04 16:00:00+00:00,440.0,44.40889,Saturé,894,2711,"48.83914343490729, 2.3771744698724637",16,6,1,48.83914343490729,2.3771744698724637
5942,2024-12-05 00:00:00+00:00,413.0,4.84389,Fluide,3086,3087,"48.88254472131165, 2.343239455417573",0,3,0,48.88254472131165,2.343239455417573
4922,2025-01-06 08:00:00+00:00,1362.0,9.44722,Fluide,2607,2608,"48.847823882855096, 2.401301440355618",8,0,0,48.847823882855096,2.401301440355618
4558,2025-02-12 11:00:00+00:00,465.0,5.91611,Fluide,2432,2431,"48.85605317354833, 2.26390104715156",11,2,0,48.85605317354833,2.26390104715156
5625,2025-05-09 11:00:00+00:00,663.0,4.82,Inconnu,2952,2953,"48.83716872006943, 2.323138689337911",11,4,0,48.83716872006943,2.323138689337911
4670,2025-07-23 15:00:00+00:00,246.0,4.33056,Fluide,2483,2487,"48.854532133160895, 2.378042063595979",15,2,0,48.854532133160895,2.378042063595979
1870,2025-08-05 02:00:00+00:00,126.0,1.69,Fluide,2025,2024,"48.895330499342165, 2.3117374249339737",2,1,0,48.895330499342165,2.3117374249339737
355,2025-10-10 21:00:00+00:00,397.0,5.64556,Fluide,197,123,"48.85674181779009, 2.3270251605995913",21,4,0,48.85674181779009,2.3270251605995913
4469,2024-12-03 02:00:00+00:00,25.0,0.84278,Fluide,2372,2375,"48.872434082080964, 2.294054181317005",2,1,0,48.872434082080964,2.294054181317005
4962,2025-01-06 08:00:00+00:00,244.0,2.35945,Fluide,3386,2628,"48.82598909653965, 2.3445507564058516",8,0,0,48.82598909653965,2.3445507564058516
1917,2025-02-04 06:00:00+00:00,76.0,1.795,Fluide,2056,2054,"48.885402861648146, 2.3266169500527614",6,1,0,48.885402861648146,2.3266169500527614
5629,2025-05-09 11:00:00+00:00,747.0,4.82,Inconnu,2954,2959,"48.84080196650605, 2.321589470777969",11,4,0,48.84080196650605,2.321589470777969
1408,2025-08-26 10:00:00+00:00,302.0,4.78667,Fluide,701,753,"48.86346471671564, 2.3899484953255676",10,1,0,48.86346471671564,2.3899484953255676
240,2025-09-02 12:00:00+00:00,378.0,4.82,Inconnu,146,144,"48.87116367803612, 2.3225589004537515",12,1,0,48.87116367803612,2.3225589004537515
6123,2025-11-04 21:00:00+00:00,1398.0,13.15,Fluide,2759,3175,"48.81903077683391, 2.32978866343375",21,1,0,48.81903077683391,2.32978866343375
1687,2026-01-04 13:00:00+00:00,427.0,41.86445,Saturé,894,2711,"48.83914343490729, 2.3771744698724637",13,6,1,48.83914343490729,2.3771744698724637
5942,2024-12-05 01:00:00+00:00,285.0,3.33833,Fluide,3086,3087,"48.88254472131165, 2.343239455417573",1,3,0,48.88254472131165,2.343239455417573
4923,2025-01-06 08:00:00+00:00,366.0,8.84722,Fluide,2606,2609,"48.884871904509254, 2.369831766846028",8,0,0,48.884871904509254,2.369831766846028
5625,2025-05-09 09:00:00+00:00,719.0,4.82,Inconnu,2952,2953,"48.83716872006943, 2.323138689337911",9,4,0,48.83716872006943,2.323138689337911
4670,2025-07-23 14:00:00+00:00,272.0,4.58778,Fluide,2483,2487,"48.854532133160895, 2.378042063595979",14,2,0,48.854532133160895,2.378042063595979
1870,2025-08-05 03:00:00+00:00,160.0,2.29111,Fluide,2025,2024,"48.895330499342165, 2.3117374249339737",3,1,0,48.895330499342165,2.3117374249339737
4469,2024-12-03 04:00:00+00:00,19.0,0.545,Fluide,2372,2375,"48.872434082080964, 2.294054181317005",4,1,0,48.872434082080964,2.294054181317005
4964,2025-01-06 08:00:00+00:00,371.0,4.82,Inconnu,3386,2626,"48.82632313529298, 2.342858678148583",8,0,0,48.82632313529298,2.342858678148583
1917,2025-02-04 04:00:00+00:00,44.0,0.78667,Fluide,2056,2054,"48.885402861648146, 2.3266169500527614",4,1,0,48.885402861648146,2.3266169500527614
5629,2025-05-09 09:00:00+00:00,799.0,4.82,Inconnu,2954,2959,"48.84080196650605, 2.321589470777969",9,4,0,48.84080196650605,2.321589470777969
237,2025-09-02 10:00:00+00:00,799.0,4.90945,Fluide,145,144,"48.872617691253836, 2.321329167317947",10,1,0,48.872617691253836,2.321329167317947
6123,2025-11-04 22:00:00+00:00,1187.0,10.6,Fluide,2759,3175,"48.81903077683391, 2.32978866343375",22,1,0,48.81903077683391,2.32978866343375
1687,2026-01-04 12:00:00+00:00,441.0,45.73389,Saturé,894,2711,"48.83914343490729, 2.3771744698724637",12,6,1,48.83914343490729,2.3771744698724637
5942,2024-12-05 02:00:00+00:00,258.0,3.08112,Fluide,3086,3087,"48.88254472131165, 2.343239455417573",2,3,0,48.88254472131165,2.343239455417573
4926,2025-01-06 08:00:00+00:00,1096.0,5.96167,Fluide,2610,517,"48.84752164247491, 2.404806899637391",8,0,0,48.84752164247491,2.404806899637391
1870,2025-08-05 04:00:00+00:00,306.0,6.84389,Fluide,2025,2024,"48.895330499342165, 2.3117374249339737",4,1,0,48.895330499342165,2.3117374249339737
5024,2025-12-02 05:00:00+00:00,61.0,0.56333,Fluide,819,3071,"48.874450486916885, 2.3588087704867324",5,1,0,48.874450486916885,2.3588087704867324
265,2026-01-02 23:00:00+00:00,38.0,4.82,Inconnu,152,157,"48.87013078629782, 2.3253579165449296",23,4,0,48.87013078629782,2.3253579165449296
4469,2024-12-03 05:00:00+00:00,24.0,0.68778,Fluide,2372,2375,"48.872434082080964, 2.294054181317005",5,1,0,48.872434082080964,2.294054181317005
4965,2025-01-06 08:00:00+00:00,244.0,2.35945,Fluide,2628,2629,"48.82575471102437, 2.3462215633423837",8,0,0,48.82575471102437,2.3462215633423837
1917,2025-02-04 01:00:00+00:00,139.0,2.47445,Fluide,2056,2054,"48.885402861648146, 2.3266169500527614",1,1,0,48.885402861648146,2.3266169500527614
4818,2025-06-04 20:00:00+00:00,179.0,2.27722,Fluide,2568,2570,"48.842161670150674, 2.352129756602518",20,2,0,48.842161670150674,2.352129756602518
238,2025-09-02 10:00:00+00:00,269.0,8.42611,Fluide,144,145,"48.87262343948517, 2.3215554646535175",10,1,0,48.87262343948517,2.3215554646535175
6123,2025-11-04 23:00:00+00:00,1440.0,12.2,Fluide,2759,3175,"48.81903077683391, 2.32978866343375",23,1,0,48.81903077683391,2.32978866343375
1687,2026-01-04 08:00:00+00:00,354.0,40.12111,Saturé,894,2711,"48.83914343490729, 2.3771744698724637",8,6,1,48.83914343490729,2.3771744698724637
5942,2024-12-05 04:00:00+00:00,155.0,1.63056,Fluide,3086,3087,"48.88254472131165, 2.343239455417573",4,3,0,48.88254472131165,2.343239455417573
5455,2025-04-03 15:00:00+00:00,3000.0,36.95,Saturé,2862,2863,"48.852747223498625, 2.253006865935081",15,3,0,48.852747223498625,2.253006865935081
1870,2025-08-05 05:00:00+00:00,541.0,17.50334,Pré-saturé,2025,2024,"48.895330499342165, 2.3117374249339737",5,1,0,48.895330499342165,2.3117374249339737
1945,2025-09-02 11:00:00+00:00,447.0,4.82,Inconnu,2131,2132,"48.87277983041258, 2.334421685422601",11,1,0,48.87277983041258,2.334421685422601
5913,2025-12-02 00:00:00+00:00,67.0,1.12167,Fluide,766,3074,"48.851560641660456, 2.406164626296163",0,1,0,48.851560641660456,2.406164626296163
265,2026-01-02 21:00:00+00:00,33.0,4.82,Inconnu,152,157,"48.87013078629782, 2.3253579165449296",21,4,0,48.87013078629782,2.3253579165449296
4469,2024-12-03 06:00:00+00:00,38.0,1.10278,Fluide,2372,2375,"48.872434082080964, 2.294054181317005",6,1,0,48.872434082080964,2.294054181317005
4969,2025-01-06 08:00:00+00:00,244.0,6.23778,Fluide,2632,2633,"48.82572131551789, 2.349463474488295",8,0,0,48.82572131551789,2.349463474488295
1917,2025-02-04 00:00:00+00:00,154.0,2.875,Fluide,2056,2054,"48.885402861648146, 2.3266169500527614",0,1,0,48.885402861648146,2.3266169500527614
1142,2025-03-11 08:00:00+00:00,614.0,3.35,Fluide,631,629,"48.82688642911699, 2.296003554347446",8,1,0,48.82688642911699,2.296003554347446
5650,2025-05-09 11:00:00+00:00,105.0,1.80611,Fluide,2799,2960,"48.871769376760895, 2.273965824876404",11,4,0,48.871769376760895,2.273965824876404
4818,2025-06-04 18:00:00+00:00,306.0,4.42667,Fluide,2568,2570,"48.842161670150674, 2.352129756602518",18,2,0,48.842161670150674,2.352129756602518
238,2025-09-02 12:00:00+00:00,378.0,2.88445,Fluide,144,145,"48.87262343948517, 2.3215554646535175",12,1,0,48.87262343948517,2.3215554646535175
484,2025-11-04 16:00:00+00:00,663.0,4.82,Inconnu,288,3176,"48.84594291515949, 2.375046627440483",16,1,0,48.84594291515949,2.375046627440483
1687,2026-01-04 06:00:00+00:00,150.0,24.90778,Pré-saturé,894,2711,"48.83914343490729, 2.3771744698724637",6,6,1,48.83914343490729,2.3771744698724637
5942,2024-12-05 05:00:00+00:00,132.0,1.33556,Fluide,3086,3087,"48.88254472131165, 2.343239455417573",5,3,0,48.88254472131165,2.343239455417573
5455,2025-04-03 16:00:00+00:00,3000.0,20.75,Pré-saturé,2862,2863,"48.852747223498625, 2.253006865935081",16,3,0,48.852747223498625,2.253006865935081
1945,2025-09-02 12:00:00+00:00,475.0,4.82,Inconnu,2131,2132,"48.87277983041258, 2.334421685422601",12,1,0,48.87277983041258,2.334421685422601
5108,2025-11-04 17:00:00+00:00,154.0,4.82,Inconnu,2695,2541,"48.83604588381674, 2.3498282876825813",17,1,0,48.83604588381674,2.3498282876825813
5913,2025-12-02 02:00:00+00:00,30.0,0.435,Fluide,766,3074,"48.851560641660456, 2.406164626296163",2,1,0,48.851560641660456,2.406164626296163
265,2026-01-02 19:00:00+00:00,75.0,4.82,Inconnu,152,157,"48.87013078629782, 2.3253579165449296",19,4,0,48.87013078629782,2.3253579165449296
4469,2024-12-03 08:00:00+00:00,102.0,3.48611,Fluide,2372,2375,"48.872434082080964, 2.294054181317005",8,1,0,48.872434082080964,2.294054181317005
4980,2025-01-06 08:00:00+00:00,322.0,17.59611,Pré-saturé,2639,2624,"48.87565174189437, 2.370358313982228",8,0,0,48.87565174189437,2.370358313982228
1142,2025-03-11 04:00:00+00:00,98.0,0.7,Fluide,631,629,"48.82688642911699, 2.296003554347446",4,1,0,48.82688642911699,2.296003554347446
5650,2025-05-09 10:00:00+00:00,102.0,1.68222,Fluide,2799,2960,"48.871769376760895, 2.273965824876404",10,4,0,48.871769376760895,2.273965824876404
4818,2025-06-04 17:00:00+00:00,356.0,9.01667,Fluide,2568,2570,"48.842161670150674, 2.352129756602518",17,2,0,48.842161670150674,2.352129756602518
6021,2025-09-02 11:00:00+00:00,712.0,4.82,Inconnu,3114,145,"48.87404727957621, 2.320309946197523",11,1,0,48.87404727957621,2.320309946197523
484,2025-11-04 17:00:00+00:00,654.0,4.82,Inconnu,288,3176,"48.84594291515949, 2.375046627440483",17,1,0,48.84594291515949,2.375046627440483
1687,2026-01-04 03:00:00+00:00,100.0,16.06945,Pré-saturé,894,2711,"48.83914343490729, 2.3771744698724637",3,6,1,48.83914343490729,2.3771744698724637
5942,2024-12-05 06:00:00+00:00,194.0,2.35056,Fluide,3086,3087,"48.88254472131165, 2.343239455417573",6,3,0,48.88254472131165,2.343239455417573
4557,2025-02-12 13:00:00+00:00,342.0,4.82,Inconnu,2433,2432,"48.85389737625362, 2.2625327766217067",13,2,0,48.85389737625362,2.2625327766217067
5455,2025-04-03 21:00:00+00:00,3000.0,9.55,Fluide,2862,2863,"48.852747223498625, 2.253006865935081",21,3,0,48.852747223498625,2.253006865935081
5743,2025-09-02 10:00:00+00:00,444.0,7.44,Fluide,2098,2133,"48.87229809691206, 2.3378390491705496",10,1,0,48.87229809691206,2.3378390491705496
5108,2025-11-04 19:00:00+00:00,158.0,4.82,Inconnu,2695,2541,"48.83604588381674, 2.3498282876825813",19,1,0,48.83604588381674,2.3498282876825813
5913,2025-12-02 03:00:00+00:00,18.0,0.19722,Fluide,766,3074,"48.851560641660456, 2.406164626296163",3,1,0,48.851560641660456,2.406164626296163
265,2026-01-02 18:00:00+00:00,91.0,4.82,Inconnu,152,157,"48.87013078629782, 2.3253579165449296",18,4,0,48.87013078629782,2.3253579165449296
4439,2024-12-03 00:00:00+00:00,104.0,0.14889,Fluide,2372,2361,"48.87316168915602, 2.293664445415379",0,1,0,48.87316168915602,2.293664445415379
4981,2025-01-06 08:00:00+00:00,438.0,4.89945,Fluide,2639,2640,"48.87449181273814, 2.370253386318338",8,0,0,48.87449181273814,2.370253386318338
1142,2025-03-11 02:00:00+00:00,44.0,0.15,Fluide,631,629,"48.82688642911699, 2.296003554347446",2,1,0,48.82688642911699,2.296003554347446
5650,2025-05-09 09:00:00+00:00,120.0,1.47722,Fluide,2799,2960,"48.871769376760895, 2.273965824876404",9,4,0,48.871769376760895,2.273965824876404
4818,2025-06-04 15:00:00+00:00,282.0,5.71445,Fluide,2568,2570,"48.842161670150674, 2.352129756602518",15,2,0,48.842161670150674,2.352129756602518
247,2025-09-02 10:00:00+00:00,269.0,4.82,Inconnu,148,146,"48.870211507901104, 2.3231986598637704",10,1,0,48.870211507901104,2.3231986598637704
484,2025-11-04 19:00:00+00:00,681.0,4.82,Inconnu,288,3176,"48.84594291515949, 2.375046627440483",19,1,0,48.84594291515949,2.375046627440483
1687,2026-01-04 01:00:00+00:00,142.0,21.875,Pré-saturé,894,2711,"48.83914343490729, 2.3771744698724637",1,6,1,48.83914343490729,2.3771744698724637
5941,2024-12-05 01:00:00+00:00,318.0,4.82,Inconnu,3086,3085,"48.8823730629582, 2.3407546167604307",1,3,0,48.8823730629582,2.3407546167604307
4931,2025-01-06 08:00:00+00:00,1051.0,8.33945,Fluide,2608,289,"48.847964522319785, 2.4013316981253308",8,0,0,48.847964522319785,2.4013316981253308
4557,2025-02-12 12:00:00+00:00,380.0,4.82,Inconnu,2433,2432,"48.85389737625362, 2.2625327766217067",12,2,0,48.85389737625362,2.2625327766217067
5455,2025-04-03 22:00:00+00:00,3000.0,7.75,Fluide,2862,2863,"48.852747223498625, 2.253006865935081",22,3,0,48.852747223498625,2.253006865935081
5627,2025-05-09 12:00:00+00:00,729.0,4.45667,Fluide,2953,2954,"48.83800270173313, 2.3228057853639204",12,4,0,48.83800270173313,2.3228057853639204
5113,2025-06-05 00:00:00+00:00,813.0,4.82,Inconnu,2696,2697,"48.84811422337556, 2.3950198258881743",0,3,0,48.84811422337556,2.3950198258881743
5743,2025-09-02 12:00:00+00:00,475.0,10.07389,Fluide,2098,2133,"48.87229809691206, 2.3378390491705496",12,1,0,48.87229809691206,2.3378390491705496
5108,2025-11-04 22:00:00+00:00,67.0,4.82,Inconnu,2695,2541,"48.83604588381674, 2.3498282876825813",22,1,0,48.83604588381674,2.3498282876825813
5913,2025-12-02 05:00:00+00:00,63.0,0.83778,Fluide,766,3074,"48.851560641660456, 2.406164626296163",5,1,0,48.851560641660456,2.406164626296163
265,2026-01-02 17:00:00+00:00,51.0,4.82,Inconnu,152,157,"48.87013078629782, 2.3253579165449296",17,4,0,48.87013078629782,2.3253579165449296
4439,2024-12-03 01:00:00+00:00,50.0,0.07778,Fluide,2372,2361,"48.87316168915602, 2.293664445415379",1,1,0,48.87316168915602,2.293664445415379
4988,2025-01-06 08:00:00+00:00,438.0,4.89945,Fluide,2640,2644,"48.8729002774834, 2.3698692230479264",8,0,0,48.8729002774834,2.3698692230479264
1142,2025-03-11 01:00:00+00:00,68.0,0.55,Fluide,631,629,"48.82688642911699, 2.296003554347446",1,1,0,48.82688642911699,2.296003554347446
4822,2025-06-04 22:00:00+00:00,177.0,1.91,Fluide,2570,2571,"48.84356747626758, 2.352326529221334",22,2,0,48.84356747626758,2.352326529221334
1477,2025-08-26 11:00:00+00:00,284.0,4.82,Inconnu,785,756,"48.877870869120464, 2.4049082282409544",11,1,0,48.877870869120464,2.4049082282409544
247,2025-09-02 11:00:00+00:00,323.0,4.82,Inconnu,148,146,"48.870211507901104, 2.3231986598637704",11,1,0,48.870211507901104,2.3231986598637704
484,2025-11-04 20:00:00+00:00,670.5,4.82,Inconnu,288,3176,"48.84594291515949, 2.375046627440483",20,1,0,48.84594291515949,2.375046627440483
1529,2026-01-04 23:00:00+00:00,299.0,3.42889,Fluide,815,2712,"48.83516264646664, 2.385023778858236",23,6,1,48.83516264646664,2.385023778858236
5941,2024-12-05 02:00:00+00:00,221.0,4.82,Inconnu,3086,3085,"48.8823730629582, 2.3407546167604307",2,3,0,48.8823730629582,2.3407546167604307
4551,2025-02-12 17:00:00+00:00,386.0,4.82,Inconnu,2431,2432,"48.85609742238481, 2.2637359023933783",17,2,0,48.85609742238481,2.2637359023933783
5627,2025-05-09 11:00:00+00:00,747.0,5.465,Fluide,2953,2954,"48.83800270173313, 2.3228057853639204",11,4,0,48.83800270173313,2.3228057853639204
5113,2025-06-05 01:00:00+00:00,521.0,4.82,Inconnu,2696,2697,"48.84811422337556, 2.3950198258881743",1,3,0,48.84811422337556,2.3950198258881743
5120,2025-09-02 11:00:00+00:00,1067.0,4.82,Inconnu,2700,2134,"48.87165757335084, 2.342319516532681",11,1,0,48.87165757335084,2.342319516532681
5108,2025-11-04 23:00:00+00:00,72.0,4.82,Inconnu,2695,2541,"48.83604588381674, 2.3498282876825813",23,1,0,48.83604588381674,2.3498282876825813
5913,2025-12-02 06:00:00+00:00,122.0,2.04222,Fluide,766,3074,"48.851560641660456, 2.406164626296163",6,1,0,48.851560641660456,2.406164626296163
265,2026-01-02 16:00:00+00:00,72.0,4.82,Inconnu,152,157,"48.87013078629782, 2.3253579165449296",16,4,0,48.87013078629782,2.3253579165449296
4439,2024-12-03 04:00:00+00:00,23.0,0.04111,Fluide,2372,2361,"48.87316168915602, 2.293664445415379",4,1,0,48.87316168915602,2.293664445415379
4989,2025-01-06 08:00:00+00:00,348.0,5.42667,Fluide,2642,2641,"48.826124290275956, 2.355326980309572",8,0,0,48.826124290275956,2.355326980309572
4822,2025-06-04 21:00:00+00:00,182.0,2.45278,Fluide,2570,2571,"48.84356747626758, 2.352326529221334",21,2,0,48.84356747626758,2.352326529221334
247,2025-09-02 12:00:00+00:00,378.0,4.82,Inconnu,148,146,"48.870211507901104, 2.3231986598637704",12,1,0,48.870211507901104,2.3231986598637704
484,2025-11-04 21:00:00+00:00,603.0,4.82,Inconnu,288,3176,"48.84594291515949, 2.375046627440483",21,1,0,48.84594291515949,2.375046627440483
1529,2026-01-04 22:00:00+00:00,363.0,4.56944,Fluide,815,2712,"48.83516264646664, 2.385023778858236",22,6,1,48.83516264646664,2.385023778858236
5941,2024-12-05 04:00:00+00:00,176.0,4.82,Inconnu,3086,3085,"48.8823730629582, 2.3407546167604307",4,3,0,48.8823730629582,2.3407546167604307
4551,2025-02-12 14:00:00+00:00,388.0,4.82,Inconnu,2431,2432,"48.85609742238481, 2.2637359023933783",14,2,0,48.85609742238481,2.2637359023933783
5627,2025-05-09 10:00:00+00:00,840.0,7.52333,Fluide,2953,2954,"48.83800270173313, 2.3228057853639204",10,4,0,48.83800270173313,2.3228057853639204
5113,2025-06-05 02:00:00+00:00,341.0,4.82,Inconnu,2696,2697,"48.84811422337556, 2.3950198258881743",2,3,0,48.84811422337556,2.3950198258881743
5120,2025-09-02 12:00:00+00:00,1043.0,4.82,Inconnu,2700,2134,"48.87165757335084, 2.342319516532681",12,1,0,48.87165757335084,2.342319516532681
5913,2025-12-02 07:00:00+00:00,175.0,4.12833,Fluide,766,3074,"48.851560641660456, 2.406164626296163",7,1,0,48.851560641660456,2.406164626296163
265,2026-01-02 15:00:00+00:00,80.0,4.82,Inconnu,152,157,"48.87013078629782, 2.3253579165449296",15,4,0,48.87013078629782,2.3253579165449296
4439,2024-12-03 05:00:00+00:00,48.0,0.08,Fluide,2372,2361,"48.87316168915602, 2.293664445415379",5,1,0,48.87316168915602,2.293664445415379
4990,2025-01-06 08:00:00+00:00,322.0,4.82,Inconnu,2644,2640,"48.872878808522245, 2.3699931626495716",8,0,0,48.872878808522245,2.3699931626495716
4822,2025-06-04 20:00:00+00:00,179.0,1.97167,Fluide,2570,2571,"48.84356747626758, 2.352326529221334",20,2,0,48.84356747626758,2.352326529221334
1422,2025-08-26 11:00:00+00:00,49.0,1.36056,Fluide,734,756,"48.876211902337765, 2.4073248878879543",11,1,0,48.876211902337765,2.4073248878879543
239,2025-09-02 11:00:00+00:00,712.0,20.90611,Pré-saturé,144,146,"48.87111910379434, 2.322386025149042",11,1,0,48.87111910379434,2.322386025149042
484,2025-11-04 22:00:00+00:00,639.0,4.82,Inconnu,288,3176,"48.84594291515949, 2.375046627440483",22,1,0,48.84594291515949,2.375046627440483
5024,2025-12-02 00:00:00+00:00,162.0,1.15555,Fluide,819,3071,"48.874450486916885, 2.3588087704867324",0,1,0,48.874450486916885,2.3588087704867324
1529,2026-01-04 20:00:00+00:00,409.0,4.88278,Fluide,815,2712,"48.83516264646664, 2.385023778858236",20,6,1,48.83516264646664,2.385023778858236
5941,2024-12-05 05:00:00+00:00,152.0,4.82,Inconnu,3086,3085,"48.8823730629582, 2.3407546167604307",5,3,0,48.8823730629582,2.3407546167604307
4551,2025-02-12 13:00:00+00:00,371.0,4.82,Inconnu,2431,2432,"48.85609742238481, 2.2637359023933783",13,2,0,48.85609742238481,2.2637359023933783
5627,2025-05-09 09:00:00+00:00,799.0,3.80278,Fluide,2953,2954,"48.83800270173313, 2.3228057853639204",9,4,0,48.83800270173313,2.3228057853639204
5113,2025-06-05 03:00:00+00:00,325.0,4.82,Inconnu,2696,2697,"48.84811422337556, 2.3950198258881743",3,3,0,48.84811422337556,2.3950198258881743
1949,2025-09-02 10:00:00+00:00,26.0,1.15278,Fluide,3199,2134,"48.871755630518535, 2.339070920442879",10,1,0,48.871755630518535,2.339070920442879
5913,2025-12-02 08:00:00+00:00,461.0,13.89834,Fluide,766,3074,"48.851560641660456, 2.406164626296163",8,1,0,48.851560641660456,2.406164626296163
265,2026-01-02 14:00:00+00:00,67.0,4.82,Inconnu,152,157,"48.87013078629782, 2.3253579165449296",14,4,0,48.87013078629782,2.3253579165449296
4439,2024-12-03 06:00:00+00:00,131.0,0.15334,Fluide,2372,2361,"48.87316168915602, 2.293664445415379",6,1,0,48.87316168915602,2.293664445415379
4992,2025-01-06 08:00:00+00:00,195.0,4.82,Inconnu,2642,2643,"48.82612552052872, 2.3586349037996417",8,0,0,48.82612552052872,2.3586349037996417
1907,2025-02-04 09:00:00+00:00,144.0,5.48945,Fluide,2054,2055,"48.88624000309515, 2.326234118222269",9,1,0,48.88624000309515,2.326234118222269
4822,2025-06-04 19:00:00+00:00,210.0,2.01722,Fluide,2570,2571,"48.84356747626758, 2.352326529221334",19,2,0,48.84356747626758,2.352326529221334
239,2025-09-02 12:00:00+00:00,722.0,14.84,Fluide,144,146,"48.87111910379434, 2.322386025149042",12,1,0,48.87111910379434,2.322386025149042
484,2025-11-04 23:00:00+00:00,537.0,4.82,Inconnu,288,3176,"48.84594291515949, 2.375046627440483",23,1,0,48.84594291515949,2.375046627440483
5024,2025-12-02 01:00:00+00:00,108.0,0.65555,Fluide,819,3071,"48.874450486916885, 2.3588087704867324",1,1,0,48.874450486916885,2.3588087704867324
1529,2026-01-04 19:00:00+00:00,504.0,6.60445,Fluide,815,2712,"48.83516264646664, 2.385023778858236",19,6,1,48.83516264646664,2.385023778858236
5941,2024-12-05 06:00:00+00:00,197.0,4.82,Inconnu,3086,3085,"48.8823730629582, 2.3407546167604307",6,3,0,48.8823730629582,2.3407546167604307
4551,2025-02-12 12:00:00+00:00,338.0,4.82,Inconnu,2431,2432,"48.85609742238481, 2.2637359023933783",12,2,0,48.85609742238481,2.2637359023933783
5629,2025-05-09 12:00:00+00:00,729.0,4.82,Inconnu,2954,2959,"48.84080196650605, 2.321589470777969",12,4,0,48.84080196650605,2.321589470777969
5113,2025-06-05 05:00:00+00:00,656.0,4.82,Inconnu,2696,2697,"48.84811422337556, 2.3950198258881743",5,3,0,48.84811422337556,2.3950198258881743
1949,2025-09-02 12:00:00+00:00,17.0,0.97389,Fluide,3199,2134,"48.871755630518535, 2.339070920442879",12,1,0,48.871755630518535,2.339070920442879
5915,2025-12-02 01:00:00+00:00,36.0,0.57389,Fluide,518,3074,"48.84971862680542, 2.406547066027419",1,1,0,48.84971862680542,2.406547066027419
265,2026-01-02 13:00:00+00:00,63.0,4.82,Inconnu,152,157,"48.87013078629782, 2.3253579165449296",13,4,0,48.87013078629782,2.3253579165449296
4437,2024-12-03 00:00:00+00:00,136.0,1.67389,Fluide,2372,2371,"48.872108044534265, 2.2909219536293475",0,1,0,48.872108044534265,2.2909219536293475
4994,2025-01-06 08:00:00+00:00,195.0,4.82,Inconnu,2643,2645,"48.826366037315346, 2.361795987070072",8,0,0,48.826366037315346,2.361795987070072
1907,2025-02-04 08:00:00+00:00,168.0,4.84445,Fluide,2054,2055,"48.88624000309515, 2.326234118222269",8,1,0,48.88624000309515,2.326234118222269
4822,2025-06-04 18:00:00+00:00,306.0,3.81056,Fluide,2570,2571,"48.84356747626758, 2.352326529221334",18,2,0,48.84356747626758,2.352326529221334
5494,2025-07-23 21:00:00+00:00,1363.0,9.9,Fluide,2813,2883,"48.8271477323621, 2.3916184694072755",21,2,0,48.8271477323621,2.3916184694072755
1425,2025-08-26 10:00:00+00:00,52.0,1.93333,Fluide,736,757,"48.87171193274375, 2.4085467023416687",10,1,0,48.87171193274375,2.4085467023416687
5024,2025-12-02 02:00:00+00:00,68.5,0.71056,Fluide,819,3071,"48.874450486916885, 2.3588087704867324",2,1,0,48.874450486916885,2.3588087704867324
1529,2026-01-04 18:00:00+00:00,591.0,8.16,Fluide,815,2712,"48.83516264646664, 2.385023778858236",18,6,1,48.83516264646664,2.385023778858236
5941,2024-12-05 07:00:00+00:00,310.0,4.82,Inconnu,3086,3085,"48.8823730629582, 2.3407546167604307",7,3,0,48.8823730629582,2.3407546167604307
4957,2025-01-06 08:00:00+00:00,258.0,5.06334,Fluide,2624,2623,"48.87911680623351, 2.37043676573033",8,0,0,48.87911680623351,2.37043676573033
4556,2025-02-12 17:00:00+00:00,637.0,13.78,Fluide,2434,2433,"48.85172913817342, 2.2611846057764797",17,2,0,48.85172913817342,2.2611846057764797
5629,2025-05-09 10:00:00+00:00,840.0,4.82,Inconnu,2954,2959,"48.84080196650605, 2.321589470777969",10,4,0,48.84080196650605,2.321589470777969
5113,2025-06-05 06:00:00+00:00,977.0,4.82,Inconnu,2696,2697,"48.84811422337556, 2.3950198258881743",6,3,0,48.84811422337556,2.3950198258881743
4059,2025-09-02 12:00:00+00:00,816.0,2.45167,Fluide,3199,2137,"48.871631978380535, 2.3375742056951365",12,1,0,48.871631978380535,2.3375742056951365
5915,2025-12-02 02:00:00+00:00,38.0,0.28667,Fluide,518,3074,"48.84971862680542, 2.406547066027419",2,1,0,48.84971862680542,2.406547066027419
265,2026-01-02 12:00:00+00:00,43.0,4.82,Inconnu,152,157,"48.87013078629782, 2.3253579165449296",12,4,0,48.87013078629782,2.3253579165449296
4437,2024-12-03 01:00:00+00:00,58.0,0.70167,Fluide,2372,2371,"48.872108044534265, 2.2909219536293475",1,1,0,48.872108044534265,2.2909219536293475
1907,2025-02-04 01:00:00+00:00,144.0,3.25389,Fluide,2054,2055,"48.88624000309515, 2.326234118222269",1,1,0,48.88624000309515,2.326234118222269
4822,2025-06-04 16:00:00+00:00,284.0,4.34056,Fluide,2570,2571,"48.84356747626758, 2.352326529221334",16,2,0,48.84356747626758,2.352326529221334
5494,2025-07-23 18:00:00+00:00,1786.0,12.45,Fluide,2813,2883,"48.8271477323621, 2.3916184694072755",18,2,0,48.8271477323621,2.3916184694072755
1425,2025-08-26 11:00:00+00:00,56.0,1.54945,Fluide,736,757,"48.87171193274375, 2.4085467023416687",11,1,0,48.87171193274375,2.4085467023416687
5024,2025-12-02 03:00:00+00:00,49.5,0.24778,Fluide,819,3071,"48.874450486916885, 2.3588087704867324",3,1,0,48.874450486916885,2.3588087704867324
1529,2026-01-04 17:00:00+00:00,620.0,7.30444,Fluide,815,2712,"48.83516264646664, 2.385023778858236",17,6,1,48.83516264646664,2.385023778858236
5944,2024-12-05 02:00:00+00:00,258.0,3.09556,Fluide,3087,3088,"48.88303070832735, 2.3457042871915945",2,3,0,48.88303070832735,2.3457042871915945
4556,2025-02-12 16:00:00+00:00,474.0,11.05334,Fluide,2434,2433,"48.85172913817342, 2.2611846057764797",16,2,0,48.85172913817342,2.2611846057764797
4674,2025-07-23 17:00:00+00:00,324.0,3.39833,Fluide,2492,2486,"48.83846303284102, 2.253254147793701",17,2,0,48.83846303284102,2.253254147793701
1952,2025-09-02 10:00:00+00:00,26.0,10.52722,Fluide,2138,2137,"48.87120904534737, 2.335804688373502",10,1,0,48.87120904534737,2.335804688373502
4807,2025-11-04 15:00:00+00:00,716.0,14.63889,Fluide,2560,2541,"48.837657956487604, 2.351096989184593",15,1,0,48.837657956487604,2.351096989184593
5915,2025-12-02 05:00:00+00:00,49.0,0.42223,Fluide,518,3074,"48.84971862680542, 2.406547066027419",5,1,0,48.84971862680542,2.406547066027419
265,2026-01-02 07:00:00+00:00,14.0,4.82,Inconnu,152,157,"48.87013078629782, 2.3253579165449296",7,4,0,48.87013078629782,2.3253579165449296
4437,2024-12-03 03:00:00+00:00,28.0,0.32833,Fluide,2372,2371,"48.872108044534265, 2.2909219536293475",3,1,0,48.872108044534265,2.2909219536293475
4997,2025-01-06 08:00:00+00:00,195.0,4.05778,Fluide,2645,2646,"48.82680379440379, 2.3650577082908475",8,0,0,48.82680379440379,2.3650577082908475
5648,2025-05-09 12:00:00+00:00,78.0,1.55,Fluide,2793,2962,"48.87224971568055, 2.2750606427692492",12,4,0,48.87224971568055,2.2750606427692492
5494,2025-07-23 16:00:00+00:00,1575.0,10.85,Fluide,2813,2883,"48.8271477323621, 2.3916184694072755",16,2,0,48.8271477323621,2.3916184694072755
1427,2025-08-26 10:00:00+00:00,52.0,1.545,Fluide,757,758,"48.86984721860958, 2.4087418384881527",10,1,0,48.86984721860958,2.4087418384881527
241,2025-09-02 11:00:00+00:00,712.0,4.82,Inconnu,148,147,"48.86945849486307, 2.3235411237810526",11,1,0,48.86945849486307,2.3235411237810526
5024,2025-12-02 04:00:00+00:00,53.0,0.43722,Fluide,819,3071,"48.874450486916885, 2.3588087704867324",4,1,0,48.874450486916885,2.3588087704867324
1529,2026-01-04 16:00:00+00:00,555.0,7.61167,Fluide,815,2712,"48.83516264646664, 2.385023778858236",16,6,1,48.83516264646664,2.385023778858236
5944,2024-12-05 05:00:00+00:00,132.0,1.32056,Fluide,3087,3088,"48.88303070832735, 2.3457042871915945",5,3,0,48.88303070832735,2.3457042871915945
4959,2025-01-06 08:00:00+00:00,244.0,13.48278,Fluide,399,2626,"48.826912730723194, 2.3383679454922506",8,0,0,48.826912730723194,2.3383679454922506
4556,2025-02-12 13:00:00+00:00,342.0,9.16389,Fluide,2434,2433,"48.85172913817342, 2.2611846057764797",13,2,0,48.85172913817342,2.2611846057764797
4674,2025-07-23 15:00:00+00:00,333.0,3.59056,Fluide,2492,2486,"48.83846303284102, 2.253254147793701",15,2,0,48.83846303284102,2.253254147793701
1869,2025-08-04 23:00:00+00:00,201.0,2.07778,Fluide,3643,2025,"48.895412136393, 2.312051850207023",23,0,0,48.895412136393,2.312051850207023
1952,2025-09-02 12:00:00+00:00,17.0,15.16389,Pré-saturé,2138,2137,"48.87120904534737, 2.335804688373502",12,1,0,48.87120904534737,2.335804688373502
4807,2025-11-04 16:00:00+00:00,778.0,38.82222,Saturé,2560,2541,"48.837657956487604, 2.351096989184593",16,1,0,48.837657956487604,2.351096989184593
5915,2025-12-02 06:00:00+00:00,125.0,1.14389,Fluide,518,3074,"48.84971862680542, 2.406547066027419",6,1,0,48.84971862680542,2.406547066027419
265,2026-01-02 06:00:00+00:00,12.0,4.82,Inconnu,152,157,"48.87013078629782, 2.3253579165449296",6,4,0,48.87013078629782,2.3253579165449296
4437,2024-12-03 04:00:00+00:00,25.0,0.25056,Fluide,2372,2371,"48.872108044534265, 2.2909219536293475",4,1,0,48.872108044534265,2.2909219536293475
4999,2025-01-06 08:00:00+00:00,195.0,4.82,Inconnu,2646,2648,"48.82712702790348, 2.367477908445093",8,0,0,48.82712702790348,2.367477908445093
5648,2025-05-09 10:00:00+00:00,102.0,1.68222,Fluide,2793,2962,"48.87224971568055, 2.2750606427692492",10,4,0,48.87224971568055,2.2750606427692492
5494,2025-07-23 14:00:00+00:00,1498.0,10.0,Fluide,2813,2883,"48.8271477323621, 2.3916184694072755",14,2,0,48.8271477323621,2.3916184694072755
1429,2025-08-26 11:00:00+00:00,56.0,3.83611,Fluide,760,759,"48.86753801663049, 2.408802163448727",11,1,0,48.86753801663049,2.408802163448727
241,2025-09-02 12:00:00+00:00,722.0,4.82,Inconnu,148,147,"48.86945849486307, 2.3235411237810526",12,1,0,48.86945849486307,2.3235411237810526
5024,2025-12-02 06:00:00+00:00,118.0,1.80223,Fluide,819,3071,"48.874450486916885, 2.3588087704867324",6,1,0,48.874450486916885,2.3588087704867324
1529,2026-01-04 14:00:00+00:00,597.0,6.98556,Fluide,815,2712,"48.83516264646664, 2.385023778858236",14,6,1,48.83516264646664,2.385023778858236
5944,2024-12-05 06:00:00+00:00,194.0,2.36111,Fluide,3087,3088,"48.88303070832735, 2.3457042871915945",6,3,0,48.88303070832735,2.3457042871915945
4960,2025-01-06 08:00:00+00:00,258.0,55.35612,Bloqué,2622,2600,"48.88194926076429, 2.3703813814246075",8,0,0,48.88194926076429,2.3703813814246075
4556,2025-02-12 11:00:00+00:00,465.0,8.77722,Fluide,2434,2433,"48.85172913817342, 2.2611846057764797",11,2,0,48.85172913817342,2.2611846057764797
4674,2025-07-23 14:00:00+00:00,319.0,3.56222,Fluide,2492,2486,"48.83846303284102, 2.253254147793701",14,2,0,48.83846303284102,2.253254147793701
1869,2025-08-05 00:00:00+00:00,184.0,2.32222,Fluide,3643,2025,"48.895412136393, 2.312051850207023",0,1,0,48.895412136393,2.312051850207023
1953,2025-09-02 10:00:00+00:00,26.0,12.13889,Fluide,2139,2138,"48.870813165952406, 2.3335319635177516",10,1,0,48.870813165952406,2.3335319635177516
4807,2025-11-04 17:00:00+00:00,830.0,33.21,Saturé,2560,2541,"48.837657956487604, 2.351096989184593",17,1,0,48.837657956487604,2.351096989184593
5915,2025-12-02 07:00:00+00:00,206.0,5.60278,Fluide,518,3074,"48.84971862680542, 2.406547066027419",7,1,0,48.84971862680542,2.406547066027419
265,2026-01-02 03:00:00+00:00,4.0,4.82,Inconnu,152,157,"48.87013078629782, 2.3253579165449296",3,4,0,48.87013078629782,2.3253579165449296
4437,2024-12-03 05:00:00+00:00,46.0,0.505,Fluide,2372,2371,"48.872108044534265, 2.2909219536293475",5,1,0,48.872108044534265,2.2909219536293475
266,2025-09-02 12:00:00+00:00,331.0,4.82,Inconnu,158,148,"48.87060613659129, 2.324112788788843",12,1,0,48.87060613659129,2.324112788788843
5024,2025-12-02 07:00:00+00:00,169.0,3.15889,Fluide,819,3071,"48.874450486916885, 2.3588087704867324",7,1,0,48.874450486916885,2.3588087704867324
1529,2026-01-04 12:00:00+00:00,593.0,7.48445,Fluide,815,2712,"48.83516264646664, 2.385023778858236",12,6,1,48.83516264646664,2.385023778858236
5944,2024-12-05 07:00:00+00:00,279.0,3.67667,Fluide,3087,3088,"48.88303070832735, 2.3457042871915945",7,3,0,48.88303070832735,2.3457042871915945
4552,2025-02-12 14:00:00+00:00,388.0,5.09778,Fluide,2432,2433,"48.85394783036398, 2.262381737181405",14,2,0,48.85394783036398,2.262381737181405
5650,2025-05-09 12:00:00+00:00,78.0,1.55,Fluide,2799,2960,"48.871769376760895, 2.273965824876404",12,4,0,48.871769376760895,2.273965824876404
1869,2025-08-05 01:00:00+00:00,99.0,1.325,Fluide,3643,2025,"48.895412136393, 2.312051850207023",1,1,0,48.895412136393,2.312051850207023
1951,2025-09-02 12:00:00+00:00,816.0,2.45167,Fluide,2137,2138,"48.87130482025513, 2.335747080339698",12,1,0,48.87130482025513,2.335747080339698
1109,2025-10-10 20:00:00+00:00,657.0,4.82,Inconnu,617,616,"48.83389274439757, 2.276936858467277",20,4,0,48.83389274439757,2.276936858467277
4807,2025-11-04 19:00:00+00:00,757.0,13.41333,Fluide,2560,2541,"48.837657956487604, 2.351096989184593",19,1,0,48.837657956487604,2.351096989184593
5915,2025-12-02 08:00:00+00:00,342.0,10.04944,Fluide,518,3074,"48.84971862680542, 2.406547066027419",8,1,0,48.84971862680542,2.406547066027419
265,2026-01-02 01:00:00+00:00,11.0,4.82,Inconnu,152,157,"48.87013078629782, 2.3253579165449296",1,4,0,48.87013078629782,2.3253579165449296
4437,2024-12-03 06:00:00+00:00,72.0,0.85778,Fluide,2372,2371,"48.872108044534265, 2.2909219536293475",6,1,0,48.872108044534265,2.2909219536293475
242,2025-09-02 10:00:00+00:00,999.0,29.89222,Pré-saturé,147,149,"48.86881155264585, 2.323437073278013",10,1,0,48.86881155264585,2.323437073278013
508,2025-10-09 13:00:00+00:00,570.0,25.52389,Pré-saturé,300,301,"48.84129321094542, 2.3626351854841654",13,3,0,48.84129321094542,2.3626351854841654
5024,2025-12-02 08:00:00+00:00,217.0,3.03334,Fluide,819,3071,"48.874450486916885, 2.3588087704867324",8,1,0,48.874450486916885,2.3588087704867324
1529,2026-01-04 08:00:00+00:00,238.0,2.63445,Fluide,815,2712,"48.83516264646664, 2.385023778858236",8,6,1,48.83516264646664,2.385023778858236
5944,2024-12-05 08:00:00+00:00,366.0,5.64278,Fluide,3087,3088,"48.88303070832735, 2.3457042871915945",8,3,0,48.88303070832735,2.3457042871915945
4963,2025-01-06 08:00:00+00:00,43.0,0.67056,Fluide,2627,2600,"48.88258805061974, 2.3704295873478882",8,0,0,48.88258805061974,2.3704295873478882
4555,2025-02-12 17:00:00+00:00,637.0,13.78,Fluide,2435,2434,"48.84931329529142, 2.2597103272895493",17,2,0,48.84931329529142,2.2597103272895493
1869,2025-08-05 02:00:00+00:00,91.0,1.04389,Fluide,3643,2025,"48.895412136393, 2.312051850207023",2,1,0,48.895412136393,2.312051850207023
1814,2025-09-02 10:00:00+00:00,758.0,9.36389,Fluide,154,2139,"48.870599892126805, 2.332295320064791",10,1,0,48.870599892126805,2.332295320064791
1109,2025-10-10 19:00:00+00:00,805.0,4.82,Inconnu,617,616,"48.83389274439757, 2.276936858467277",19,4,0,48.83389274439757,2.276936858467277
4807,2025-11-04 20:00:00+00:00,501.0,3.46445,Fluide,2560,2541,"48.837657956487604, 2.351096989184593",20,1,0,48.837657956487604,2.351096989184593
266,2026-01-02 23:00:00+00:00,219.0,4.82,Inconnu,158,148,"48.870835436835165, 2.32504154480469",23,4,0,48.870835436835165,2.32504154480469
4437,2024-12-03 07:00:00+00:00,166.0,1.90278,Fluide,2372,2371,"48.872108044534265, 2.2909219536293475",7,1,0,48.872108044534265,2.2909219536293475
5011,2025-01-06 08:00:00+00:00,603.0,4.82,Inconnu,2652,2651,"48.82921034756997, 2.3741488055792677",8,0,0,48.82921034756997,2.3741488055792677
1536,2025-08-26 10:00:00+00:00,52.0,4.82,Inconnu,758,760,"48.868552449158344, 2.4087991564784472",10,1,0,48.868552449158344,2.4087991564784472
242,2025-09-02 11:00:00+00:00,1205.0,17.78889,Pré-saturé,147,149,"48.86881155264585, 2.323437073278013",11,1,0,48.86881155264585,2.323437073278013
508,2025-10-09 14:00:00+00:00,538.0,26.74167,Pré-saturé,300,301,"48.84129321094542, 2.3626351854841654",14,3,0,48.84129321094542,2.3626351854841654
5913,2025-12-02 01:00:00+00:00,50.0,0.715,Fluide,766,3074,"48.851560641660456, 2.406164626296163",1,1,0,48.851560641660456,2.406164626296163
1529,2026-01-04 03:00:00+00:00,138.0,1.43945,Fluide,815,2712,"48.83516264646664, 2.385023778858236",3,6,1,48.83516264646664,2.385023778858236
5943,2024-12-05 02:00:00+00:00,221.0,4.82,Inconnu,3087,3086,"48.88280487870856, 2.3431170960814",2,3,0,48.88280487870856,2.3431170960814
4967,2025-01-06 08:00:00+00:00,348.0,4.62834,Fluide,2629,2628,"48.82584259213277, 2.3462336263217165",8,0,0,48.82584259213277,2.3462336263217165
4555,2025-02-12 16:00:00+00:00,474.0,11.05334,Fluide,2435,2434,"48.84931329529142, 2.2597103272895493",16,2,0,48.84931329529142,2.2597103272895493
1869,2025-08-05 03:00:00+00:00,79.0,1.045,Fluide,3643,2025,"48.895412136393, 2.312051850207023",3,1,0,48.895412136393,2.312051850207023
4807,2025-11-04 23:00:00+00:00,346.0,2.72722,Fluide,2560,2541,"48.837657956487604, 2.351096989184593",23,1,0,48.837657956487604,2.351096989184593
266,2026-01-02 21:00:00+00:00,296.0,4.82,Inconnu,158,148,"48.870835436835165, 2.32504154480469",21,4,0,48.870835436835165,2.32504154480469
5012,2025-01-06 08:00:00+00:00,573.0,4.82,Inconnu,2603,2653,"48.88011287565982, 2.3638481515178045",8,0,0,48.88011287565982,2.3638481515178045
242,2025-09-02 12:00:00+00:00,1163.0,20.37889,Pré-saturé,147,149,"48.86881155264585, 2.323437073278013",12,1,0,48.86881155264585,2.323437073278013
508,2025-10-09 15:00:00+00:00,619.0,28.58889,Pré-saturé,300,301,"48.84129321094542, 2.3626351854841654",15,3,0,48.84129321094542,2.3626351854841654
5913,2025-12-02 04:00:00+00:00,27.0,0.47111,Fluide,766,3074,"48.851560641660456, 2.406164626296163",4,1,0,48.851560641660456,2.406164626296163
1529,2026-01-04 01:00:00+00:00,244.0,2.815,Fluide,815,2712,"48.83516264646664, 2.385023778858236",1,6,1,48.83516264646664,2.385023778858236
5943,2024-12-05 03:00:00+00:00,178.0,4.82,Inconnu,3087,3086,"48.88280487870856, 2.3431170960814",3,3,0,48.88280487870856,2.3431170960814
4977,2025-01-06 08:00:00+00:00,43.0,4.82,Inconnu,2638,2627,"48.880580248144845, 2.3740077020993273",8,0,0,48.880580248144845,2.3740077020993273
4555,2025-02-12 15:00:00+00:00,403.0,8.24556,Fluide,2435,2434,"48.84931329529142, 2.2597103272895493",15,2,0,48.84931329529142,2.2597103272895493
1869,2025-08-05 04:00:00+00:00,106.0,1.05889,Fluide,3643,2025,"48.895412136393, 2.312051850207023",4,1,0,48.895412136393,2.312051850207023
1954,2025-09-02 12:00:00+00:00,816.0,3.45334,Fluide,2138,2139,"48.87090214227108, 2.333484302217695",12,1,0,48.87090214227108,2.333484302217695
4778,2025-11-04 19:00:00+00:00,189.0,8.16445,Fluide,2548,2541,"48.83726955049516, 2.353143384281546",19,1,0,48.83726955049516,2.353143384281546
266,2026-01-02 19:00:00+00:00,309.0,4.82,Inconnu,158,148,"48.870835436835165, 2.32504154480469",19,4,0,48.870835436835165,2.32504154480469
5016,2025-01-06 08:00:00+00:00,208.0,2.66056,Fluide,2652,3332,"48.83014290003517, 2.376116040983564",8,0,0,48.83014290003517,2.376116040983564
5455,2025-04-03 17:00:00+00:00,3000.0,20.8,Pré-saturé,2862,2863,"48.852747223498625, 2.253006865935081",17,3,0,48.852747223498625,2.253006865935081
508,2025-10-09 19:00:00+00:00,506.0,10.62,Fluide,300,301,"48.84129321094542, 2.3626351854841654",19,3,0,48.84129321094542,2.3626351854841654
5915,2025-12-02 00:00:00+00:00,80.0,0.73944,Fluide,518,3074,"48.84971862680542, 2.406547066027419",0,1,0,48.84971862680542,2.406547066027419
5943,2024-12-05 06:00:00+00:00,197.0,4.82,Inconnu,3087,3086,"48.88280487870856, 2.3431170960814",6,3,0,48.88280487870856,2.3431170960814
4978,2025-01-06 08:00:00+00:00,82.0,4.82,Inconnu,2627,2638,"48.880529838531544, 2.373867995978132",8,0,0,48.880529838531544,2.373867995978132
4555,2025-02-12 13:00:00+00:00,342.0,9.16389,Fluide,2435,2434,"48.84931329529142, 2.2597103272895493",13,2,0,48.84931329529142,2.2597103272895493
6026,2025-09-02 10:00:00+00:00,389.0,4.82,Inconnu,3119,2142,"48.872443513026205, 2.3294540327239197",10,1,0,48.872443513026205,2.3294540327239197
266,2026-01-02 17:00:00+00:00,282.0,4.82,Inconnu,158,148,"48.870835436835165, 2.32504154480469",17,4,0,48.870835436835165,2.32504154480469
1909,2025-02-04 06:00:00+00:00,76.0,1.795,Fluide,2057,2056,"48.88432235800655, 2.3271107585743467",6,1,0,48.88432235800655,2.3271107585743467
5455,2025-04-03 18:00:00+00:00,3000.0,21.1,Pré-saturé,2862,2863,"48.852747223498625, 2.253006865935081",18,3,0,48.852747223498625,2.253006865935081
5643,2025-05-09 12:00:00+00:00,58.0,0.71333,Fluide,2793,2964,"48.87278482858007, 2.276579248673736",12,4,0,48.87278482858007,2.276579248673736
508,2025-10-09 20:00:00+00:00,416.0,7.84389,Fluide,300,301,"48.84129321094542, 2.3626351854841654",20,3,0,48.84129321094542,2.3626351854841654
5915,2025-12-02 03:00:00+00:00,20.0,0.23278,Fluide,518,3074,"48.84971862680542, 2.406547066027419",3,1,0,48.84971862680542,2.406547066027419
5945,2024-12-05 01:00:00+00:00,318.0,4.60278,Fluide,3088,3087,"48.88329824077656, 2.345679783694677",1,3,0,48.88329824077656,2.345679783694677
4553,2025-02-12 16:00:00+00:00,364.0,1.38056,Fluide,2433,2434,"48.85178140318466, 2.26103290551624",16,2,0,48.85178140318466,2.26103290551624
4841,2025-03-10 22:00:00+00:00,132.0,1.56445,Fluide,2578,2577,"48.841253112153154, 2.388181688278932",22,0,0,48.841253112153154,2.388181688278932
6026,2025-09-02 12:00:00+00:00,414.0,4.82,Inconnu,3119,2142,"48.872443513026205, 2.3294540327239197",12,1,0,48.872443513026205,2.3294540327239197
1111,2025-10-10 20:00:00+00:00,657.0,4.06223,Fluide,577,618,"48.83555750250388, 2.2778522487341375",20,4,0,48.83555750250388,2.2778522487341375
266,2026-01-02 15:00:00+00:00,357.0,4.82,Inconnu,158,148,"48.870835436835165, 2.32504154480469",15,4,0,48.870835436835165,2.32504154480469
5021,2025-01-06 08:00:00+00:00,455.0,26.18389,Pré-saturé,835,2653,"48.877249283753805, 2.361374025260484",8,0,0,48.877249283753805,2.361374025260484
1909,2025-02-04 05:00:00+00:00,58.0,1.25278,Fluide,2057,2056,"48.88432235800655, 2.3271107585743467",5,1,0,48.88432235800655,2.3271107585743467
5455,2025-04-03 19:00:00+00:00,3000.0,13.9,Fluide,2862,2863,"48.852747223498625, 2.253006865935081",19,3,0,48.852747223498625,2.253006865935081
5643,2025-05-09 11:00:00+00:00,98.0,1.21778,Fluide,2793,2964,"48.87278482858007, 2.276579248673736",11,4,0,48.87278482858007,2.276579248673736
508,2025-10-09 21:00:00+00:00,462.0,8.39556,Fluide,300,301,"48.84129321094542, 2.3626351854841654",21,3,0,48.84129321094542,2.3626351854841654
5915,2025-12-02 04:00:00+00:00,34.0,0.27,Fluide,518,3074,"48.84971862680542, 2.406547066027419",4,1,0,48.84971862680542,2.406547066027419
5945,2024-12-05 03:00:00+00:00,178.0,2.85,Fluide,3088,3087,"48.88329824077656, 2.345679783694677",3,3,0,48.88329824077656,2.345679783694677
4979,2025-01-06 08:00:00+00:00,438.0,5.74333,Fluide,2624,2639,"48.87566555952939, 2.37022142236978",8,0,0,48.87566555952939,2.37022142236978
4553,2025-02-12 15:00:00+00:00,385.0,1.27278,Fluide,2433,2434,"48.85178140318466, 2.26103290551624",15,2,0,48.85178140318466,2.26103290551624
5118,2025-06-04 23:00:00+00:00,901.0,4.82,Inconnu,465,2700,"48.87130441207094, 2.3445120265727892",23,2,0,48.87130441207094,2.3445120265727892
1963,2025-09-02 10:00:00+00:00,650.0,5.94,Fluide,2146,2147,"48.86991001871259, 2.3347775747549457",10,1,0,48.86991001871259,2.3347775747549457
1111,2025-10-10 19:00:00+00:00,805.0,6.96834,Fluide,577,618,"48.83555750250388, 2.2778522487341375",19,4,0,48.83555750250388,2.2778522487341375
4772,2025-11-04 16:00:00+00:00,99.0,2.48111,Fluide,2545,2544,"48.83952025077128, 2.3970876101915755",16,1,0,48.83952025077128,2.3970876101915755
266,2026-01-02 12:00:00+00:00,309.0,4.82,Inconnu,158,148,"48.870835436835165, 2.32504154480469",12,4,0,48.870835436835165,2.32504154480469
5022,2025-01-06 08:00:00+00:00,208.0,4.82,Inconnu,2649,2651,"48.82805829363747, 2.372210794835642",8,0,0,48.82805829363747,2.372210794835642
1909,2025-02-04 03:00:00+00:00,58.0,1.03611,Fluide,2057,2056,"48.88432235800655, 2.3271107585743467",3,1,0,48.88432235800655,2.3271107585743467
5455,2025-04-03 20:00:00+00:00,3000.0,10.65,Fluide,2862,2863,"48.852747223498625, 2.253006865935081",20,3,0,48.852747223498625,2.253006865935081
5291,2025-05-09 09:00:00+00:00,120.0,1.47722,Fluide,2791,2964,"48.87429277550123, 2.2778571962001157",9,4,0,48.87429277550123,2.2778571962001157
4837,2025-06-04 22:00:00+00:00,220.0,2.42667,Fluide,2577,2572,"48.840634590617256, 2.390879408076552",22,2,0,48.840634590617256,2.390879408076552
256,2025-09-02 12:00:00+00:00,470.0,16.91111,Pré-saturé,154,153,"48.87015005989183, 2.3288941892980026",12,1,0,48.87015005989183,2.3288941892980026
508,2025-10-09 22:00:00+00:00,484.0,10.27056,Fluide,300,301,"48.84129321094542, 2.3626351854841654",22,3,0,48.84129321094542,2.3626351854841654
5945,2024-12-05 04:00:00+00:00,176.0,3.16111,Fluide,3088,3087,"48.88329824077656, 2.345679783694677",4,3,0,48.88329824077656,2.345679783694677
4982,2025-01-06 08:00:00+00:00,348.0,6.86889,Fluide,2633,2632,"48.8258170974091, 2.3494416636043667",8,0,0,48.8258170974091,2.3494416636043667
4553,2025-02-12 13:00:00+00:00,371.0,1.275,Fluide,2433,2434,"48.85178140318466, 2.26103290551624",13,2,0,48.85178140318466,2.26103290551624
4841,2025-03-10 21:00:00+00:00,138.0,1.89833,Fluide,2578,2577,"48.841253112153154, 2.388181688278932",21,0,0,48.841253112153154,2.388181688278932
5464,2025-04-03 16:00:00+00:00,2258.0,42.55,Saturé,2826,2867,"48.86440163531112, 2.416817059250391",16,3,0,48.86440163531112,2.416817059250391
5648,2025-05-09 11:00:00+00:00,105.0,1.80611,Fluide,2793,2962,"48.87224971568055, 2.2750606427692492",11,4,0,48.87224971568055,2.2750606427692492
5118,2025-06-05 01:00:00+00:00,589.0,4.82,Inconnu,465,2700,"48.87130441207094, 2.3445120265727892",1,3,0,48.87130441207094,2.3445120265727892
1963,2025-09-02 11:00:00+00:00,651.0,5.74334,Fluide,2146,2147,"48.86991001871259, 2.3347775747549457",11,1,0,48.86991001871259,2.3347775747549457
4772,2025-11-04 17:00:00+00:00,105.0,2.28334,Fluide,2545,2544,"48.83952025077128, 2.3970876101915755",17,1,0,48.83952025077128,2.3970876101915755
266,2026-01-02 11:00:00+00:00,290.0,4.82,Inconnu,158,148,"48.870835436835165, 2.32504154480469",11,4,0,48.870835436835165,2.32504154480469
5024,2025-01-06 08:00:00+00:00,227.5,4.55445,Fluide,819,3071,"48.874450486916885, 2.3588087704867324",8,0,0,48.874450486916885,2.3588087704867324
5654,2025-05-09 12:00:00+00:00,275.0,3.08889,Fluide,2387,2965,"48.84500691052885, 2.27926301956828",12,4,0,48.84500691052885,2.27926301956828
4837,2025-06-04 20:00:00+00:00,189.0,2.10444,Fluide,2577,2572,"48.840634590617256, 2.390879408076552",20,2,0,48.840634590617256,2.390879408076552
5945,2024-12-05 06:00:00+00:00,197.0,3.69,Fluide,3088,3087,"48.88329824077656, 2.345679783694677",6,3,0,48.88329824077656,2.345679783694677
4983,2025-01-06 08:00:00+00:00,322.0,6.74445,Fluide,2640,2639,"48.874455319775734, 2.3703708889058177",8,0,0,48.874455319775734,2.3703708889058177
5464,2025-04-03 18:00:00+00:00,2190.0,12.95,Fluide,2826,2867,"48.86440163531112, 2.416817059250391",18,3,0,48.86440163531112,2.416817059250391
5648,2025-05-09 09:00:00+00:00,120.0,1.47722,Fluide,2793,2962,"48.87224971568055, 2.2750606427692492",9,4,0,48.87224971568055,2.2750606427692492
5118,2025-06-05 03:00:00+00:00,392.0,4.82,Inconnu,465,2700,"48.87130441207094, 2.3445120265727892",3,3,0,48.87130441207094,2.3445120265727892
1963,2025-09-02 12:00:00+00:00,672.0,5.41222,Fluide,2146,2147,"48.86991001871259, 2.3347775747549457",12,1,0,48.86991001871259,2.3347775747549457
4772,2025-11-04 20:00:00+00:00,142.0,1.78889,Fluide,2545,2544,"48.83952025077128, 2.3970876101915755",20,1,0,48.83952025077128,2.3970876101915755
266,2026-01-02 07:00:00+00:00,108.0,4.82,Inconnu,158,148,"48.870835436835165, 2.32504154480469",7,4,0,48.870835436835165,2.32504154480469
5025,2025-01-06 08:00:00+00:00,500.0,4.95889,Fluide,2655,2656,"48.82964230059595, 2.3560959457414414",8,0,0,48.82964230059595,2.3560959457414414
5654,2025-05-09 09:00:00+00:00,216.0,4.51667,Fluide,2387,2965,"48.84500691052885, 2.27926301956828",9,4,0,48.84500691052885,2.27926301956828
4837,2025-06-04 18:00:00+00:00,248.0,2.55944,Fluide,2577,2572,"48.840634590617256, 2.390879408076552",18,2,0,48.840634590617256,2.390879408076552
1448,2025-08-26 10:00:00+00:00,83.0,2.86,Fluide,769,764,"48.854754504728604, 2.41053999528821",10,1,0,48.854754504728604,2.41053999528821
5945,2024-12-05 08:00:00+00:00,368.0,6.74667,Fluide,3088,3087,"48.88329824077656, 2.345679783694677",8,3,0,48.88329824077656,2.345679783694677
4841,2025-03-10 20:00:00+00:00,163.0,2.15778,Fluide,2578,2577,"48.841253112153154, 2.388181688278932",20,0,0,48.841253112153154,2.388181688278932
5464,2025-04-03 21:00:00+00:00,2200.0,13.4,Fluide,2826,2867,"48.86440163531112, 2.416817059250391",21,3,0,48.86440163531112,2.416817059250391
5124,2025-06-05 02:00:00+00:00,15.0,0.29778,Fluide,2253,2703,"48.83502836904792, 2.3763485871727865",2,3,0,48.83502836904792,2.3763485871727865
1977,2025-09-02 10:00:00+00:00,650.0,5.94,Fluide,2147,2148,"48.86960321289394, 2.336329719079366",10,1,0,48.86960321289394,2.336329719079366
4772,2025-11-04 22:00:00+00:00,66.0,0.64167,Fluide,2545,2544,"48.83952025077128, 2.3970876101915755",22,1,0,48.83952025077128,2.3970876101915755
266,2026-01-02 05:00:00+00:00,56.0,4.82,Inconnu,158,148,"48.870835436835165, 2.32504154480469",5,4,0,48.870835436835165,2.32504154480469
5026,2025-01-06 08:00:00+00:00,500.0,5.96556,Fluide,3171,2642,"48.826799007782824, 2.356890221466957",8,0,0,48.826799007782824,2.356890221466957
4837,2025-06-04 15:00:00+00:00,260.0,2.14611,Fluide,2577,2572,"48.840634590617256, 2.390879408076552",15,2,0,48.840634590617256,2.390879408076552
1443,2025-08-26 11:00:00+00:00,90.0,3.64833,Fluide,768,764,"48.85731007471418, 2.409810378707821",11,1,0,48.85731007471418,2.409810378707821
1596,2024-12-05 01:00:00+00:00,285.0,4.82,Inconnu,3088,834,"48.883593429678974, 2.349522660425988",1,3,0,48.883593429678974,2.349522660425988
4985,2025-01-06 08:00:00+00:00,348.0,4.82,Inconnu,2641,2633,"48.82594594038177, 2.351990407658919",8,0,0,48.82594594038177,2.351990407658919
5464,2025-04-03 22:00:00+00:00,2133.0,12.75,Fluide,2826,2867,"48.86440163531112, 2.416817059250391",22,3,0,48.86440163531112,2.416817059250391
5124,2025-06-05 05:00:00+00:00,250.0,4.17333,Fluide,2253,2703,"48.83502836904792, 2.3763485871727865",5,3,0,48.83502836904792,2.3763485871727865
5410,2025-08-05 00:00:00+00:00,1084.0,2.7,Fluide,2086,2028,"48.896566014680914, 2.3103515315958303",0,1,0,48.896566014680914,2.3103515315958303
1977,2025-09-02 11:00:00+00:00,651.0,5.74334,Fluide,2147,2148,"48.86960321289394, 2.336329719079366",11,1,0,48.86960321289394,2.336329719079366
4772,2025-11-04 23:00:00+00:00,77.0,0.77889,Fluide,2545,2544,"48.83952025077128, 2.3970876101915755",23,1,0,48.83952025077128,2.3970876101915755
266,2026-01-02 04:00:00+00:00,46.0,4.82,Inconnu,158,148,"48.870835436835165, 2.32504154480469",4,4,0,48.870835436835165,2.32504154480469
5030,2025-01-06 08:00:00+00:00,533.0,4.72611,Fluide,2657,2658,"48.82332507669921, 2.358007485513266",8,0,0,48.82332507669921,2.358007485513266
5916,2025-08-26 10:00:00+00:00,254.0,3.80889,Fluide,3074,766,"48.85159832656413, 2.406320911214207",10,1,0,48.85159832656413,2.406320911214207
1815,2025-09-02 11:00:00+00:00,539.0,8.30445,Fluide,2139,154,"48.87048382567423, 2.33093243648283",11,1,0,48.87048382567423,2.33093243648283
1596,2024-12-05 02:00:00+00:00,258.0,4.82,Inconnu,3088,834,"48.883593429678974, 2.349522660425988",2,3,0,48.883593429678974,2.349522660425988
4841,2025-03-10 18:00:00+00:00,238.0,2.94889,Fluide,2578,2577,"48.841253112153154, 2.388181688278932",18,0,0,48.841253112153154,2.388181688278932
5479,2025-04-03 16:00:00+00:00,1378.0,7.85,Fluide,3537,2868,"48.866238689387245, 2.4139742888249556",16,3,0,48.866238689387245,2.4139742888249556
5124,2025-06-05 07:00:00+00:00,424.0,11.39111,Fluide,2253,2703,"48.83502836904792, 2.3763485871727865",7,3,0,48.83502836904792,2.3763485871727865
5410,2025-08-05 01:00:00+00:00,757.0,1.85,Fluide,2086,2028,"48.896566014680914, 2.3103515315958303",1,1,0,48.896566014680914,2.3103515315958303
1964,2025-09-02 11:00:00+00:00,651.0,34.39889,Saturé,2148,2149,"48.86934411405258, 2.33769920224824",11,1,0,48.86934411405258,2.33769920224824
266,2026-01-02 03:00:00+00:00,52.0,4.82,Inconnu,158,148,"48.870835436835165, 2.32504154480469",3,4,0,48.870835436835165,2.32504154480469
5053,2024-12-03 00:00:00+00:00,274.0,2.40222,Fluide,2374,2369,"48.85974727399931, 2.294517030404645",0,1,0,48.85974727399931,2.294517030404645
5031,2025-01-06 08:00:00+00:00,911.0,4.51889,Fluide,2658,2657,"48.82335928518309, 2.358258937016097",8,0,0,48.82335928518309,2.358258937016097
5916,2025-08-26 11:00:00+00:00,254.0,3.22111,Fluide,3074,766,"48.85159832656413, 2.406320911214207",11,1,0,48.85159832656413,2.406320911214207
1815,2025-09-02 12:00:00+00:00,470.0,5.97834,Fluide,2139,154,"48.87048382567423, 2.33093243648283",12,1,0,48.87048382567423,2.33093243648283
1596,2024-12-05 06:00:00+00:00,194.0,4.82,Inconnu,3088,834,"48.883593429678974, 2.349522660425988",6,3,0,48.883593429678974,2.349522660425988
4991,2025-01-06 08:00:00+00:00,340.0,7.37278,Fluide,2643,2642,"48.826206704886204, 2.358584153019706",8,0,0,48.826206704886204,2.358584153019706
5479,2025-04-03 18:00:00+00:00,1376.0,8.2,Fluide,3537,2868,"48.866238689387245, 2.4139742888249556",18,3,0,48.866238689387245,2.4139742888249556
5643,2025-05-09 10:00:00+00:00,78.0,1.10722,Fluide,2793,2964,"48.87278482858007, 2.276579248673736",10,4,0,48.87278482858007,2.276579248673736
5410,2025-08-05 02:00:00+00:00,501.0,1.4,Fluide,2086,2028,"48.896566014680914, 2.3103515315958303",2,1,0,48.896566014680914,2.3103515315958303
1978,2025-09-02 12:00:00+00:00,66.0,2.17834,Fluide,2149,2150,"48.869034711790604, 2.3393194642294763",12,1,0,48.869034711790604,2.3393194642294763
266,2026-01-02 02:00:00+00:00,84.0,4.82,Inconnu,158,148,"48.870835436835165, 2.32504154480469",2,4,0,48.870835436835165,2.32504154480469
5053,2024-12-03 01:00:00+00:00,95.0,0.79445,Fluide,2374,2369,"48.85974727399931, 2.294517030404645",1,1,0,48.85974727399931,2.294517030404645
5034,2025-01-06 08:00:00+00:00,911.0,8.165,Fluide,2657,2642,"48.825323037961944, 2.357634002658212",8,0,0,48.825323037961944,2.357634002658212
1444,2025-08-26 10:00:00+00:00,83.0,1.67278,Fluide,764,768,"48.857325792026714, 2.4100851203526634",10,1,0,48.857325792026714,2.4100851203526634
1596,2024-12-05 07:00:00+00:00,279.0,4.82,Inconnu,3088,834,"48.883593429678974, 2.349522660425988",7,3,0,48.883593429678974,2.349522660425988
4841,2025-03-10 16:00:00+00:00,330.0,3.28222,Fluide,2578,2577,"48.841253112153154, 2.388181688278932",16,0,0,48.841253112153154,2.388181688278932
5479,2025-04-03 19:00:00+00:00,959.0,5.35,Fluide,3537,2868,"48.866238689387245, 2.4139742888249556",19,3,0,48.866238689387245,2.4139742888249556
5643,2025-05-09 09:00:00+00:00,75.0,0.97278,Fluide,2793,2964,"48.87278482858007, 2.276579248673736",9,4,0,48.87278482858007,2.276579248673736
4678,2025-07-23 22:00:00+00:00,749.0,9.31278,Fluide,2486,2494,"48.83762771605792, 2.2540613703131074",22,2,0,48.83762771605792,2.2540613703131074
5410,2025-08-05 03:00:00+00:00,688.0,1.75,Fluide,2086,2028,"48.896566014680914, 2.3103515315958303",3,1,0,48.896566014680914,2.3103515315958303
1966,2025-09-02 10:00:00+00:00,64.0,13.11167,Fluide,2153,2154,"48.86796614401682, 2.3444776071516014",10,1,0,48.86796614401682,2.3444776071516014
266,2026-01-02 00:00:00+00:00,130.0,4.82,Inconnu,158,148,"48.870835436835165, 2.32504154480469",0,4,0,48.870835436835165,2.32504154480469
5053,2024-12-03 02:00:00+00:00,56.0,0.55167,Fluide,2374,2369,"48.85974727399931, 2.294517030404645",2,1,0,48.85974727399931,2.294517030404645
5656,2025-05-09 12:00:00+00:00,275.0,4.82,Inconnu,2965,2966,"48.84375912796721, 2.282006981055592",12,4,0,48.84375912796721,2.282006981055592
5985,2024-12-05 02:00:00+00:00,55.0,4.82,Inconnu,3106,2953,"48.837457179982636, 2.3234680376050387",2,3,0,48.837457179982636,2.3234680376050387
5479,2025-04-03 22:00:00+00:00,647.0,3.5,Fluide,3537,2868,"48.866238689387245, 2.4139742888249556",22,3,0,48.866238689387245,2.4139742888249556
5291,2025-05-09 12:00:00+00:00,78.0,1.55,Fluide,2791,2964,"48.87429277550123, 2.2778571962001157",12,4,0,48.87429277550123,2.2778571962001157
4678,2025-07-23 21:00:00+00:00,772.0,7.86556,Fluide,2486,2494,"48.83762771605792, 2.2540613703131074",21,2,0,48.83762771605792,2.2540613703131074
4010,2025-08-05 00:00:00+00:00,98.0,62.69056,Bloqué,2037,2029,"48.89143424973461, 2.3188079239898496",0,1,0,48.89143424973461,2.3188079239898496
267,2026-01-02 20:00:00+00:00,34.0,0.80056,Fluide,158,161,"48.87141638149756, 2.325574041015131",20,4,0,48.87141638149756,2.325574041015131
5053,2024-12-03 03:00:00+00:00,37.0,0.405,Fluide,2374,2369,"48.85974727399931, 2.294517030404645",3,1,0,48.85974727399931,2.294517030404645
5656,2025-05-09 11:00:00+00:00,255.0,4.82,Inconnu,2965,2966,"48.84375912796721, 2.282006981055592",11,4,0,48.84375912796721,2.282006981055592
1445,2025-08-26 11:00:00+00:00,259.0,2.40389,Fluide,770,769,"48.853801860897335, 2.411845651868501",11,1,0,48.853801860897335,2.411845651868501
5985,2024-12-05 03:00:00+00:00,48.0,4.82,Inconnu,3106,2953,"48.837457179982636, 2.3234680376050387",3,3,0,48.837457179982636,2.3234680376050387
5001,2025-01-06 08:00:00+00:00,195.0,4.82,Inconnu,2648,2649,"48.82745626013659, 2.369932579883945",8,0,0,48.82745626013659,2.369932579883945
4838,2025-03-10 21:00:00+00:00,134.0,2.50334,Fluide,2572,2577,"48.84074542019839, 2.3909353381931338",21,0,0,48.84074542019839,2.3909353381931338
5291,2025-05-09 11:00:00+00:00,105.0,1.80611,Fluide,2791,2964,"48.87429277550123, 2.2778571962001157",11,4,0,48.87429277550123,2.2778571962001157
4678,2025-07-23 20:00:00+00:00,807.0,11.74778,Fluide,2486,2494,"48.83762771605792, 2.2540613703131074",20,2,0,48.83762771605792,2.2540613703131074
4010,2025-08-05 02:00:00+00:00,46.0,1.76222,Fluide,2037,2029,"48.89143424973461, 2.3188079239898496",2,1,0,48.89143424973461,2.3188079239898496
267,2026-01-02 16:00:00+00:00,72.0,2.03611,Fluide,158,161,"48.87141638149756, 2.325574041015131",16,4,0,48.87141638149756,2.325574041015131
5053,2024-12-03 04:00:00+00:00,29.0,0.29111,Fluide,2374,2369,"48.85974727399931, 2.294517030404645",4,1,0,48.85974727399931,2.294517030404645
1447,2025-08-26 10:00:00+00:00,103.0,5.21778,Fluide,764,769,"48.85471997219, 2.410294993357032",10,1,0,48.85471997219,2.410294993357032
5985,2024-12-05 07:00:00+00:00,442.0,4.82,Inconnu,3106,2953,"48.837457179982636, 2.3234680376050387",7,3,0,48.837457179982636,2.3234680376050387
5009,2025-01-06 08:00:00+00:00,208.0,15.71445,Pré-saturé,2651,2652,"48.8291346754868, 2.3742426642503682",8,0,0,48.8291346754868,2.3742426642503682
4838,2025-03-10 20:00:00+00:00,113.0,2.00889,Fluide,2572,2577,"48.84074542019839, 2.3909353381931338",20,0,0,48.84074542019839,2.3909353381931338
5291,2025-05-09 10:00:00+00:00,102.0,1.68222,Fluide,2791,2964,"48.87429277550123, 2.2778571962001157",10,4,0,48.87429277550123,2.2778571962001157
4678,2025-07-23 17:00:00+00:00,1083.0,14.51945,Fluide,2486,2494,"48.83762771605792, 2.2540613703131074",17,2,0,48.83762771605792,2.2540613703131074
4010,2025-08-05 03:00:00+00:00,66.0,10.38445,Fluide,2037,2029,"48.89143424973461, 2.3188079239898496",3,1,0,48.89143424973461,2.3188079239898496
4066,2025-09-02 12:00:00+00:00,443.0,5.51222,Fluide,2101,2165,"48.876019150669244, 2.3378273268493093",12,1,0,48.876019150669244,2.3378273268493093
4798,2025-11-04 15:00:00+00:00,231.0,4.82,Inconnu,3191,2545,"48.83893493256619, 2.39746956736164",15,1,0,48.83893493256619,2.39746956736164
267,2026-01-02 15:00:00+00:00,80.0,1.76055,Fluide,158,161,"48.87141638149756, 2.325574041015131",15,4,0,48.87141638149756,2.325574041015131
5053,2024-12-03 06:00:00+00:00,144.0,1.3,Fluide,2374,2369,"48.85974727399931, 2.294517030404645",6,1,0,48.85974727399931,2.294517030404645
5464,2025-04-03 15:00:00+00:00,2518.0,25.3,Pré-saturé,2826,2867,"48.86440163531112, 2.416817059250391",15,3,0,48.86440163531112,2.416817059250391
1447,2025-08-26 11:00:00+00:00,90.0,4.01222,Fluide,764,769,"48.85471997219, 2.410294993357032",11,1,0,48.85471997219,2.410294993357032
5985,2024-12-05 08:00:00+00:00,606.0,4.82,Inconnu,3106,2953,"48.837457179982636, 2.3234680376050387",8,3,0,48.837457179982636,2.3234680376050387
4838,2025-03-10 18:00:00+00:00,122.0,2.94778,Fluide,2572,2577,"48.84074542019839, 2.3909353381931338",18,0,0,48.84074542019839,2.3909353381931338
5654,2025-05-09 11:00:00+00:00,255.0,4.015,Fluide,2387,2965,"48.84500691052885, 2.27926301956828",11,4,0,48.84500691052885,2.27926301956828
4010,2025-08-05 04:00:00+00:00,98.0,11.58611,Fluide,2037,2029,"48.89143424973461, 2.3188079239898496",4,1,0,48.89143424973461,2.3188079239898496
4169,2025-09-02 10:00:00+00:00,71.0,0.40778,Fluide,2057,2222,"48.882030559988195, 2.327092582127206",10,1,0,48.882030559988195,2.327092582127206
4798,2025-11-04 16:00:00+00:00,203.0,4.82,Inconnu,3191,2545,"48.83893493256619, 2.39746956736164",16,1,0,48.83893493256619,2.39746956736164
267,2026-01-02 14:00:00+00:00,67.0,1.67667,Fluide,158,161,"48.87141638149756, 2.325574041015131",14,4,0,48.87141638149756,2.325574041015131
5053,2024-12-03 07:00:00+00:00,420.0,2.81833,Fluide,2374,2369,"48.85974727399931, 2.294517030404645",7,1,0,48.85974727399931,2.294517030404645
5041,2025-01-06 08:00:00+00:00,275.0,4.14723,Fluide,2661,2582,"48.845794269435935, 2.3785716285798344",8,0,0,48.845794269435935,2.3785716285798344
5464,2025-04-03 17:00:00+00:00,2293.0,27.15,Pré-saturé,2826,2867,"48.86440163531112, 2.416817059250391",17,3,0,48.86440163531112,2.416817059250391
1450,2025-08-26 11:00:00+00:00,95.0,1.13223,Fluide,516,769,"48.85204272428526, 2.4110362972396846",11,1,0,48.85204272428526,2.4110362972396846
265,2025-09-02 11:00:00+00:00,57.0,4.82,Inconnu,152,157,"48.87013078629782, 2.3253579165449296",11,1,0,48.87013078629782,2.3253579165449296
5013,2025-01-06 08:00:00+00:00,455.0,5.34833,Fluide,2653,2603,"48.880104346914905, 2.3640297891944106",8,0,0,48.880104346914905,2.3640297891944106
4838,2025-03-10 17:00:00+00:00,126.0,2.17556,Fluide,2572,2577,"48.84074542019839, 2.3909353381931338",17,0,0,48.84074542019839,2.3909353381931338
5654,2025-05-09 10:00:00+00:00,255.0,3.86334,Fluide,2387,2965,"48.84500691052885, 2.27926301956828",10,4,0,48.84500691052885,2.27926301956828
5141,2025-06-05 00:00:00+00:00,0.0,0.0,Fluide,2654,2704,"48.83260555977292, 2.379334355712254",0,3,0,48.83260555977292,2.379334355712254
4010,2025-08-05 05:00:00+00:00,63.0,2.07222,Fluide,2037,2029,"48.89143424973461, 2.3188079239898496",5,1,0,48.89143424973461,2.3188079239898496
1131,2025-10-10 21:00:00+00:00,52.0,0.45111,Fluide,581,3467,"48.83178712348157, 2.2867966408241664",21,4,0,48.83178712348157,2.2867966408241664
4798,2025-11-04 17:00:00+00:00,219.0,4.82,Inconnu,3191,2545,"48.83893493256619, 2.39746956736164",17,1,0,48.83893493256619,2.39746956736164
5924,2025-12-02 00:00:00+00:00,187.0,1.53945,Fluide,3077,3078,"48.863196030069155, 2.2839111225254483",0,1,0,48.863196030069155,2.2839111225254483
267,2026-01-02 13:00:00+00:00,63.0,1.25834,Fluide,158,161,"48.87141638149756, 2.325574041015131",13,4,0,48.87141638149756,2.325574041015131
5045,2025-01-06 08:00:00+00:00,961.0,4.82,Inconnu,2582,2664,"48.84683999225611, 2.3762696904325606",8,0,0,48.84683999225611,2.3762696904325606
5464,2025-04-03 19:00:00+00:00,2838.0,17.6,Pré-saturé,2826,2867,"48.86440163531112, 2.416817059250391",19,3,0,48.86440163531112,2.416817059250391
1446,2025-08-26 10:00:00+00:00,168.0,0.17889,Fluide,769,770,"48.85367171794564, 2.4118835090183706",10,1,0,48.85367171794564,2.4118835090183706
268,2025-09-02 12:00:00+00:00,331.0,15.15,Pré-saturé,161,158,"48.87146796563136, 2.325394927682308",12,1,0,48.87146796563136,2.325394927682308
5018,2025-01-06 08:00:00+00:00,603.0,22.06944,Pré-saturé,2654,3331,"48.83194770121269, 2.379192545066562",8,0,0,48.83194770121269,2.379192545066562
5800,2025-03-10 23:00:00+00:00,101.0,4.82,Inconnu,3027,2578,"48.84201949837859, 2.3860918788521555",23,0,0,48.84201949837859,2.3860918788521555
5141,2025-06-05 02:00:00+00:00,15.0,0.38111,Fluide,2654,2704,"48.83260555977292, 2.379334355712254",2,3,0,48.83260555977292,2.379334355712254
1873,2025-08-04 23:00:00+00:00,275.0,9.95334,Fluide,2030,2029,"48.89271807343776, 2.316352098800791",23,0,0,48.89271807343776,2.316352098800791
4798,2025-11-04 18:00:00+00:00,197.0,4.82,Inconnu,3191,2545,"48.83893493256619, 2.39746956736164",18,1,0,48.83893493256619,2.39746956736164
5924,2025-12-02 01:00:00+00:00,93.0,0.93278,Fluide,3077,3078,"48.863196030069155, 2.2839111225254483",1,1,0,48.863196030069155,2.2839111225254483
267,2026-01-02 12:00:00+00:00,43.0,0.88222,Fluide,158,161,"48.87141638149756, 2.325574041015131",12,4,0,48.87141638149756,2.325574041015131
5047,2025-01-06 08:00:00+00:00,961.0,6.70611,Fluide,2664,2666,"48.84769702156428, 2.374534701752479",8,0,0,48.84769702156428,2.374534701752479
5464,2025-04-03 20:00:00+00:00,1455.0,8.0,Fluide,2826,2867,"48.86440163531112, 2.416817059250391",20,3,0,48.86440163531112,2.416817059250391
1446,2025-08-26 11:00:00+00:00,269.0,0.47444,Fluide,769,770,"48.85367171794564, 2.4118835090183706",11,1,0,48.85367171794564,2.4118835090183706
5019,2025-01-06 08:00:00+00:00,232.0,0.14333,Fluide,2654,816,"48.83282730588057, 2.380974670255777",8,0,0,48.83282730588057,2.380974670255777
5800,2025-03-10 22:00:00+00:00,158.0,3.24667,Fluide,3027,2578,"48.84201949837859, 2.3860918788521555",22,0,0,48.84201949837859,2.3860918788521555
5141,2025-06-05 04:00:00+00:00,108.0,3.01778,Fluide,2654,2704,"48.83260555977292, 2.379334355712254",4,3,0,48.83260555977292,2.379334355712254
1873,2025-08-05 00:00:00+00:00,174.0,4.66056,Fluide,2030,2029,"48.89271807343776, 2.316352098800791",0,1,0,48.89271807343776,2.316352098800791
4798,2025-11-04 21:00:00+00:00,157.0,4.82,Inconnu,3191,2545,"48.83893493256619, 2.39746956736164",21,1,0,48.83893493256619,2.39746956736164
5924,2025-12-02 05:00:00+00:00,74.0,0.61111,Fluide,3077,3078,"48.863196030069155, 2.2839111225254483",5,1,0,48.863196030069155,2.2839111225254483
267,2026-01-02 11:00:00+00:00,42.0,0.83889,Fluide,158,161,"48.87141638149756, 2.325574041015131",11,4,0,48.87141638149756,2.325574041015131
5052,2025-01-06 08:00:00+00:00,310.0,9.75389,Fluide,2643,2668,"48.82562437894074, 2.3602800369753956",8,0,0,48.82562437894074,2.3602800369753956
5479,2025-04-03 15:00:00+00:00,1365.0,7.95,Fluide,3537,2868,"48.866238689387245, 2.4139742888249556",15,3,0,48.866238689387245,2.4139742888249556
5498,2025-07-23 21:00:00+00:00,394.0,2.2,Fluide,3158,2828,"48.86541377509452, 2.4136030407731464",21,2,0,48.86541377509452,2.4136030407731464
5020,2025-01-06 08:00:00+00:00,674.0,17.82278,Pré-saturé,816,2654,"48.83288870697822, 2.380888020290274",8,0,0,48.83288870697822,2.380888020290274
5800,2025-03-10 18:00:00+00:00,276.0,14.18278,Fluide,3027,2578,"48.84201949837859, 2.3860918788521555",18,0,0,48.84201949837859,2.3860918788521555
5141,2025-06-05 07:00:00+00:00,424.0,18.76223,Pré-saturé,2654,2704,"48.83260555977292, 2.379334355712254",7,3,0,48.83260555977292,2.379334355712254
1873,2025-08-05 01:00:00+00:00,138.0,3.225,Fluide,2030,2029,"48.89271807343776, 2.316352098800791",1,1,0,48.89271807343776,2.316352098800791
5924,2025-12-02 06:00:00+00:00,316.0,2.02278,Fluide,3077,3078,"48.863196030069155, 2.2839111225254483",6,1,0,48.863196030069155,2.2839111225254483
267,2026-01-02 09:00:00+00:00,25.0,0.64222,Fluide,158,161,"48.87141638149756, 2.325574041015131",9,4,0,48.87141638149756,2.325574041015131
5053,2025-01-06 08:00:00+00:00,692.0,4.04222,Fluide,2374,2369,"48.85974727399931, 2.294517030404645",8,0,0,48.85974727399931,2.294517030404645
1911,2025-02-04 07:00:00+00:00,249.0,4.82,Inconnu,2058,2057,"48.88332582535167, 2.327331279422091",7,1,0,48.88332582535167,2.327331279422091
5479,2025-04-03 17:00:00+00:00,1392.0,8.8,Fluide,3537,2868,"48.866238689387245, 2.4139742888249556",17,3,0,48.866238689387245,2.4139742888249556
5675,2025-05-09 12:00:00+00:00,170.0,2.96222,Fluide,2914,2973,"48.837636523019256, 2.295506228391358",12,4,0,48.837636523019256,2.295506228391358
5498,2025-07-23 19:00:00+00:00,444.0,2.35,Fluide,3158,2828,"48.86541377509452, 2.4136030407731464",19,2,0,48.86541377509452,2.4136030407731464
4238,2025-11-04 15:00:00+00:00,48.0,0.89945,Fluide,2276,3186,"48.88652117444725, 2.29570611655721",15,1,0,48.88652117444725,2.29570611655721
5023,2025-01-06 08:00:00+00:00,603.0,4.82,Inconnu,2651,2649,"48.82812437982962, 2.3720969515543784",8,0,0,48.82812437982962,2.3720969515543784
1873,2025-08-05 02:00:00+00:00,98.0,2.42667,Fluide,2030,2029,"48.89271807343776, 2.316352098800791",2,1,0,48.89271807343776,2.316352098800791
6572,2025-09-02 10:00:00+00:00,142.0,0.79945,Fluide,3405,2244,"48.819892237079394, 2.3471409705152286",10,1,0,48.819892237079394,2.3471409705152286
1135,2025-10-10 22:00:00+00:00,170.0,4.02112,Fluide,627,583,"48.8293280128112, 2.2923850717034515",22,4,0,48.8293280128112,2.2923850717034515
5924,2025-12-02 07:00:00+00:00,852.0,9.64334,Fluide,3077,3078,"48.863196030069155, 2.2839111225254483",7,1,0,48.863196030069155,2.2839111225254483
267,2026-01-02 08:00:00+00:00,19.0,0.51389,Fluide,158,161,"48.87141638149756, 2.325574041015131",8,4,0,48.87141638149756,2.325574041015131
5059,2025-01-06 08:00:00+00:00,462.0,7.32722,Fluide,2541,2670,"48.83579378675189, 2.3524181500922245",8,0,0,48.83579378675189,2.3524181500922245
5479,2025-04-03 20:00:00+00:00,670.0,3.5,Fluide,3537,2868,"48.866238689387245, 2.4139742888249556",20,3,0,48.866238689387245,2.4139742888249556
5675,2025-05-09 10:00:00+00:00,149.0,3.30778,Fluide,2914,2973,"48.837636523019256, 2.295506228391358",10,4,0,48.837636523019256,2.295506228391358
5498,2025-07-23 18:00:00+00:00,608.0,3.5,Fluide,3158,2828,"48.86541377509452, 2.4136030407731464",18,2,0,48.86541377509452,2.4136030407731464
4238,2025-11-04 19:00:00+00:00,59.0,0.67945,Fluide,2276,3186,"48.88652117444725, 2.29570611655721",19,1,0,48.88652117444725,2.29570611655721
5027,2025-01-06 08:00:00+00:00,364.0,12.25,Fluide,2642,3171,"48.82681649250351, 2.3571672375862533",8,0,0,48.82681649250351,2.3571672375862533
4840,2025-03-10 22:00:00+00:00,80.0,1.35611,Fluide,2577,2578,"48.84165030225621, 2.387158799117701",22,0,0,48.84165030225621,2.387158799117701
5656,2025-05-09 10:00:00+00:00,255.0,4.82,Inconnu,2965,2966,"48.84375912796721, 2.282006981055592",10,4,0,48.84375912796721,2.282006981055592
1873,2025-08-05 03:00:00+00:00,140.0,4.125,Fluide,2030,2029,"48.89271807343776, 2.316352098800791",3,1,0,48.89271807343776,2.316352098800791
4187,2025-09-02 10:00:00+00:00,391.0,3.90778,Fluide,458,2244,"48.82067158582106, 2.3492984356722837",10,1,0,48.82067158582106,2.3492984356722837
1135,2025-10-10 21:00:00+00:00,204.0,4.99945,Fluide,627,583,"48.8293280128112, 2.2923850717034515",21,4,0,48.8293280128112,2.2923850717034515
5924,2025-12-02 08:00:00+00:00,1256.0,19.39555,Pré-saturé,3077,3078,"48.863196030069155, 2.2839111225254483",8,1,0,48.863196030069155,2.2839111225254483
267,2026-01-02 07:00:00+00:00,14.0,0.32333,Fluide,158,161,"48.87141638149756, 2.325574041015131",7,4,0,48.87141638149756,2.325574041015131
5063,2025-01-06 08:00:00+00:00,462.0,4.82,Inconnu,2671,2672,"48.832569925019094, 2.3546929160782337",8,0,0,48.832569925019094,2.3546929160782337
5479,2025-04-03 21:00:00+00:00,734.0,3.75,Fluide,3537,2868,"48.866238689387245, 2.4139742888249556",21,3,0,48.866238689387245,2.4139742888249556
5675,2025-05-09 09:00:00+00:00,176.0,3.01556,Fluide,2914,2973,"48.837636523019256, 2.295506228391358",9,4,0,48.837636523019256,2.295506228391358
5498,2025-07-23 17:00:00+00:00,688.0,3.7,Fluide,3158,2828,"48.86541377509452, 2.4136030407731464",17,2,0,48.86541377509452,2.4136030407731464
4238,2025-11-04 20:00:00+00:00,51.0,0.54945,Fluide,2276,3186,"48.88652117444725, 2.29570611655721",20,1,0,48.88652117444725,2.29570611655721
5028,2025-01-06 08:00:00+00:00,364.0,8.71778,Fluide,2656,2655,"48.82955548290616, 2.3563817971064673",8,0,0,48.82955548290616,2.3563817971064673
4617,2025-02-12 16:00:00+00:00,598.0,3.97722,Fluide,2456,2435,"48.846655175703106, 2.2591151068258366",16,2,0,48.846655175703106,2.2591151068258366
5656,2025-05-09 09:00:00+00:00,216.0,4.82,Inconnu,2965,2966,"48.84375912796721, 2.282006981055592",9,4,0,48.84375912796721,2.282006981055592
1873,2025-08-05 06:00:00+00:00,364.0,21.535,Pré-saturé,2030,2029,"48.89271807343776, 2.316352098800791",6,1,0,48.89271807343776,2.316352098800791
4187,2025-09-02 12:00:00+00:00,387.0,4.33611,Fluide,458,2244,"48.82067158582106, 2.3492984356722837",12,1,0,48.82067158582106,2.3492984356722837
1135,2025-10-10 20:00:00+00:00,223.0,5.34056,Fluide,627,583,"48.8293280128112, 2.2923850717034515",20,4,0,48.8293280128112,2.2923850717034515
5301,2025-12-02 06:00:00+00:00,3000.0,11.9,Fluide,2801,3079,"48.81616238950963, 2.3619586172189",6,1,0,48.81616238950963,2.3619586172189
267,2026-01-02 06:00:00+00:00,12.0,0.30556,Fluide,158,161,"48.87141638149756, 2.325574041015131",6,4,0,48.87141638149756,2.325574041015131
5679,2025-05-09 11:00:00+00:00,173.0,26.46278,Pré-saturé,2975,2974,"48.836121844579125, 2.300263040684597",11,4,0,48.836121844579125,2.300263040684597
5498,2025-07-23 14:00:00+00:00,676.0,3.75,Fluide,3158,2828,"48.86541377509452, 2.4136030407731464",14,2,0,48.86541377509452,2.4136030407731464
4238,2025-11-04 21:00:00+00:00,43.5,0.37222,Fluide,2276,3186,"48.88652117444725, 2.29570611655721",21,1,0,48.88652117444725,2.29570611655721
5029,2025-01-06 08:00:00+00:00,533.0,3.63111,Fluide,2642,2657,"48.825304348570064, 2.357356899781178",8,0,0,48.825304348570064,2.357356899781178
4617,2025-02-12 15:00:00+00:00,612.0,4.34611,Fluide,2456,2435,"48.846655175703106, 2.2591151068258366",15,2,0,48.846655175703106,2.2591151068258366
4840,2025-03-10 20:00:00+00:00,113.0,2.17334,Fluide,2577,2578,"48.84165030225621, 2.387158799117701",20,0,0,48.84165030225621,2.387158799117701
1872,2025-08-05 04:00:00+00:00,98.0,11.58611,Fluide,2029,2030,"48.89278640095514, 2.3164358102572162",4,1,0,48.89278640095514,2.3164358102572162
283,2025-09-02 10:00:00+00:00,0.0,9.73667,Fluide,16,2245,"48.86296591063161, 2.3344290585537735",10,1,0,48.86296591063161,2.3344290585537735
5301,2025-12-02 08:00:00+00:00,1907.0,47.3,Saturé,2801,3079,"48.81616238950963, 2.3619586172189",8,1,0,48.81616238950963,2.3619586172189
267,2026-01-02 05:00:00+00:00,4.0,0.08833,Fluide,158,161,"48.87141638149756, 2.325574041015131",5,4,0,48.87141638149756,2.325574041015131
4238,2025-11-04 23:00:00+00:00,24.5,0.39778,Fluide,2276,3186,"48.88652117444725, 2.29570611655721",23,1,0,48.88652117444725,2.29570611655721
5924,2025-12-02 02:00:00+00:00,84.0,0.83667,Fluide,3077,3078,"48.863196030069155, 2.2839111225254483",2,1,0,48.863196030069155,2.2839111225254483
5035,2025-01-06 08:00:00+00:00,911.0,4.82,Inconnu,471,3244,"48.82090755675011, 2.3590165757911574",8,0,0,48.82090755675011,2.3590165757911574
4617,2025-02-12 14:00:00+00:00,515.0,4.69278,Fluide,2456,2435,"48.846655175703106, 2.2591151068258366",14,2,0,48.846655175703106,2.2591151068258366
1872,2025-08-05 05:00:00+00:00,63.0,2.07222,Fluide,2029,2030,"48.89278640095514, 2.3164358102572162",5,1,0,48.89278640095514,2.3164358102572162
5521,2025-11-04 16:00:00+00:00,138.0,3.02667,Fluide,2898,2546,"48.8348282759246, 2.3432371445674205",16,1,0,48.8348282759246,2.3432371445674205
5931,2025-12-02 01:00:00+00:00,927.0,3.1,Fluide,2801,3080,"48.8163435979267, 2.3596847706524553",1,1,0,48.8163435979267,2.3596847706524553
267,2026-01-02 04:00:00+00:00,3.0,0.35611,Fluide,158,161,"48.87141638149756, 2.325574041015131",4,4,0,48.87141638149756,2.325574041015131
5924,2025-12-02 03:00:00+00:00,51.0,0.66889,Fluide,3077,3078,"48.863196030069155, 2.2839111225254483",3,1,0,48.863196030069155,2.2839111225254483
4617,2025-02-12 12:00:00+00:00,556.0,4.45389,Fluide,2456,2435,"48.846655175703106, 2.2591151068258366",12,2,0,48.846655175703106,2.2591151068258366
4840,2025-03-10 18:00:00+00:00,122.0,2.45111,Fluide,2577,2578,"48.84165030225621, 2.387158799117701",18,0,0,48.84165030225621,2.387158799117701
4681,2025-07-23 19:00:00+00:00,1076.0,1.72667,Fluide,2494,2496,"48.8366301446208, 2.254921015007266",19,2,0,48.8366301446208,2.254921015007266
1872,2025-08-05 06:00:00+00:00,94.0,55.90222,Bloqué,2029,2030,"48.89278640095514, 2.3164358102572162",6,1,0,48.89278640095514,2.3164358102572162
5521,2025-11-04 19:00:00+00:00,158.0,3.72945,Fluide,2898,2546,"48.8348282759246, 2.3432371445674205",19,1,0,48.8348282759246,2.3432371445674205
5931,2025-12-02 03:00:00+00:00,844.0,3.6,Fluide,2801,3080,"48.8163435979267, 2.3596847706524553",3,1,0,48.8163435979267,2.3596847706524553
267,2026-01-02 03:00:00+00:00,4.0,0.05445,Fluide,158,161,"48.87141638149756, 2.325574041015131",3,4,0,48.87141638149756,2.325574041015131
5715,2025-05-09 12:00:00+00:00,170.0,20.87666,Pré-saturé,2991,2975,"48.835098729299176, 2.3038898657109375",12,4,0,48.835098729299176,2.3038898657109375
5924,2025-12-02 04:00:00+00:00,30.0,0.32723,Fluide,3077,3078,"48.863196030069155, 2.2839111225254483",4,1,0,48.863196030069155,2.2839111225254483
6025,2024-12-05 00:00:00+00:00,236.0,5.18444,Fluide,3111,3118,"48.873467529490505, 2.32674471960913",0,3,0,48.873467529490505,2.32674471960913
4594,2025-02-12 17:00:00+00:00,218.0,0.935,Fluide,2449,2435,"48.84662435331379, 2.2582644854540703",17,2,0,48.84662435331379,2.2582644854540703
4681,2025-07-23 18:00:00+00:00,1186.0,1.59389,Fluide,2494,2496,"48.8366301446208, 2.254921015007266",18,2,0,48.8366301446208,2.254921015007266
4037,2025-08-04 23:00:00+00:00,275.0,4.82,Inconnu,2024,2030,"48.893726007822515, 2.3145978779309324",23,0,0,48.893726007822515,2.3145978779309324
5521,2025-11-04 21:00:00+00:00,74.0,1.68889,Fluide,2898,2546,"48.8348282759246, 2.3432371445674205",21,1,0,48.8348282759246,2.3432371445674205
5931,2025-12-02 04:00:00+00:00,1144.0,5.2,Fluide,2801,3080,"48.8163435979267, 2.3596847706524553",4,1,0,48.8163435979267,2.3596847706524553
267,2026-01-02 01:00:00+00:00,11.0,0.16555,Fluide,158,161,"48.87141638149756, 2.325574041015131",1,4,0,48.87141638149756,2.325574041015131
6041,2025-02-04 09:00:00+00:00,205.0,4.82,Inconnu,3129,2058,"48.88287795709752, 2.325025828984164",9,1,0,48.88287795709752,2.325025828984164
5715,2025-05-09 11:00:00+00:00,173.0,26.46278,Pré-saturé,2991,2975,"48.835098729299176, 2.3038898657109375",11,4,0,48.835098729299176,2.3038898657109375
5500,2025-07-23 22:00:00+00:00,763.0,3.65,Fluide,2768,2852,"48.88063994118136, 2.2822477054484014",22,2,0,48.88063994118136,2.2822477054484014
5301,2025-12-02 00:00:00+00:00,933.0,3.3,Fluide,2801,3079,"48.81616238950963, 2.3619586172189",0,1,0,48.81616238950963,2.3619586172189
6025,2024-12-05 02:00:00+00:00,90.0,1.54445,Fluide,3111,3118,"48.873467529490505, 2.32674471960913",2,3,0,48.873467529490505,2.32674471960913
4594,2025-02-12 16:00:00+00:00,226.0,0.92778,Fluide,2449,2435,"48.84662435331379, 2.2582644854540703",16,2,0,48.84662435331379,2.2582644854540703
4840,2025-03-10 17:00:00+00:00,126.0,2.42278,Fluide,2577,2578,"48.84165030225621, 2.387158799117701",17,0,0,48.84165030225621,2.387158799117701
5658,2025-05-09 12:00:00+00:00,275.0,9.21556,Fluide,2966,2967,"48.84276592965118, 2.284198551553339",12,4,0,48.84276592965118,2.284198551553339
4681,2025-07-23 16:00:00+00:00,1076.0,2.17889,Fluide,2494,2496,"48.8366301446208, 2.254921015007266",16,2,0,48.8366301446208,2.254921015007266
4037,2025-08-05 00:00:00+00:00,174.0,4.82,Inconnu,2024,2030,"48.893726007822515, 2.3145978779309324",0,1,0,48.893726007822515,2.3145978779309324
5931,2025-12-02 05:00:00+00:00,1565.0,8.9,Fluide,2801,3080,"48.8163435979267, 2.3596847706524553",5,1,0,48.8163435979267,2.3596847706524553
267,2026-01-02 00:00:00+00:00,21.0,0.42111,Fluide,158,161,"48.87141638149756, 2.325574041015131",0,4,0,48.87141638149756,2.325574041015131
6041,2025-02-04 08:00:00+00:00,210.0,4.82,Inconnu,3129,2058,"48.88287795709752, 2.325025828984164",8,1,0,48.88287795709752,2.325025828984164
5500,2025-07-23 20:00:00+00:00,676.0,3.35,Fluide,2768,2852,"48.88063994118136, 2.2822477054484014",20,2,0,48.88063994118136,2.2822477054484014
1456,2025-08-26 10:00:00+00:00,882.0,7.37833,Fluide,707,774,"48.86454493966117, 2.409639373673407",10,1,0,48.86454493966117,2.409639373673407
5301,2025-12-02 01:00:00+00:00,596.0,2.0,Fluide,2801,3079,"48.81616238950963, 2.3619586172189",1,1,0,48.81616238950963,2.3619586172189
6025,2024-12-05 03:00:00+00:00,51.0,0.93222,Fluide,3111,3118,"48.873467529490505, 2.32674471960913",3,3,0,48.873467529490505,2.32674471960913
4594,2025-02-12 14:00:00+00:00,195.0,0.73611,Fluide,2449,2435,"48.84662435331379, 2.2582644854540703",14,2,0,48.84662435331379,2.2582644854540703
5658,2025-05-09 11:00:00+00:00,255.0,5.23833,Fluide,2966,2967,"48.84276592965118, 2.284198551553339",11,4,0,48.84276592965118,2.284198551553339
4681,2025-07-23 15:00:00+00:00,1054.0,1.79722,Fluide,2494,2496,"48.8366301446208, 2.254921015007266",15,2,0,48.8366301446208,2.254921015007266
4037,2025-08-05 01:00:00+00:00,138.0,4.82,Inconnu,2024,2030,"48.893726007822515, 2.3145978779309324",1,1,0,48.893726007822515,2.3145978779309324
4206,2025-09-02 10:00:00+00:00,308.0,5.98056,Fluide,3658,2250,"48.889731638424344, 2.3034242294196425",10,1,0,48.889731638424344,2.3034242294196425
5931,2025-12-02 06:00:00+00:00,2022.0,12.8,Fluide,2801,3080,"48.8163435979267, 2.3596847706524553",6,1,0,48.8163435979267,2.3596847706524553
268,2026-01-02 20:00:00+00:00,346.0,9.03667,Fluide,161,158,"48.87146796563136, 2.325394927682308",20,4,0,48.87146796563136,2.325394927682308
5072,2025-01-06 08:00:00+00:00,631.0,9.92667,Fluide,2676,2667,"48.849177057084276, 2.3733707478527695",8,0,0,48.849177057084276,2.3733707478527695
6041,2025-02-04 05:00:00+00:00,66.0,4.82,Inconnu,3129,2058,"48.88287795709752, 2.325025828984164",5,1,0,48.88287795709752,2.325025828984164
4841,2025-06-04 16:00:00+00:00,274.0,2.29833,Fluide,2578,2577,"48.841253112153154, 2.388181688278932",16,2,0,48.841253112153154,2.388181688278932
5500,2025-07-23 18:00:00+00:00,711.0,3.6,Fluide,2768,2852,"48.88063994118136, 2.2822477054484014",18,2,0,48.88063994118136,2.2822477054484014
1456,2025-08-26 11:00:00+00:00,884.0,7.99778,Fluide,707,774,"48.86454493966117, 2.409639373673407",11,1,0,48.86454493966117,2.409639373673407
272,2025-09-02 10:00:00+00:00,560.0,4.36389,Fluide,135,163,"48.864730551451466, 2.3080699104570703",10,1,0,48.864730551451466,2.3080699104570703
5301,2025-12-02 02:00:00+00:00,384.0,1.4,Fluide,2801,3079,"48.81616238950963, 2.3619586172189",2,1,0,48.81616238950963,2.3619586172189
6025,2024-12-05 04:00:00+00:00,61.0,1.01556,Fluide,3111,3118,"48.873467529490505, 2.32674471960913",4,3,0,48.873467529490505,2.32674471960913
5049,2025-01-06 08:00:00+00:00,961.0,33.41945,Saturé,2666,2667,"48.84833824955474, 2.3732466029578934",8,0,0,48.84833824955474,2.3732466029578934
4594,2025-02-12 12:00:00+00:00,226.0,1.33834,Fluide,2449,2435,"48.84662435331379, 2.2582644854540703",12,2,0,48.84662435331379,2.2582644854540703
4840,2025-03-10 16:00:00+00:00,154.0,2.82722,Fluide,2577,2578,"48.84165030225621, 2.387158799117701",16,0,0,48.84165030225621,2.387158799117701
5658,2025-05-09 10:00:00+00:00,255.0,17.48445,Pré-saturé,2966,2967,"48.84276592965118, 2.284198551553339",10,4,0,48.84276592965118,2.284198551553339
4681,2025-07-23 14:00:00+00:00,1066.0,4.14667,Fluide,2494,2496,"48.8366301446208, 2.254921015007266",14,2,0,48.8366301446208,2.254921015007266
4037,2025-08-05 02:00:00+00:00,98.0,4.82,Inconnu,2024,2030,"48.893726007822515, 2.3145978779309324",2,1,0,48.893726007822515,2.3145978779309324
4206,2025-09-02 12:00:00+00:00,264.0,4.23889,Fluide,3658,2250,"48.889731638424344, 2.3034242294196425",12,1,0,48.889731638424344,2.3034242294196425
5312,2025-12-02 00:00:00+00:00,920.0,3.25,Fluide,454,3081,"48.81650210543072, 2.3441561466323697",0,1,0,48.81650210543072,2.3441561466323697
268,2026-01-02 19:00:00+00:00,309.0,6.81167,Fluide,161,158,"48.87146796563136, 2.325394927682308",19,4,0,48.87146796563136,2.325394927682308
5075,2025-01-06 08:00:00+00:00,631.0,5.56556,Fluide,2481,2676,"48.850473253309985, 2.3750984333848746",8,0,0,48.850473253309985,2.3750984333848746
6041,2025-02-04 02:00:00+00:00,78.0,4.82,Inconnu,3129,2058,"48.88287795709752, 2.325025828984164",2,1,0,48.88287795709752,2.325025828984164
4838,2025-06-04 20:00:00+00:00,99.0,1.04222,Fluide,2572,2577,"48.84074542019839, 2.3909353381931338",20,2,0,48.84074542019839,2.3909353381931338
5500,2025-07-23 15:00:00+00:00,689.0,3.55,Fluide,2768,2852,"48.88063994118136, 2.2822477054484014",15,2,0,48.88063994118136,2.2822477054484014
1458,2025-08-26 10:00:00+00:00,882.0,4.82,Inconnu,774,775,"48.86483052889757, 2.4110051933962877",10,1,0,48.86483052889757,2.4110051933962877
272,2025-09-02 11:00:00+00:00,685.0,5.255,Fluide,135,163,"48.864730551451466, 2.3080699104570703",11,1,0,48.864730551451466,2.3080699104570703
519,2025-10-09 15:00:00+00:00,801.0,9.12667,Fluide,43,305,"48.86003522129555, 2.3490589283430636",15,3,0,48.86003522129555,2.3490589283430636
5301,2025-12-02 03:00:00+00:00,343.0,1.3,Fluide,2801,3079,"48.81616238950963, 2.3619586172189",3,1,0,48.81616238950963,2.3619586172189
5050,2025-01-06 08:00:00+00:00,665.0,4.82,Inconnu,2667,243,"48.84917514334085, 2.3715844264454544",8,0,0,48.84917514334085,2.3715844264454544
4594,2025-02-12 11:00:00+00:00,275.0,1.53667,Fluide,2449,2435,"48.84662435331379, 2.2582644854540703",11,2,0,48.84662435331379,2.2582644854540703
5658,2025-05-09 09:00:00+00:00,216.0,12.98,Fluide,2966,2967,"48.84276592965118, 2.284198551553339",9,4,0,48.84276592965118,2.284198551553339
1687,2025-06-05 01:00:00+00:00,116.0,14.29833,Fluide,894,2711,"48.83914343490729, 2.3771744698724637",1,3,0,48.83914343490729,2.3771744698724637
4037,2025-08-05 03:00:00+00:00,140.0,4.82,Inconnu,2024,2030,"48.893726007822515, 2.3145978779309324",3,1,0,48.893726007822515,2.3145978779309324
6143,2025-09-02 10:00:00+00:00,648.0,41.15,Saturé,2299,2250,"48.88885617709347, 2.3043771742126573",10,1,0,48.88885617709347,2.3043771742126573
5312,2025-12-02 04:00:00+00:00,496.0,2.0,Fluide,454,3081,"48.81650210543072, 2.3441561466323697",4,1,0,48.81650210543072,2.3441561466323697
268,2026-01-02 18:00:00+00:00,295.0,8.04167,Fluide,161,158,"48.87146796563136, 2.325394927682308",18,4,0,48.87146796563136,2.325394927682308
6041,2025-02-04 00:00:00+00:00,146.0,4.82,Inconnu,3129,2058,"48.88287795709752, 2.325025828984164",0,1,0,48.88287795709752,2.325025828984164
1154,2025-03-11 09:00:00+00:00,610.0,21.345,Pré-saturé,640,633,"48.82671569429145, 2.3005724109982397",9,1,0,48.82671569429145,2.3005724109982397
4838,2025-06-04 18:00:00+00:00,124.0,1.98667,Fluide,2572,2577,"48.84074542019839, 2.3909353381931338",18,2,0,48.84074542019839,2.3909353381931338
5874,2025-09-02 11:00:00+00:00,146.0,2.15611,Fluide,2469,163,"48.86459810640073, 2.311959690834841",11,1,0,48.86459810640073,2.311959690834841
519,2025-10-09 16:00:00+00:00,826.0,10.20222,Fluide,43,305,"48.86003522129555, 2.3490589283430636",16,3,0,48.86003522129555,2.3490589283430636
5301,2025-12-02 04:00:00+00:00,514.0,2.05,Fluide,2801,3079,"48.81616238950963, 2.3619586172189",4,1,0,48.81616238950963,2.3619586172189
5051,2025-01-06 08:00:00+00:00,310.0,0.99667,Fluide,2668,482,"48.82443936752373, 2.361214255961105",8,0,0,48.82443936752373,2.361214255961105
4554,2025-02-12 14:00:00+00:00,388.0,2.375,Fluide,2434,2435,"48.84933125847719, 2.259520826913401",14,2,0,48.84933125847719,2.259520826913401
4843,2025-03-10 18:00:00+00:00,281.0,5.52,Fluide,3026,2579,"48.843812573208986, 2.3826424293292057",18,0,0,48.843812573208986,2.3826424293292057
1687,2025-06-05 02:00:00+00:00,70.0,12.61667,Fluide,894,2711,"48.83914343490729, 2.3771744698724637",2,3,0,48.83914343490729,2.3771744698724637
4037,2025-08-05 06:00:00+00:00,364.0,4.82,Inconnu,2024,2030,"48.893726007822515, 2.3145978779309324",6,1,0,48.893726007822515,2.3145978779309324
6143,2025-09-02 12:00:00+00:00,809.0,17.80445,Pré-saturé,2299,2250,"48.88885617709347, 2.3043771742126573",12,1,0,48.88885617709347,2.3043771742126573
1907,2025-10-10 22:00:00+00:00,326.0,8.19223,Fluide,2054,2055,"48.88624000309515, 2.326234118222269",22,4,0,48.88624000309515,2.326234118222269
4784,2025-11-04 16:00:00+00:00,228.0,7.275,Fluide,2549,2548,"48.83789150118754, 2.355108550162809",16,1,0,48.83789150118754,2.355108550162809
5312,2025-12-02 06:00:00+00:00,2771.0,16.35,Pré-saturé,454,3081,"48.81650210543072, 2.3441561466323697",6,1,0,48.81650210543072,2.3441561466323697
268,2026-01-02 16:00:00+00:00,320.0,26.79167,Pré-saturé,161,158,"48.87146796563136, 2.325394927682308",16,4,0,48.87146796563136,2.325394927682308
1910,2025-02-04 06:00:00+00:00,296.0,3.37278,Fluide,2057,2058,"48.883682516065036, 2.3273012603472862",6,1,0,48.883682516065036,2.3273012603472862
1154,2025-03-11 04:00:00+00:00,88.0,0.46722,Fluide,640,633,"48.82671569429145, 2.3005724109982397",4,1,0,48.82671569429145,2.3005724109982397
4838,2025-06-04 15:00:00+00:00,130.0,1.07889,Fluide,2572,2577,"48.84074542019839, 2.3909353381931338",15,2,0,48.84074542019839,2.3909353381931338
4621,2025-09-02 10:00:00+00:00,1785.0,6.33834,Fluide,2467,163,"48.86459640905526, 2.3052956227920625",10,1,0,48.86459640905526,2.3052956227920625
519,2025-10-09 18:00:00+00:00,960.0,11.94889,Fluide,43,305,"48.86003522129555, 2.3490589283430636",18,3,0,48.86003522129555,2.3490589283430636
5301,2025-12-02 05:00:00+00:00,1396.0,5.15,Fluide,2801,3079,"48.81616238950963, 2.3619586172189",5,1,0,48.81616238950963,2.3619586172189
5054,2025-01-06 08:00:00+00:00,222.0,4.61167,Fluide,2669,2357,"48.86244616769413, 2.302558562107011",8,0,0,48.86244616769413,2.302558562107011
4554,2025-02-12 13:00:00+00:00,371.0,2.69278,Fluide,2434,2435,"48.84933125847719, 2.259520826913401",13,2,0,48.84933125847719,2.259520826913401
4843,2025-03-10 17:00:00+00:00,253.0,4.34,Fluide,3026,2579,"48.843812573208986, 2.3826424293292057",17,0,0,48.843812573208986,2.3826424293292057
1687,2025-06-05 04:00:00+00:00,130.0,19.59833,Pré-saturé,894,2711,"48.83914343490729, 2.3771744698724637",4,3,0,48.83914343490729,2.3771744698724637
4209,2025-09-02 10:00:00+00:00,589.0,55.55389,Bloqué,2257,2250,"48.89053315488946, 2.3031081382797414",10,1,0,48.89053315488946,2.3031081382797414
1907,2025-10-10 21:00:00+00:00,265.0,7.48056,Fluide,2054,2055,"48.88624000309515, 2.326234118222269",21,4,0,48.88624000309515,2.326234118222269
4784,2025-11-04 17:00:00+00:00,185.0,7.86945,Fluide,2549,2548,"48.83789150118754, 2.355108550162809",17,1,0,48.83789150118754,2.355108550162809
5312,2025-12-02 08:00:00+00:00,1977.0,42.4,Saturé,454,3081,"48.81650210543072, 2.3441561466323697",8,1,0,48.81650210543072,2.3441561466323697
268,2026-01-02 15:00:00+00:00,357.0,27.33111,Pré-saturé,161,158,"48.87146796563136, 2.325394927682308",15,4,0,48.87146796563136,2.325394927682308
1910,2025-02-04 04:00:00+00:00,108.0,1.10222,Fluide,2057,2058,"48.883682516065036, 2.3273012603472862",4,1,0,48.883682516065036,2.3273012603472862
1154,2025-03-11 01:00:00+00:00,116.0,0.60389,Fluide,640,633,"48.82671569429145, 2.3005724109982397",1,1,0,48.82671569429145,2.3005724109982397
5800,2025-06-04 22:00:00+00:00,211.0,4.91445,Fluide,3027,2578,"48.84201949837859, 2.3860918788521555",22,2,0,48.84201949837859,2.3860918788521555
4621,2025-09-02 12:00:00+00:00,1747.0,6.07278,Fluide,2467,163,"48.86459640905526, 2.3052956227920625",12,1,0,48.86459640905526,2.3052956227920625
519,2025-10-09 21:00:00+00:00,902.0,9.41444,Fluide,43,305,"48.86003522129555, 2.3490589283430636",21,3,0,48.86003522129555,2.3490589283430636
5301,2025-12-02 07:00:00+00:00,2626.0,18.65,Pré-saturé,2801,3079,"48.81616238950963, 2.3619586172189",7,1,0,48.81616238950963,2.3619586172189
5055,2025-01-06 08:00:00+00:00,599.0,4.27334,Fluide,189,2349,"48.86283214784574, 2.3118478388157837",8,0,0,48.86283214784574,2.3118478388157837
4554,2025-02-12 12:00:00+00:00,338.0,2.28222,Fluide,2434,2435,"48.84933125847719, 2.259520826913401",12,2,0,48.84933125847719,2.259520826913401
4843,2025-03-10 16:00:00+00:00,255.0,4.68278,Fluide,3026,2579,"48.843812573208986, 2.3826424293292057",16,0,0,48.843812573208986,2.3826424293292057
5660,2025-05-09 12:00:00+00:00,275.0,3.59611,Fluide,2967,2968,"48.84161530668962, 2.2867033023466288",12,4,0,48.84161530668962,2.2867033023466288
1687,2025-06-05 05:00:00+00:00,257.0,29.55778,Pré-saturé,894,2711,"48.83914343490729, 2.3771744698724637",5,3,0,48.83914343490729,2.3771744698724637
4209,2025-09-02 12:00:00+00:00,765.0,35.03056,Saturé,2257,2250,"48.89053315488946, 2.3031081382797414",12,1,0,48.89053315488946,2.3031081382797414
1907,2025-10-10 20:00:00+00:00,241.0,6.87222,Fluide,2054,2055,"48.88624000309515, 2.326234118222269",20,4,0,48.88624000309515,2.326234118222269
4784,2025-11-04 18:00:00+00:00,221.0,8.23556,Fluide,2549,2548,"48.83789150118754, 2.355108550162809",18,1,0,48.83789150118754,2.355108550162809
5932,2025-12-02 01:00:00+00:00,460.0,5.61334,Fluide,2062,3082,"48.88390993151407, 2.3315402505190486",1,1,0,48.88390993151407,2.3315402505190486
268,2026-01-02 14:00:00+00:00,366.0,17.68111,Pré-saturé,161,158,"48.87146796563136, 2.325394927682308",14,4,0,48.87146796563136,2.325394927682308
5088,2025-01-06 08:00:00+00:00,641.0,12.85556,Fluide,2687,2688,"48.83417328451617, 2.3662347757460873",8,0,0,48.83417328451617,2.3662347757460873
1910,2025-02-04 03:00:00+00:00,127.0,1.17111,Fluide,2057,2058,"48.883682516065036, 2.3273012603472862",3,1,0,48.883682516065036,2.3273012603472862
1154,2025-03-11 00:00:00+00:00,195.0,1.42833,Fluide,640,633,"48.82671569429145, 2.3005724109982397",0,1,0,48.82671569429145,2.3005724109982397
5800,2025-06-04 20:00:00+00:00,173.0,4.84556,Fluide,3027,2578,"48.84201949837859, 2.3860918788521555",20,2,0,48.84201949837859,2.3860918788521555
5931,2025-12-02 00:00:00+00:00,1034.0,4.6,Fluide,2801,3080,"48.8163435979267, 2.3596847706524553",0,1,0,48.8163435979267,2.3596847706524553
5660,2025-05-09 11:00:00+00:00,255.0,3.465,Fluide,2967,2968,"48.84161530668962, 2.2867033023466288",11,4,0,48.84161530668962,2.2867033023466288
1687,2025-06-05 06:00:00+00:00,284.0,22.37722,Pré-saturé,894,2711,"48.83914343490729, 2.3771744698724637",6,3,0,48.83914343490729,2.3771744698724637
4198,2025-09-02 11:00:00+00:00,385.0,3.37167,Fluide,2023,2250,"48.891119565780215, 2.3059988527590267",11,1,0,48.891119565780215,2.3059988527590267
4784,2025-11-04 19:00:00+00:00,189.0,8.16445,Fluide,2549,2548,"48.83789150118754, 2.355108550162809",19,1,0,48.83789150118754,2.355108550162809
5932,2025-12-02 02:00:00+00:00,337.0,4.45444,Fluide,2062,3082,"48.88390993151407, 2.3315402505190486",2,1,0,48.88390993151407,2.3315402505190486
268,2026-01-02 12:00:00+00:00,309.0,5.20389,Fluide,161,158,"48.87146796563136, 2.325394927682308",12,4,0,48.87146796563136,2.325394927682308
1910,2025-02-04 02:00:00+00:00,174.0,1.74889,Fluide,2057,2058,"48.883682516065036, 2.3273012603472862",2,1,0,48.883682516065036,2.3273012603472862
5800,2025-06-04 18:00:00+00:00,276.0,11.67944,Fluide,3027,2578,"48.84201949837859, 2.3860918788521555",18,2,0,48.84201949837859,2.3860918788521555
520,2025-10-09 16:00:00+00:00,936.0,10.20222,Fluide,305,306,"48.86126605932548, 2.3497495189391975",16,3,0,48.86126605932548,2.3497495189391975
5931,2025-12-02 02:00:00+00:00,824.0,3.15,Fluide,2801,3080,"48.8163435979267, 2.3596847706524553",2,1,0,48.8163435979267,2.3596847706524553
5061,2025-01-06 08:00:00+00:00,462.0,9.28723,Fluide,2670,2671,"48.83403162382951, 2.353657397124469",8,0,0,48.83403162382951,2.353657397124469
5660,2025-05-09 10:00:00+00:00,255.0,4.40833,Fluide,2967,2968,"48.84161530668962, 2.2867033023466288",10,4,0,48.84161530668962,2.2867033023466288
1529,2025-06-04 23:00:00+00:00,187.0,3.63,Fluide,815,2712,"48.83516264646664, 2.385023778858236",23,2,0,48.83516264646664,2.385023778858236
4011,2025-08-05 00:00:00+00:00,174.0,4.66056,Fluide,2029,2037,"48.89137005671353, 2.318723502990812",0,1,0,48.89137005671353,2.318723502990812
4198,2025-09-02 12:00:00+00:00,362.0,2.87,Fluide,2023,2250,"48.891119565780215, 2.3059988527590267",12,1,0,48.891119565780215,2.3059988527590267
4784,2025-11-04 20:00:00+00:00,197.0,6.05056,Fluide,2549,2548,"48.83789150118754, 2.355108550162809",20,1,0,48.83789150118754,2.355108550162809
5932,2025-12-02 08:00:00+00:00,900.0,20.97667,Pré-saturé,2062,3082,"48.88390993151407, 2.3315402505190486",8,1,0,48.88390993151407,2.3315402505190486
268,2026-01-02 11:00:00+00:00,290.0,5.29056,Fluide,161,158,"48.87146796563136, 2.325394927682308",11,4,0,48.87146796563136,2.325394927682308
5090,2025-01-06 08:00:00+00:00,641.0,4.82,Inconnu,2688,2689,"48.8348164099384, 2.3681843633940285",8,0,0,48.8348164099384,2.3681843633940285
5800,2025-06-04 17:00:00+00:00,322.0,38.02111,Saturé,3027,2578,"48.84201949837859, 2.3860918788521555",17,2,0,48.84201949837859,2.3860918788521555
5931,2025-12-02 07:00:00+00:00,2607.0,18.9,Pré-saturé,2801,3080,"48.8163435979267, 2.3596847706524553",7,1,0,48.8163435979267,2.3596847706524553
5481,2025-04-03 16:00:00+00:00,713.0,4.7,Fluide,2877,2878,"48.86467482554882, 2.41469911144644",16,3,0,48.86467482554882,2.41469911144644
5660,2025-05-09 09:00:00+00:00,216.0,5.08778,Fluide,2967,2968,"48.84161530668962, 2.2867033023466288",9,4,0,48.84161530668962,2.2867033023466288
1529,2025-06-05 00:00:00+00:00,97.0,1.86556,Fluide,815,2712,"48.83516264646664, 2.385023778858236",0,3,0,48.83516264646664,2.385023778858236
4011,2025-08-05 03:00:00+00:00,140.0,4.125,Fluide,2029,2037,"48.89137005671353, 2.318723502990812",3,1,0,48.89137005671353,2.318723502990812
5516,2025-09-02 12:00:00+00:00,215.0,4.82,Inconnu,2704,2253,"48.83366337703698, 2.3780384515772877",12,1,0,48.83366337703698,2.3780384515772877
1909,2025-10-10 20:00:00+00:00,216.0,7.61,Fluide,2057,2056,"48.88432235800655, 2.3271107585743467",20,4,0,48.88432235800655,2.3271107585743467
4784,2025-11-04 21:00:00+00:00,172.0,3.84222,Fluide,2549,2548,"48.83789150118754, 2.355108550162809",21,1,0,48.83789150118754,2.355108550162809
268,2026-01-02 07:00:00+00:00,108.0,1.98056,Fluide,161,158,"48.87146796563136, 2.325394927682308",7,4,0,48.87146796563136,2.325394927682308
5091,2025-01-06 08:00:00+00:00,576.0,14.37444,Fluide,540,2686,"48.8347453666598, 2.40907551237917",8,0,0,48.8347453666598,2.40907551237917
5800,2025-06-04 16:00:00+00:00,310.0,46.35056,Saturé,3027,2578,"48.84201949837859, 2.3860918788521555",16,2,0,48.84201949837859,2.3860918788521555
5389,2025-08-26 10:00:00+00:00,3000.0,9.0,Fluide,2842,781,"48.87867622633741, 2.4076009756718206",10,1,0,48.87867622633741,2.4076009756718206
5931,2025-12-02 08:00:00+00:00,2275.0,21.75,Pré-saturé,2801,3080,"48.8163435979267, 2.3596847706524553",8,1,0,48.8163435979267,2.3596847706524553
6556,2025-03-10 23:00:00+00:00,294.0,8.85389,Fluide,3398,2580,"48.88801961515594, 2.38994883703183",23,0,0,48.88801961515594,2.38994883703183
5481,2025-04-03 18:00:00+00:00,598.0,2.35,Fluide,2877,2878,"48.86467482554882, 2.41469911144644",18,3,0,48.86467482554882,2.41469911144644
1529,2025-06-05 02:00:00+00:00,52.0,0.88945,Fluide,815,2712,"48.83516264646664, 2.385023778858236",2,3,0,48.83516264646664,2.385023778858236
4011,2025-08-05 05:00:00+00:00,306.0,13.29333,Fluide,2029,2037,"48.89137005671353, 2.318723502990812",5,1,0,48.89137005671353,2.318723502990812
1909,2025-10-10 19:00:00+00:00,209.0,6.98834,Fluide,2057,2056,"48.88432235800655, 2.3271107585743467",19,4,0,48.88432235800655,2.3271107585743467
4784,2025-11-04 23:00:00+00:00,237.0,4.32889,Fluide,2549,2548,"48.83789150118754, 2.355108550162809",23,1,0,48.83789150118754,2.355108550162809
268,2026-01-02 06:00:00+00:00,128.0,2.25778,Fluide,161,158,"48.87146796563136, 2.325394927682308",6,4,0,48.87146796563136,2.325394927682308
5097,2025-01-06 08:00:00+00:00,316.0,11.33278,Fluide,900,2690,"48.83699339863528, 2.3725040194716858",8,0,0,48.83699339863528,2.3725040194716858
4840,2025-06-04 16:00:00+00:00,121.0,2.34833,Fluide,2577,2578,"48.84165030225621, 2.387158799117701",16,2,0,48.84165030225621,2.387158799117701
5312,2025-12-02 01:00:00+00:00,595.0,2.25,Fluide,454,3081,"48.81650210543072, 2.3441561466323697",1,1,0,48.81650210543072,2.3441561466323697
5069,2025-01-06 08:00:00+00:00,536.0,13.49389,Fluide,2667,244,"48.84834163469898, 2.3719456150752762",8,0,0,48.84834163469898,2.3719456150752762
6556,2025-03-10 22:00:00+00:00,407.0,14.16834,Fluide,3398,2580,"48.88801961515594, 2.38994883703183",22,0,0,48.88801961515594,2.38994883703183
5481,2025-04-03 21:00:00+00:00,676.0,2.75,Fluide,2877,2878,"48.86467482554882, 2.41469911144644",21,3,0,48.86467482554882,2.41469911144644
1529,2025-06-05 05:00:00+00:00,132.0,2.39667,Fluide,815,2712,"48.83516264646664, 2.385023778858236",5,3,0,48.83516264646664,2.385023778858236
1910,2025-10-10 21:00:00+00:00,814.0,8.80611,Fluide,2057,2058,"48.883682516065036, 2.3273012603472862",21,4,0,48.883682516065036,2.3273012603472862
268,2026-01-02 05:00:00+00:00,56.0,0.93222,Fluide,161,158,"48.87146796563136, 2.325394927682308",5,4,0,48.87146796563136,2.325394927682308
5099,2025-01-06 08:00:00+00:00,296.0,5.05222,Fluide,2694,327,"48.86673406818669, 2.350231319740539",8,0,0,48.86673406818669,2.350231319740539
4843,2025-06-04 22:00:00+00:00,134.0,2.28834,Fluide,3026,2579,"48.843812573208986, 2.3826424293292057",22,2,0,48.843812573208986,2.3826424293292057
5312,2025-12-02 02:00:00+00:00,369.0,1.4,Fluide,454,3081,"48.81650210543072, 2.3441561466323697",2,1,0,48.81650210543072,2.3441561466323697
5074,2025-01-06 08:00:00+00:00,203.0,2.96278,Fluide,2667,2676,"48.849108875146456, 2.3734940294822335",8,0,0,48.849108875146456,2.3734940294822335
6556,2025-03-10 17:00:00+00:00,397.0,73.46,Bloqué,3398,2580,"48.88801961515594, 2.38994883703183",17,0,0,48.88801961515594,2.38994883703183
5480,2025-04-03 15:00:00+00:00,1341.0,6.7,Fluide,2834,2878,"48.86502514208155, 2.4146329329640106",15,3,0,48.86502514208155,2.4146329329640106
7056,2025-09-02 11:00:00+00:00,106.0,1.46945,Fluide,3659,2254,"48.88848717697455, 2.3004472156446973",11,1,0,48.88848717697455,2.3004472156446973
268,2026-01-02 04:00:00+00:00,46.0,0.78889,Fluide,161,158,"48.87146796563136, 2.325394927682308",4,4,0,48.87146796563136,2.325394927682308
5100,2025-01-06 08:00:00+00:00,244.0,6.23778,Fluide,2629,2632,"48.82564678389761, 2.347885220460848",8,0,0,48.82564678389761,2.347885220460848
1149,2025-03-11 07:00:00+00:00,270.0,4.82,Inconnu,634,633,"48.82568017850052, 2.3004246061957305",7,1,0,48.82568017850052,2.3004246061957305
5481,2025-04-03 15:00:00+00:00,822.0,3.4,Fluide,2877,2878,"48.86467482554882, 2.41469911144644",15,3,0,48.86467482554882,2.41469911144644
5717,2025-05-09 12:00:00+00:00,282.0,4.82,Inconnu,2991,2993,"48.83428090474114, 2.3066064887944853",12,4,0,48.83428090474114,2.3066064887944853
4843,2025-06-04 21:00:00+00:00,114.0,2.17278,Fluide,3026,2579,"48.843812573208986, 2.3826424293292057",21,2,0,48.843812573208986,2.3826424293292057
5503,2025-07-23 17:00:00+00:00,505.0,34.85,Saturé,2891,2803,"48.87660476052435, 2.279527609990353",17,2,0,48.87660476052435,2.279527609990353
4797,2025-11-04 18:00:00+00:00,197.0,1.13222,Fluide,2555,3191,"48.837849570002774, 2.400459352731195",18,1,0,48.837849570002774,2.400459352731195
5312,2025-12-02 03:00:00+00:00,328.0,1.35,Fluide,454,3081,"48.81650210543072, 2.3441561466323697",3,1,0,48.81650210543072,2.3441561466323697
5081,2025-01-06 08:00:00+00:00,985.0,6.73278,Fluide,2681,2682,"48.83100502776304, 2.3537207380368668",8,0,0,48.83100502776304,2.3537207380368668
4896,2025-03-10 21:00:00+00:00,327.0,5.18334,Fluide,2581,2580,"48.88735343320046, 2.3878076213186157",21,0,0,48.88735343320046,2.3878076213186157
5480,2025-04-03 16:00:00+00:00,1525.0,7.45,Fluide,2834,2878,"48.86502514208155, 2.4146329329640106",16,3,0,48.86502514208155,2.4146329329640106
4236,2025-09-02 11:00:00+00:00,249.0,1.55723,Fluide,2276,2254,"48.88759791832548, 2.2988620207981394",11,1,0,48.88759791832548,2.2988620207981394
268,2026-01-02 03:00:00+00:00,52.0,0.76389,Fluide,161,158,"48.87146796563136, 2.325394927682308",3,4,0,48.87146796563136,2.325394927682308
1149,2025-03-11 05:00:00+00:00,113.0,4.82,Inconnu,634,633,"48.82568017850052, 2.3004246061957305",5,1,0,48.82568017850052,2.3004246061957305
5481,2025-04-03 17:00:00+00:00,685.0,2.95,Fluide,2877,2878,"48.86467482554882, 2.41469911144644",17,3,0,48.86467482554882,2.41469911144644
5717,2025-05-09 11:00:00+00:00,278.0,4.82,Inconnu,2991,2993,"48.83428090474114, 2.3066064887944853",11,4,0,48.83428090474114,2.3066064887944853
4843,2025-06-04 20:00:00+00:00,188.0,3.34834,Fluide,3026,2579,"48.843812573208986, 2.3826424293292057",20,2,0,48.843812573208986,2.3826424293292057
5503,2025-07-23 16:00:00+00:00,592.0,8.55,Fluide,2891,2803,"48.87660476052435, 2.279527609990353",16,2,0,48.87660476052435,2.279527609990353
4797,2025-11-04 19:00:00+00:00,195.0,1.18611,Fluide,2555,3191,"48.837849570002774, 2.400459352731195",19,1,0,48.837849570002774,2.400459352731195
5312,2025-12-02 05:00:00+00:00,1277.0,4.85,Fluide,454,3081,"48.81650210543072, 2.3441561466323697",5,1,0,48.81650210543072,2.3441561466323697
5082,2025-01-06 08:00:00+00:00,626.0,4.82,Inconnu,2682,2681,"48.83069688601863, 2.3538882611948133",8,0,0,48.83069688601863,2.3538882611948133
4896,2025-03-10 19:00:00+00:00,321.0,5.30278,Fluide,2581,2580,"48.88735343320046, 2.3878076213186157",19,0,0,48.88735343320046,2.3878076213186157
5480,2025-04-03 17:00:00+00:00,1521.0,7.15,Fluide,2834,2878,"48.86502514208155, 2.4146329329640106",17,3,0,48.86502514208155,2.4146329329640106
4207,2025-09-02 10:00:00+00:00,911.0,5.15611,Fluide,2250,2257,"48.890621225039794, 2.303299600200692",10,1,0,48.890621225039794,2.303299600200692
268,2026-01-02 01:00:00+00:00,126.0,2.14167,Fluide,161,158,"48.87146796563136, 2.325394927682308",1,4,0,48.87146796563136,2.325394927682308
1149,2025-03-11 02:00:00+00:00,27.0,4.82,Inconnu,634,633,"48.82568017850052, 2.3004246061957305",2,1,0,48.82568017850052,2.3004246061957305
5481,2025-04-03 19:00:00+00:00,634.0,2.6,Fluide,2877,2878,"48.86467482554882, 2.41469911144644",19,3,0,48.86467482554882,2.41469911144644
4843,2025-06-04 16:00:00+00:00,375.0,7.33111,Fluide,3026,2579,"48.843812573208986, 2.3826424293292057",16,2,0,48.843812573208986,2.3826424293292057
5503,2025-07-23 15:00:00+00:00,673.0,3.2,Fluide,2891,2803,"48.87660476052435, 2.279527609990353",15,2,0,48.87660476052435,2.279527609990353
1479,2025-08-26 10:00:00+00:00,326.0,3.49945,Fluide,786,785,"48.87844014818932, 2.402381696377139",10,1,0,48.87844014818932,2.402381696377139
282,2025-09-02 10:00:00+00:00,495.0,11.34445,Fluide,169,168,"48.86406233351568, 2.3310591801433076",10,1,0,48.86406233351568,2.3310591801433076
4797,2025-11-04 21:00:00+00:00,157.0,0.52111,Fluide,2555,3191,"48.837849570002774, 2.400459352731195",21,1,0,48.837849570002774,2.400459352731195
5312,2025-12-02 07:00:00+00:00,2380.0,36.6,Saturé,454,3081,"48.81650210543072, 2.3441561466323697",7,1,0,48.81650210543072,2.3441561466323697
4798,2024-12-05 10:00:00+00:00,369.0,4.82,Inconnu,3191,2545,"48.83893493256619, 2.39746956736164",10,3,0,48.83893493256619,2.39746956736164
4896,2025-03-10 18:00:00+00:00,391.0,6.79556,Fluide,2581,2580,"48.88735343320046, 2.3878076213186157",18,0,0,48.88735343320046,2.3878076213186157
5480,2025-04-03 20:00:00+00:00,1841.0,9.6,Fluide,2834,2878,"48.86502514208155, 2.4146329329640106",20,3,0,48.86502514208155,2.4146329329640106
4207,2025-09-02 11:00:00+00:00,1051.0,10.34833,Fluide,2250,2257,"48.890621225039794, 2.303299600200692",11,1,0,48.890621225039794,2.303299600200692
268,2026-01-02 00:00:00+00:00,130.0,2.20778,Fluide,161,158,"48.87146796563136, 2.325394927682308",0,4,0,48.87146796563136,2.325394927682308
5108,2025-01-06 08:00:00+00:00,175.0,4.82,Inconnu,2695,2541,"48.83604588381674, 2.3498282876825813",8,0,0,48.83604588381674,2.3498282876825813
1149,2025-03-11 00:00:00+00:00,95.0,4.82,Inconnu,634,633,"48.82568017850052, 2.3004246061957305",0,1,0,48.82568017850052,2.3004246061957305
5481,2025-04-03 20:00:00+00:00,554.0,2.2,Fluide,2877,2878,"48.86467482554882, 2.41469911144644",20,3,0,48.86467482554882,2.41469911144644
282,2025-09-02 11:00:00+00:00,558.0,11.16,Fluide,169,168,"48.86406233351568, 2.3310591801433076",11,1,0,48.86406233351568,2.3310591801433076
4797,2025-11-04 22:00:00+00:00,111.0,0.61556,Fluide,2555,3191,"48.837849570002774, 2.400459352731195",22,1,0,48.837849570002774,2.400459352731195
5932,2025-12-02 00:00:00+00:00,593.0,11.96889,Fluide,2062,3082,"48.88390993151407, 2.3315402505190486",0,1,0,48.88390993151407,2.3315402505190486
4897,2025-03-10 20:00:00+00:00,490.0,8.89778,Fluide,2583,2581,"48.88676002566284, 2.385581239189898",20,0,0,48.88676002566284,2.385581239189898
5480,2025-04-03 22:00:00+00:00,1897.0,9.8,Fluide,2834,2878,"48.86502514208155, 2.4146329329640106",22,3,0,48.86502514208155,2.4146329329640106
4012,2025-08-05 01:00:00+00:00,51.0,0.88167,Fluide,2037,2038,"48.890857852067256, 2.3196232537948633",1,1,0,48.890857852067256,2.3196232537948633
4207,2025-09-02 12:00:00+00:00,1088.0,6.91111,Fluide,2250,2257,"48.890621225039794, 2.303299600200692",12,1,0,48.890621225039794,2.303299600200692
5934,2025-12-02 01:00:00+00:00,460.0,4.64889,Fluide,3082,3083,"48.88369029569291, 2.332441379660131",1,1,0,48.88369029569291,2.332441379660131
5109,2025-01-06 08:00:00+00:00,247.0,4.82,Inconnu,2541,2695,"48.83673391943303, 2.3514833042973797",8,0,0,48.83673391943303,2.3514833042973797
5481,2025-04-03 22:00:00+00:00,648.0,2.55,Fluide,2877,2878,"48.86467482554882, 2.41469911144644",22,3,0,48.86467482554882,2.41469911144644
1483,2025-08-26 10:00:00+00:00,397.0,3.31778,Fluide,3616,786,"48.879513974483885, 2.401433074441183",10,1,0,48.879513974483885,2.401433074441183
5932,2025-12-02 03:00:00+00:00,247.0,2.40611,Fluide,2062,3082,"48.88390993151407, 2.3315402505190486",3,1,0,48.88390993151407,2.3315402505190486
5093,2025-01-06 08:00:00+00:00,641.0,7.56056,Fluide,2689,2690,"48.8356135435128, 2.3702862418055175",8,0,0,48.8356135435128,2.3702862418055175
4844,2025-03-10 23:00:00+00:00,248.0,4.32056,Fluide,2580,2581,"48.887455517678035, 2.3877553012294106",23,0,0,48.887455517678035,2.3877553012294106
5369,2025-07-23 22:00:00+00:00,3000.0,12.85,Fluide,918,915,"48.90072530781521, 2.371325565298014",22,2,0,48.90072530781521,2.371325565298014
4012,2025-08-05 02:00:00+00:00,39.0,0.54,Fluide,2037,2038,"48.890857852067256, 2.3196232537948633",2,1,0,48.890857852067256,2.3196232537948633
5934,2025-12-02 03:00:00+00:00,247.0,2.75278,Fluide,3082,3083,"48.88369029569291, 2.332441379660131",3,1,0,48.88369029569291,2.332441379660131
5480,2025-04-03 18:00:00+00:00,1316.0,6.1,Fluide,2834,2878,"48.86502514208155, 2.4146329329640106",18,3,0,48.86502514208155,2.4146329329640106
5719,2025-05-09 10:00:00+00:00,259.0,2.01334,Fluide,2993,2994,"48.833710572584764, 2.308623549406665",10,4,0,48.833710572584764,2.308623549406665
1483,2025-08-26 11:00:00+00:00,384.0,2.50722,Fluide,3616,786,"48.879513974483885, 2.401433074441183",11,1,0,48.879513974483885,2.401433074441183
5932,2025-12-02 04:00:00+00:00,300.0,3.10611,Fluide,2062,3082,"48.88390993151407, 2.3315402505190486",4,1,0,48.88390993151407,2.3315402505190486
6161,2024-12-05 09:00:00+00:00,747.0,16.96667,Pré-saturé,3195,2416,"48.85649211589322, 2.286121573189832",9,3,0,48.85649211589322,2.286121573189832
5094,2025-01-06 08:00:00+00:00,479.0,4.82,Inconnu,2686,540,"48.834603016156066, 2.4089154293352593",8,0,0,48.834603016156066,2.4089154293352593
4844,2025-03-10 22:00:00+00:00,312.0,8.12278,Fluide,2580,2581,"48.887455517678035, 2.3877553012294106",22,0,0,48.887455517678035,2.3877553012294106
5675,2025-05-09 11:00:00+00:00,173.0,3.82389,Fluide,2914,2973,"48.837636523019256, 2.295506228391358",11,4,0,48.837636523019256,2.295506228391358
5369,2025-07-23 21:00:00+00:00,3000.0,13.05,Fluide,918,915,"48.90072530781521, 2.371325565298014",21,2,0,48.90072530781521,2.371325565298014
4012,2025-08-05 05:00:00+00:00,41.0,1.66778,Fluide,2037,2038,"48.890857852067256, 2.3196232537948633",5,1,0,48.890857852067256,2.3196232537948633
4211,2025-09-02 10:00:00+00:00,911.0,5.15611,Fluide,2257,2260,"48.89149690357161, 2.3021694381003854",10,1,0,48.89149690357161,2.3021694381003854
4787,2025-11-04 16:00:00+00:00,228.0,7.275,Fluide,3052,2549,"48.8382719906119, 2.356332138570039",16,1,0,48.8382719906119,2.356332138570039
5934,2025-12-02 05:00:00+00:00,233.0,1.98889,Fluide,3082,3083,"48.88369029569291, 2.332441379660131",5,1,0,48.88369029569291,2.332441379660131
5480,2025-04-03 19:00:00+00:00,1451.0,7.15,Fluide,2834,2878,"48.86502514208155, 2.4146329329640106",19,3,0,48.86502514208155,2.4146329329640106
5719,2025-05-09 09:00:00+00:00,235.0,1.84611,Fluide,2993,2994,"48.833710572584764, 2.308623549406665",9,4,0,48.833710572584764,2.308623549406665
6556,2025-06-04 22:00:00+00:00,335.0,11.40111,Fluide,3398,2580,"48.88801961515594, 2.38994883703183",22,2,0,48.88801961515594,2.38994883703183
1481,2025-08-26 11:00:00+00:00,93.0,2.30389,Fluide,787,786,"48.879729191549515, 2.400686875064716",11,1,0,48.879729191549515,2.400686875064716
522,2025-10-09 15:00:00+00:00,1190.0,14.24334,Fluide,307,308,"48.86397460512845, 2.3513026241315576",15,3,0,48.86397460512845,2.3513026241315576
5932,2025-12-02 05:00:00+00:00,233.0,2.3,Fluide,2062,3082,"48.88390993151407, 2.3315402505190486",5,1,0,48.88390993151407,2.3315402505190486
6161,2024-12-05 10:00:00+00:00,706.0,17.56389,Pré-saturé,3195,2416,"48.85649211589322, 2.286121573189832",10,3,0,48.85649211589322,2.286121573189832
5095,2025-01-06 08:00:00+00:00,316.0,11.33278,Fluide,2690,2689,"48.83582700334228, 2.3700747334324723",8,0,0,48.83582700334228,2.3700747334324723
4844,2025-03-10 20:00:00+00:00,405.0,14.30111,Fluide,2580,2581,"48.887455517678035, 2.3877553012294106",20,0,0,48.887455517678035,2.3877553012294106
5679,2025-05-09 12:00:00+00:00,170.0,20.87666,Pré-saturé,2975,2974,"48.836121844579125, 2.300263040684597",12,4,0,48.836121844579125,2.300263040684597
5369,2025-07-23 20:00:00+00:00,3000.0,10.8,Fluide,918,915,"48.90072530781521, 2.371325565298014",20,2,0,48.90072530781521,2.371325565298014
4012,2025-08-05 06:00:00+00:00,58.0,1.73834,Fluide,2037,2038,"48.890857852067256, 2.3196232537948633",6,1,0,48.890857852067256,2.3196232537948633
4226,2025-09-02 11:00:00+00:00,493.0,7.94,Fluide,2269,2261,"48.87492165108901, 2.3054470290446014",11,1,0,48.87492165108901,2.3054470290446014
1916,2025-10-10 22:00:00+00:00,802.0,10.24333,Fluide,2061,2062,"48.88425703260311, 2.330090277596609",22,4,0,48.88425703260311,2.330090277596609
4787,2025-11-04 18:00:00+00:00,221.0,8.23556,Fluide,3052,2549,"48.8382719906119, 2.356332138570039",18,1,0,48.8382719906119,2.356332138570039
5934,2025-12-02 06:00:00+00:00,469.0,5.55,Fluide,3082,3083,"48.88369029569291, 2.332441379660131",6,1,0,48.88369029569291,2.332441379660131
5480,2025-04-03 21:00:00+00:00,2089.0,11.0,Fluide,2834,2878,"48.86502514208155, 2.4146329329640106",21,3,0,48.86502514208155,2.4146329329640106
6556,2025-06-04 21:00:00+00:00,412.0,15.9,Pré-saturé,3398,2580,"48.88801961515594, 2.38994883703183",21,2,0,48.88801961515594,2.38994883703183
1495,2025-08-26 10:00:00+00:00,106.0,0.42889,Fluide,796,787,"48.88194750362747, 2.400022229952983",10,1,0,48.88194750362747,2.400022229952983
522,2025-10-09 18:00:00+00:00,1257.0,14.26778,Fluide,307,308,"48.86397460512845, 2.3513026241315576",18,3,0,48.86397460512845,2.3513026241315576
5932,2025-12-02 06:00:00+00:00,469.0,5.01389,Fluide,2062,3082,"48.88390993151407, 2.3315402505190486",6,1,0,48.88390993151407,2.3315402505190486
6167,2024-12-05 10:00:00+00:00,295.0,1.41722,Fluide,3196,291,"48.84734648232724, 2.3600781653456124",10,3,0,48.84734648232724,2.3600781653456124
5096,2025-01-06 08:00:00+00:00,641.0,26.72167,Pré-saturé,2690,900,"48.8368039996201, 2.3727312158959704",8,0,0,48.8368039996201,2.3727312158959704
4844,2025-03-10 18:00:00+00:00,455.0,20.09111,Pré-saturé,2580,2581,"48.887455517678035, 2.3877553012294106",18,0,0,48.887455517678035,2.3877553012294106
5679,2025-05-09 10:00:00+00:00,149.0,20.91778,Pré-saturé,2975,2974,"48.836121844579125, 2.300263040684597",10,4,0,48.836121844579125,2.300263040684597
5369,2025-07-23 18:00:00+00:00,3000.0,14.75,Fluide,918,915,"48.90072530781521, 2.371325565298014",18,2,0,48.90072530781521,2.371325565298014
4226,2025-09-02 12:00:00+00:00,450.0,6.82945,Fluide,2269,2261,"48.87492165108901, 2.3054470290446014",12,1,0,48.87492165108901,2.3054470290446014
1916,2025-10-10 20:00:00+00:00,853.0,22.15222,Pré-saturé,2061,2062,"48.88425703260311, 2.330090277596609",20,4,0,48.88425703260311,2.330090277596609
4787,2025-11-04 22:00:00+00:00,170.0,3.95278,Fluide,3052,2549,"48.8382719906119, 2.356332138570039",22,1,0,48.8382719906119,2.356332138570039
5934,2025-12-02 08:00:00+00:00,900.0,6.33944,Fluide,3082,3083,"48.88369029569291, 2.332441379660131",8,1,0,48.88369029569291,2.332441379660131
6556,2025-06-04 19:00:00+00:00,449.0,69.30778,Bloqué,3398,2580,"48.88801961515594, 2.38994883703183",19,2,0,48.88801961515594,2.38994883703183
1495,2025-08-26 11:00:00+00:00,93.0,0.34389,Fluide,796,787,"48.88194750362747, 2.400022229952983",11,1,0,48.88194750362747,2.400022229952983
522,2025-10-09 22:00:00+00:00,1157.0,11.45445,Fluide,307,308,"48.86397460512845, 2.3513026241315576",22,3,0,48.86397460512845,2.3513026241315576
4532,2025-11-04 15:00:00+00:00,982.0,2.24667,Fluide,2428,3195,"48.85794434322401, 2.2879570464024455",15,1,0,48.85794434322401,2.2879570464024455
5932,2025-12-02 07:00:00+00:00,811.0,12.03556,Fluide,2062,3082,"48.88390993151407, 2.3315402505190486",7,1,0,48.88390993151407,2.3315402505190486
5098,2025-01-06 08:00:00+00:00,327.0,16.22556,Pré-saturé,2693,2403,"48.846548214430534, 2.2738728794910488",8,0,0,48.846548214430534,2.2738728794910488
4844,2025-03-10 17:00:00+00:00,427.0,48.82111,Saturé,2580,2581,"48.887455517678035, 2.3877553012294106",17,0,0,48.887455517678035,2.3877553012294106
5679,2025-05-09 09:00:00+00:00,176.0,23.19445,Pré-saturé,2975,2974,"48.836121844579125, 2.300263040684597",9,4,0,48.836121844579125,2.300263040684597
5369,2025-07-23 17:00:00+00:00,3000.0,31.15,Saturé,918,915,"48.90072530781521, 2.371325565298014",17,2,0,48.90072530781521,2.371325565298014
4220,2025-09-02 11:00:00+00:00,332.0,32.51444,Saturé,2264,2261,"48.87457774124796, 2.303302306960396",11,1,0,48.87457774124796,2.303302306960396
1917,2025-10-10 21:00:00+00:00,212.0,4.67222,Fluide,2056,2054,"48.885402861648146, 2.3266169500527614",21,4,0,48.885402861648146,2.3266169500527614
5939,2025-12-02 00:00:00+00:00,210.0,4.82,Inconnu,3085,3084,"48.88234880023468, 2.3385609206690385",0,1,0,48.88234880023468,2.3385609206690385
5124,2025-01-06 08:00:00+00:00,369.0,3.19611,Fluide,2253,2703,"48.83502836904792, 2.3763485871727865",8,0,0,48.83502836904792,2.3763485871727865
5725,2025-05-09 12:00:00+00:00,270.0,3.88167,Fluide,2997,2996,"48.83250555847874, 2.312181556433602",12,4,0,48.83250555847874,2.312181556433602
6556,2025-06-04 17:00:00+00:00,360.0,81.78389,Bloqué,3398,2580,"48.88801961515594, 2.38994883703183",17,2,0,48.88801961515594,2.38994883703183
1482,2025-08-26 10:00:00+00:00,219.0,0.76278,Fluide,786,787,"48.87978790744333, 2.4008661853852256",10,1,0,48.87978790744333,2.4008661853852256
4532,2025-11-04 18:00:00+00:00,1378.0,13.18889,Fluide,2428,3195,"48.85794434322401, 2.2879570464024455",18,1,0,48.85794434322401,2.2879570464024455
5101,2025-01-06 08:00:00+00:00,348.0,6.86889,Fluide,2632,2629,"48.82573772182281, 2.3478814473100806",8,0,0,48.82573772182281,2.3478814473100806
5436,2025-02-12 17:00:00+00:00,3000.0,20.3,Pré-saturé,2441,2437,"48.863457759231785, 2.2660740271913795",17,2,0,48.863457759231785,2.2660740271913795
4844,2025-03-10 16:00:00+00:00,383.0,54.99222,Bloqué,2580,2581,"48.887455517678035, 2.3877553012294106",16,0,0,48.887455517678035,2.3877553012294106
5369,2025-07-23 16:00:00+00:00,3000.0,34.65,Saturé,918,915,"48.90072530781521, 2.371325565298014",16,2,0,48.90072530781521,2.371325565298014
4224,2025-09-02 12:00:00+00:00,767.0,9.01111,Fluide,2266,2264,"48.8742208121303, 2.299997672740901",12,1,0,48.8742208121303,2.299997672740901
5939,2025-12-02 01:00:00+00:00,149.0,4.82,Inconnu,3085,3084,"48.88234880023468, 2.3385609206690385",1,1,0,48.88234880023468,2.3385609206690385
1148,2025-03-11 09:00:00+00:00,610.0,4.82,Inconnu,633,634,"48.825716504847236, 2.3001940887828694",9,1,0,48.825716504847236,2.3001940887828694
5725,2025-05-09 11:00:00+00:00,271.0,3.57611,Fluide,2997,2996,"48.83250555847874, 2.312181556433602",11,4,0,48.83250555847874,2.312181556433602
4896,2025-06-04 20:00:00+00:00,444.0,7.94167,Fluide,2581,2580,"48.88735343320046, 2.3878076213186157",20,2,0,48.88735343320046,2.3878076213186157
5387,2025-08-26 11:00:00+00:00,3000.0,10.95,Fluide,802,788,"48.88427824620128, 2.3988555151769373",11,1,0,48.88427824620128,2.3988555151769373
302,2025-09-02 10:00:00+00:00,336.0,4.01111,Fluide,179,177,"48.86696000118719, 2.333796736935272",10,1,0,48.86696000118719,2.333796736935272
4532,2025-11-04 19:00:00+00:00,1449.0,18.54611,Pré-saturé,2428,3195,"48.85794434322401, 2.2879570464024455",19,1,0,48.85794434322401,2.2879570464024455
848,2024-12-05 09:00:00+00:00,66.0,4.82,Inconnu,3197,276,"48.844304894539725, 2.3695679142096946",9,3,0,48.844304894539725,2.3695679142096946
5105,2025-01-06 08:00:00+00:00,641.0,12.85556,Fluide,2677,2687,"48.83352051883225, 2.3644324758979085",8,0,0,48.83352051883225,2.3644324758979085
5436,2025-02-12 16:00:00+00:00,3000.0,13.7,Fluide,2441,2437,"48.863457759231785, 2.2660740271913795",16,2,0,48.863457759231785,2.2660740271913795
6125,2025-03-10 21:00:00+00:00,751.5,4.82,Inconnu,3176,2582,"48.846133498491206, 2.3765843934877866",21,0,0,48.846133498491206,2.3765843934877866
5369,2025-07-23 15:00:00+00:00,3000.0,31.1,Saturé,918,915,"48.90072530781521, 2.371325565298014",15,2,0,48.90072530781521,2.371325565298014
5939,2025-12-02 02:00:00+00:00,117.0,4.82,Inconnu,3085,3084,"48.88234880023468, 2.3385609206690385",2,1,0,48.88234880023468,2.3385609206690385
1148,2025-03-11 08:00:00+00:00,622.0,4.82,Inconnu,633,634,"48.825716504847236, 2.3001940887828694",8,1,0,48.825716504847236,2.3001940887828694
5725,2025-05-09 10:00:00+00:00,255.0,3.19889,Fluide,2997,2996,"48.83250555847874, 2.312181556433602",10,4,0,48.83250555847874,2.312181556433602
4896,2025-06-04 19:00:00+00:00,343.0,10.28445,Fluide,2581,2580,"48.88735343320046, 2.3878076213186157",19,2,0,48.88735343320046,2.3878076213186157
302,2025-09-02 11:00:00+00:00,335.0,4.04445,Fluide,179,177,"48.86696000118719, 2.333796736935272",11,1,0,48.86696000118719,2.333796736935272
4532,2025-11-04 21:00:00+00:00,789.0,0.78556,Fluide,2428,3195,"48.85794434322401, 2.2879570464024455",21,1,0,48.85794434322401,2.2879570464024455
848,2024-12-05 10:00:00+00:00,85.0,4.82,Inconnu,3197,276,"48.844304894539725, 2.3695679142096946",10,3,0,48.844304894539725,2.3695679142096946
5436,2025-02-12 11:00:00+00:00,3000.0,17.4,Pré-saturé,2441,2437,"48.863457759231785, 2.2660740271913795",11,2,0,48.863457759231785,2.2660740271913795
6125,2025-03-10 20:00:00+00:00,708.0,4.82,Inconnu,3176,2582,"48.846133498491206, 2.3765843934877866",20,0,0,48.846133498491206,2.3765843934877866
5715,2025-05-09 10:00:00+00:00,149.0,20.91778,Pré-saturé,2991,2975,"48.835098729299176, 2.3038898657109375",10,4,0,48.835098729299176,2.3038898657109375
5370,2025-07-23 21:00:00+00:00,3000.0,9.4,Fluide,915,2838,"48.90086282635956, 2.3652928265234094",21,2,0,48.90086282635956,2.3652928265234094
5415,2025-09-02 10:00:00+00:00,3000.0,16.6,Pré-saturé,2270,2265,"48.89180166620453, 2.301209921059871",10,1,0,48.89180166620453,2.301209921059871
5939,2025-12-02 04:00:00+00:00,112.0,4.82,Inconnu,3085,3084,"48.88234880023468, 2.3385609206690385",4,1,0,48.88234880023468,2.3385609206690385
1148,2025-03-11 04:00:00+00:00,88.0,4.82,Inconnu,633,634,"48.825716504847236, 2.3001940887828694",4,1,0,48.825716504847236,2.3001940887828694
5725,2025-05-09 09:00:00+00:00,262.0,2.65,Fluide,2997,2996,"48.83250555847874, 2.312181556433602",9,4,0,48.83250555847874,2.312181556433602
4896,2025-06-04 15:00:00+00:00,320.0,11.055,Fluide,2581,2580,"48.88735343320046, 2.3878076213186157",15,2,0,48.88735343320046,2.3878076213186157
5361,2025-08-26 10:00:00+00:00,3000.0,9.95,Fluide,2831,789,"48.87879196757025, 2.4077276001274788",10,1,0,48.87879196757025,2.4077276001274788
302,2025-09-02 12:00:00+00:00,333.0,3.84334,Fluide,179,177,"48.86696000118719, 2.333796736935272",12,1,0,48.86696000118719,2.333796736935272
4532,2025-11-04 22:00:00+00:00,974.0,0.67889,Fluide,2428,3195,"48.85794434322401, 2.2879570464024455",22,1,0,48.85794434322401,2.2879570464024455
5433,2025-02-12 17:00:00+00:00,3000.0,19.55,Pré-saturé,2797,2438,"48.86792345952233, 2.269684069022515",17,2,0,48.86792345952233,2.269684069022515
6125,2025-03-10 16:00:00+00:00,717.0,4.82,Inconnu,3176,2582,"48.846133498491206, 2.3765843934877866",16,0,0,48.846133498491206,2.3765843934877866
5715,2025-05-09 09:00:00+00:00,176.0,23.19445,Pré-saturé,2991,2975,"48.835098729299176, 2.3038898657109375",9,4,0,48.835098729299176,2.3038898657109375
5370,2025-07-23 20:00:00+00:00,3000.0,7.75,Fluide,915,2838,"48.90086282635956, 2.3652928265234094",20,2,0,48.90086282635956,2.3652928265234094
5415,2025-09-02 11:00:00+00:00,3000.0,18.0,Pré-saturé,2270,2265,"48.89180166620453, 2.301209921059871",11,1,0,48.89180166620453,2.301209921059871
5939,2025-12-02 06:00:00+00:00,174.0,4.82,Inconnu,3085,3084,"48.88234880023468, 2.3385609206690385",6,1,0,48.88234880023468,2.3385609206690385
5141,2025-01-06 08:00:00+00:00,369.0,12.60833,Fluide,2654,2704,"48.83260555977292, 2.379334355712254",8,0,0,48.83260555977292,2.379334355712254
1148,2025-03-11 03:00:00+00:00,55.0,4.82,Inconnu,633,634,"48.825716504847236, 2.3001940887828694",3,1,0,48.825716504847236,2.3001940887828694
5722,2025-05-09 12:00:00+00:00,282.0,1.73556,Fluide,2994,2996,"48.833131514111855, 2.3103322534669646",12,4,0,48.833131514111855,2.3103322534669646
4897,2025-06-04 21:00:00+00:00,350.0,6.48667,Fluide,2583,2581,"48.88676002566284, 2.385581239189898",21,2,0,48.88676002566284,2.385581239189898
301,2025-09-02 11:00:00+00:00,202.0,2.61667,Fluide,178,177,"48.8657012014445, 2.3345218185021994",11,1,0,48.8657012014445,2.3345218185021994
523,2025-10-09 14:00:00+00:00,595.0,51.10333,Bloqué,308,309,"48.86534859372337, 2.3520691795456035",14,3,0,48.86534859372337,2.3520691795456035
4532,2025-11-04 23:00:00+00:00,951.0,0.63222,Fluide,2428,3195,"48.85794434322401, 2.2879570464024455",23,1,0,48.85794434322401,2.2879570464024455
4059,2024-12-05 10:00:00+00:00,596.0,1.67389,Fluide,3199,2137,"48.871631978380535, 2.3375742056951365",10,3,0,48.871631978380535,2.3375742056951365
5433,2025-02-12 15:00:00+00:00,3000.0,19.8,Pré-saturé,2797,2438,"48.86792345952233, 2.269684069022515",15,2,0,48.86792345952233,2.269684069022515
5041,2025-03-10 23:00:00+00:00,129.0,1.82223,Fluide,2661,2582,"48.845794269435935, 2.3785716285798344",23,0,0,48.845794269435935,2.3785716285798344
5370,2025-07-23 17:00:00+00:00,3000.0,35.1,Saturé,915,2838,"48.90086282635956, 2.3652928265234094",17,2,0,48.90086282635956,2.3652928265234094
1882,2025-08-04 23:00:00+00:00,117.0,1.82167,Fluide,2038,2039,"48.889817572778114, 2.3214117366661373",23,0,0,48.889817572778114,2.3214117366661373
5415,2025-09-02 12:00:00+00:00,3000.0,16.1,Pré-saturé,2270,2265,"48.89180166620453, 2.301209921059871",12,1,0,48.89180166620453,2.301209921059871
5936,2025-12-02 00:00:00+00:00,593.0,4.82,Inconnu,3083,3084,"48.88262060415656, 2.3360806967554835",0,1,0,48.88262060415656,2.3360806967554835
1148,2025-03-11 00:00:00+00:00,195.0,4.82,Inconnu,633,634,"48.825716504847236, 2.3001940887828694",0,1,0,48.825716504847236,2.3001940887828694
5722,2025-05-09 09:00:00+00:00,235.0,1.84611,Fluide,2994,2996,"48.833131514111855, 2.3103322534669646",9,4,0,48.833131514111855,2.3103322534669646
4897,2025-06-04 18:00:00+00:00,504.0,9.44056,Fluide,2583,2581,"48.88676002566284, 2.385581239189898",18,2,0,48.88676002566284,2.385581239189898
1947,2025-08-26 12:00:00+00:00,513.0,3.62167,Fluide,2134,2098,"48.87213491800337, 2.339138421867985",12,1,0,48.87213491800337,2.339138421867985
301,2025-09-02 12:00:00+00:00,230.0,2.93722,Fluide,178,177,"48.8657012014445, 2.3345218185021994",12,1,0,48.8657012014445,2.3345218185021994
523,2025-10-09 16:00:00+00:00,801.0,13.11,Fluide,308,309,"48.86534859372337, 2.3520691795456035",16,3,0,48.86534859372337,2.3520691795456035
5112,2025-01-06 08:00:00+00:00,283.0,18.47278,Pré-saturé,2587,2590,"48.83724672851158, 2.390487216595303",8,0,0,48.83724672851158,2.390487216595303
5433,2025-02-12 14:00:00+00:00,3000.0,20.05,Pré-saturé,2797,2438,"48.86792345952233, 2.269684069022515",14,2,0,48.86792345952233,2.269684069022515
5041,2025-03-10 22:00:00+00:00,148.0,1.91111,Fluide,2661,2582,"48.845794269435935, 2.3785716285798344",22,0,0,48.845794269435935,2.3785716285798344
5370,2025-07-23 16:00:00+00:00,3000.0,34.15,Saturé,915,2838,"48.90086282635956, 2.3652928265234094",16,2,0,48.90086282635956,2.3652928265234094
1882,2025-08-05 00:00:00+00:00,69.0,1.01944,Fluide,2038,2039,"48.889817572778114, 2.3214117366661373",0,1,0,48.889817572778114,2.3214117366661373
4408,2025-09-02 12:00:00+00:00,414.0,25.63778,Pré-saturé,2362,2266,"48.87401217951334, 2.2981085271728983",12,1,0,48.87401217951334,2.2981085271728983
4800,2025-11-04 15:00:00+00:00,231.0,1.48278,Fluide,520,2555,"48.836975994625014, 2.4028440496635777",15,1,0,48.836975994625014,2.4028440496635777
5936,2025-12-02 01:00:00+00:00,460.0,4.82,Inconnu,3083,3084,"48.88262060415656, 2.3360806967554835",1,1,0,48.88262060415656,2.3360806967554835
1916,2025-02-04 08:00:00+00:00,913.0,7.19611,Fluide,2061,2062,"48.88425703260311, 2.330090277596609",8,1,0,48.88425703260311,2.330090277596609
5727,2025-05-09 12:00:00+00:00,270.0,6.41,Fluide,2998,2997,"48.83203044085646, 2.3135073952672514",12,4,0,48.83203044085646,2.3135073952672514
4897,2025-06-04 17:00:00+00:00,485.0,9.12778,Fluide,2583,2581,"48.88676002566284, 2.385581239189898",17,2,0,48.88676002566284,2.385581239189898
1975,2025-08-26 12:00:00+00:00,440.0,1.92278,Fluide,2094,2100,"48.87625433064006, 2.333871488376464",12,1,0,48.87625433064006,2.333871488376464
523,2025-10-09 17:00:00+00:00,718.0,10.74222,Fluide,308,309,"48.86534859372337, 2.3520691795456035",17,3,0,48.86534859372337,2.3520691795456035
5433,2025-02-12 13:00:00+00:00,3000.0,21.15,Pré-saturé,2797,2438,"48.86792345952233, 2.269684069022515",13,2,0,48.86792345952233,2.269684069022515
5041,2025-03-10 21:00:00+00:00,167.0,1.96,Fluide,2661,2582,"48.845794269435935, 2.3785716285798344",21,0,0,48.845794269435935,2.3785716285798344
5370,2025-07-23 15:00:00+00:00,3000.0,34.85,Saturé,915,2838,"48.90086282635956, 2.3652928265234094",15,2,0,48.90086282635956,2.3652928265234094
1882,2025-08-05 02:00:00+00:00,39.0,0.54,Fluide,2038,2039,"48.889817572778114, 2.3214117366661373",2,1,0,48.889817572778114,2.3214117366661373
4222,2025-09-02 11:00:00+00:00,493.0,26.44167,Pré-saturé,2264,2266,"48.87433338405353, 2.300067261621085",11,1,0,48.87433338405353,2.300067261621085
4800,2025-11-04 17:00:00+00:00,219.0,1.43445,Fluide,520,2555,"48.836975994625014, 2.4028440496635777",17,1,0,48.836975994625014,2.4028440496635777
5936,2025-12-02 03:00:00+00:00,247.0,4.82,Inconnu,3083,3084,"48.88262060415656, 2.3360806967554835",3,1,0,48.88262060415656,2.3360806967554835
5198,2025-01-06 08:00:00+00:00,804.0,9.03667,Fluide,2739,2748,"48.88577708973525, 2.290218249525719",8,0,0,48.88577708973525,2.290218249525719
1916,2025-02-04 07:00:00+00:00,874.0,8.11,Fluide,2061,2062,"48.88425703260311, 2.330090277596609",7,1,0,48.88425703260311,2.330090277596609
5727,2025-05-09 11:00:00+00:00,271.0,6.44945,Fluide,2998,2997,"48.83203044085646, 2.3135073952672514",11,4,0,48.83203044085646,2.3135073952672514
4897,2025-06-04 15:00:00+00:00,465.0,9.27389,Fluide,2583,2581,"48.88676002566284, 2.385581239189898",15,2,0,48.88676002566284,2.385581239189898
523,2025-10-09 18:00:00+00:00,701.0,12.35111,Fluide,308,309,"48.86534859372337, 2.3520691795456035",18,3,0,48.86534859372337,2.3520691795456035
5433,2025-02-12 12:00:00+00:00,3000.0,19.7,Pré-saturé,2797,2438,"48.86792345952233, 2.269684069022515",12,2,0,48.86792345952233,2.269684069022515
5041,2025-03-10 18:00:00+00:00,282.0,3.88389,Fluide,2661,2582,"48.845794269435935, 2.3785716285798344",18,0,0,48.845794269435935,2.3785716285798344
5370,2025-07-23 14:00:00+00:00,3000.0,34.55,Saturé,915,2838,"48.90086282635956, 2.3652928265234094",14,2,0,48.90086282635956,2.3652928265234094
1882,2025-08-05 03:00:00+00:00,42.0,0.585,Fluide,2038,2039,"48.889817572778114, 2.3214117366661373",3,1,0,48.889817572778114,2.3214117366661373
5414,2025-09-02 11:00:00+00:00,3000.0,13.55,Fluide,2268,2267,"48.8919275015165, 2.3010145092460785",11,1,0,48.8919275015165,2.3010145092460785
4800,2025-11-04 19:00:00+00:00,195.0,1.18611,Fluide,520,2555,"48.836975994625014, 2.4028440496635777",19,1,0,48.836975994625014,2.4028440496635777
5936,2025-12-02 04:00:00+00:00,300.0,4.82,Inconnu,3083,3084,"48.88262060415656, 2.3360806967554835",4,1,0,48.88262060415656,2.3360806967554835
1916,2025-02-04 03:00:00+00:00,184.0,1.58222,Fluide,2061,2062,"48.88425703260311, 2.330090277596609",3,1,0,48.88425703260311,2.330090277596609
5727,2025-05-09 10:00:00+00:00,255.0,5.89334,Fluide,2998,2997,"48.83203044085646, 2.3135073952672514",10,4,0,48.83203044085646,2.3135073952672514
4844,2025-06-04 22:00:00+00:00,311.0,6.13111,Fluide,2580,2581,"48.887455517678035, 2.3877553012294106",22,2,0,48.887455517678035,2.3877553012294106
300,2025-09-02 12:00:00+00:00,333.0,3.84334,Fluide,177,178,"48.86552524206451, 2.334417103910794",12,1,0,48.86552524206451,2.334417103910794
523,2025-10-09 19:00:00+00:00,679.0,10.60667,Fluide,308,309,"48.86534859372337, 2.3520691795456035",19,3,0,48.86534859372337,2.3520691795456035
6207,2024-12-05 09:00:00+00:00,536.9,4.82,Inconnu,3222,664,"48.8687145431324, 2.3626993774135134",9,3,0,48.8687145431324,2.3626993774135134
5433,2025-02-12 11:00:00+00:00,3000.0,20.35,Pré-saturé,2797,2438,"48.86792345952233, 2.269684069022515",11,2,0,48.86792345952233,2.269684069022515
5041,2025-03-10 17:00:00+00:00,248.0,3.215,Fluide,2661,2582,"48.845794269435935, 2.3785716285798344",17,0,0,48.845794269435935,2.3785716285798344
5375,2025-07-23 22:00:00+00:00,2800.0,7.6,Fluide,2838,955,"48.90089536624296, 2.361976852924589",22,2,0,48.90089536624296,2.361976852924589
1882,2025-08-05 05:00:00+00:00,41.0,1.66778,Fluide,2038,2039,"48.889817572778114, 2.3214117366661373",5,1,0,48.889817572778114,2.3214117366661373
5408,2025-09-02 11:00:00+00:00,3000.0,18.9,Pré-saturé,2850,2268,"48.89373523458624, 2.303989696971492",11,1,0,48.89373523458624,2.303989696971492
4800,2025-11-04 20:00:00+00:00,250.0,1.13167,Fluide,520,2555,"48.836975994625014, 2.4028440496635777",20,1,0,48.836975994625014,2.4028440496635777
5936,2025-12-02 06:00:00+00:00,469.0,4.82,Inconnu,3083,3084,"48.88262060415656, 2.3360806967554835",6,1,0,48.88262060415656,2.3360806967554835
270,2026-01-02 23:00:00+00:00,351.0,5.57167,Fluide,162,136,"48.86721030114421, 2.3153691680671855",23,4,0,48.86721030114421,2.3153691680671855
1916,2025-02-04 01:00:00+00:00,434.0,3.96333,Fluide,2061,2062,"48.88425703260311, 2.330090277596609",1,1,0,48.88425703260311,2.330090277596609
5724,2025-05-09 12:00:00+00:00,282.0,1.67667,Fluide,2996,2997,"48.832460136958616, 2.312143479843284",12,4,0,48.832460136958616,2.312143479843284
4844,2025-06-04 20:00:00+00:00,409.0,14.74611,Fluide,2580,2581,"48.887455517678035, 2.3877553012294106",20,2,0,48.887455517678035,2.3877553012294106
299,2025-09-02 11:00:00+00:00,202.0,4.82,Inconnu,87,178,"48.86378597994792, 2.3352813760740574",11,1,0,48.86378597994792,2.3352813760740574
523,2025-10-09 20:00:00+00:00,573.0,5.15111,Fluide,308,309,"48.86534859372337, 2.3520691795456035",20,3,0,48.86534859372337,2.3520691795456035
6207,2024-12-05 10:00:00+00:00,556.4,4.82,Inconnu,3222,664,"48.8687145431324, 2.3626993774135134",10,3,0,48.8687145431324,2.3626993774135134
5041,2025-03-10 16:00:00+00:00,262.0,3.57167,Fluide,2661,2582,"48.845794269435935, 2.3785716285798344",16,0,0,48.845794269435935,2.3785716285798344
5375,2025-07-23 20:00:00+00:00,2404.0,6.05,Fluide,2838,955,"48.90089536624296, 2.361976852924589",20,2,0,48.90089536624296,2.361976852924589
1882,2025-08-05 06:00:00+00:00,58.0,1.73834,Fluide,2038,2039,"48.889817572778114, 2.3214117366661373",6,1,0,48.889817572778114,2.3214117366661373
4230,2025-09-02 11:00:00+00:00,838.0,3.735,Fluide,2271,2269,"48.87512420020704, 2.3098938508057785",11,1,0,48.87512420020704,2.3098938508057785
1922,2025-10-10 21:00:00+00:00,351.0,3.35167,Fluide,2100,2101,"48.87612432019619, 2.336219300287625",21,4,0,48.87612432019619,2.336219300287625
4800,2025-11-04 23:00:00+00:00,142.0,0.53,Fluide,520,2555,"48.836975994625014, 2.4028440496635777",23,1,0,48.836975994625014,2.4028440496635777
5936,2025-12-02 07:00:00+00:00,811.0,4.82,Inconnu,3083,3084,"48.88262060415656, 2.3360806967554835",7,1,0,48.88262060415656,2.3360806967554835
270,2026-01-02 20:00:00+00:00,405.0,7.62778,Fluide,162,136,"48.86721030114421, 2.3153691680671855",20,4,0,48.86721030114421,2.3153691680671855
5204,2025-01-06 08:00:00+00:00,665.0,7.44,Fluide,243,2743,"48.850453098638525, 2.3704323640578773",8,0,0,48.850453098638525,2.3704323640578773
1916,2025-02-04 00:00:00+00:00,586.0,10.305,Fluide,2061,2062,"48.88425703260311, 2.330090277596609",0,1,0,48.88425703260311,2.330090277596609
5724,2025-05-09 11:00:00+00:00,278.0,0.64056,Fluide,2996,2997,"48.832460136958616, 2.312143479843284",11,4,0,48.832460136958616,2.312143479843284
6125,2025-06-04 22:00:00+00:00,768.0,4.82,Inconnu,3176,2582,"48.846133498491206, 2.3765843934877866",22,2,0,48.846133498491206,2.3765843934877866
367,2025-09-02 11:00:00+00:00,387.0,12.49445,Fluide,211,179,"48.868178885671085, 2.333245858477092",11,1,0,48.868178885671085,2.333245858477092
523,2025-10-09 21:00:00+00:00,421.0,4.08834,Fluide,308,309,"48.86534859372337, 2.3520691795456035",21,3,0,48.86534859372337,2.3520691795456035
1232,2024-12-05 09:00:00+00:00,441.0,23.11167,Pré-saturé,3222,663,"48.869357348179754, 2.3623130631707174",9,3,0,48.869357348179754,2.3623130631707174
5375,2025-07-23 18:00:00+00:00,3000.0,12.55,Fluide,2838,955,"48.90089536624296, 2.361976852924589",18,2,0,48.90089536624296,2.361976852924589
5417,2025-09-02 10:00:00+00:00,3000.0,19.35,Pré-saturé,2736,2270,"48.88926481478912, 2.2958120069370263",10,1,0,48.88926481478912,2.2958120069370263
5941,2025-12-02 01:00:00+00:00,149.0,4.82,Inconnu,3086,3085,"48.8823730629582, 2.3407546167604307",1,1,0,48.8823730629582,2.3407546167604307
270,2026-01-02 19:00:00+00:00,437.0,9.26056,Fluide,162,136,"48.86721030114421, 2.3153691680671855",19,4,0,48.86721030114421,2.3153691680671855
5207,2025-01-06 08:00:00+00:00,3000.0,32.05,Saturé,2745,2747,"48.829429447531865, 2.2878736039777685",8,0,0,48.829429447531865,2.2878736039777685
5392,2025-02-04 05:00:00+00:00,2325.0,6.95,Fluide,922,2080,"48.90092185568789, 2.3371915150964884",5,1,0,48.90092185568789,2.3371915150964884
5724,2025-05-09 10:00:00+00:00,259.0,0.96389,Fluide,2996,2997,"48.832460136958616, 2.312143479843284",10,4,0,48.832460136958616,2.312143479843284
6125,2025-06-04 17:00:00+00:00,702.0,4.82,Inconnu,3176,2582,"48.846133498491206, 2.3765843934877866",17,2,0,48.846133498491206,2.3765843934877866
303,2025-09-02 11:00:00+00:00,202.0,4.82,Inconnu,177,179,"48.86701162880401, 2.3339689587879984",11,1,0,48.86701162880401,2.3339689587879984
523,2025-10-09 22:00:00+00:00,554.0,6.62834,Fluide,308,309,"48.86534859372337, 2.3520691795456035",22,3,0,48.86534859372337,2.3520691795456035
5934,2025-12-02 00:00:00+00:00,593.0,6.29,Fluide,3082,3083,"48.88369029569291, 2.332441379660131",0,1,0,48.88369029569291,2.332441379660131
5113,2025-01-06 08:00:00+00:00,1417.0,4.82,Inconnu,2696,2697,"48.84899126306358, 2.395814300188512",8,0,0,48.84899126306358,2.395814300188512
6018,2025-09-02 10:00:00+00:00,786.0,3.39334,Fluide,3117,2271,"48.8751918376681, 2.3116957216128267",10,1,0,48.8751918376681,2.3116957216128267
5941,2025-12-02 02:00:00+00:00,117.0,4.82,Inconnu,3086,3085,"48.8823730629582, 2.3407546167604307",2,1,0,48.8823730629582,2.3407546167604307
270,2026-01-02 18:00:00+00:00,462.0,8.79667,Fluide,162,136,"48.86721030114421, 2.3153691680671855",18,4,0,48.86721030114421,2.3153691680671855
5392,2025-02-04 04:00:00+00:00,882.0,2.55,Fluide,922,2080,"48.90092185568789, 2.3371915150964884",4,1,0,48.90092185568789,2.3371915150964884
5726,2025-05-09 12:00:00+00:00,282.0,1.67667,Fluide,2997,2998,"48.83198368928733, 2.313459206479769",12,4,0,48.83198368928733,2.313459206479769
6125,2025-06-04 16:00:00+00:00,750.0,4.82,Inconnu,3176,2582,"48.846133498491206, 2.3765843934877866",16,2,0,48.846133498491206,2.3765843934877866
4065,2025-08-26 12:00:00+00:00,440.0,4.82,Inconnu,2165,2115,"48.87592084433356, 2.3392058138888108",12,1,0,48.87592084433356,2.3392058138888108
303,2025-09-02 12:00:00+00:00,230.0,4.82,Inconnu,177,179,"48.86701162880401, 2.3339689587879984",12,1,0,48.86701162880401,2.3339689587879984
524,2025-10-09 16:00:00+00:00,1161.0,9.69722,Fluide,309,310,"48.86663858007075, 2.3527545400282555",16,3,0,48.86663858007075,2.3527545400282555
5934,2025-12-02 02:00:00+00:00,337.0,3.08778,Fluide,3082,3083,"48.88369029569291, 2.332441379660131",2,1,0,48.88369029569291,2.332441379660131
4895,2025-03-10 22:00:00+00:00,303.0,5.27389,Fluide,2584,2583,"48.88620861421572, 2.383442483814944",22,0,0,48.88620861421572,2.383442483814944
5375,2025-07-23 16:00:00+00:00,3000.0,17.0,Pré-saturé,2838,955,"48.90089536624296, 2.361976852924589",16,2,0,48.90089536624296,2.361976852924589
6018,2025-09-02 11:00:00+00:00,838.0,3.48722,Fluide,3117,2271,"48.8751918376681, 2.3116957216128267",11,1,0,48.8751918376681,2.3116957216128267
5941,2025-12-02 04:00:00+00:00,112.0,4.82,Inconnu,3086,3085,"48.8823730629582, 2.3407546167604307",4,1,0,48.8823730629582,2.3407546167604307
270,2026-01-02 16:00:00+00:00,414.0,10.855,Fluide,162,136,"48.86721030114421, 2.3153691680671855",16,4,0,48.86721030114421,2.3153691680671855
5392,2025-02-04 03:00:00+00:00,515.0,1.4,Fluide,922,2080,"48.90092185568789, 2.3371915150964884",3,1,0,48.90092185568789,2.3371915150964884
5726,2025-05-09 11:00:00+00:00,278.0,0.64056,Fluide,2997,2998,"48.83198368928733, 2.313459206479769",11,4,0,48.83198368928733,2.313459206479769
6125,2025-06-04 15:00:00+00:00,600.0,4.82,Inconnu,3176,2582,"48.846133498491206, 2.3765843934877866",15,2,0,48.846133498491206,2.3765843934877866
524,2025-10-09 19:00:00+00:00,1158.0,9.72,Fluide,309,310,"48.86663858007075, 2.3527545400282555",19,3,0,48.86663858007075,2.3527545400282555
5934,2025-12-02 04:00:00+00:00,300.0,2.79278,Fluide,3082,3083,"48.88369029569291, 2.332441379660131",4,1,0,48.88369029569291,2.332441379660131
6216,2024-12-05 09:00:00+00:00,961.0,4.82,Inconnu,3226,288,"48.84520976812966, 2.3734418424288317",9,3,0,48.84520976812966,2.3734418424288317
4895,2025-03-10 21:00:00+00:00,359.0,6.14667,Fluide,2584,2583,"48.88620861421572, 2.383442483814944",21,0,0,48.88620861421572,2.383442483814944
5375,2025-07-23 14:00:00+00:00,3000.0,10.55,Fluide,2838,955,"48.90089536624296, 2.361976852924589",14,2,0,48.90089536624296,2.361976852924589
4240,2025-09-02 11:00:00+00:00,249.0,1.55723,Fluide,3186,2276,"48.88672483794195, 2.296715716199949",11,1,0,48.88672483794195,2.296715716199949
5941,2025-12-02 08:00:00+00:00,294.0,4.82,Inconnu,3086,3085,"48.8823730629582, 2.3407546167604307",8,1,0,48.8823730629582,2.3407546167604307
270,2026-01-02 15:00:00+00:00,397.0,11.38889,Fluide,162,136,"48.86721030114421, 2.3153691680671855",15,4,0,48.86721030114421,2.3153691680671855
5216,2025-01-06 08:00:00+00:00,196.0,8.42056,Fluide,2751,2750,"48.8857088960701, 2.2918060236916027",8,0,0,48.8857088960701,2.2918060236916027
5411,2025-02-04 09:00:00+00:00,3000.0,17.45,Pré-saturé,2028,2081,"48.89921516757263, 2.318267614199732",9,1,0,48.89921516757263,2.318267614199732
1169,2025-03-11 09:00:00+00:00,734.0,5.41556,Fluide,646,636,"48.826095214809534, 2.3027488106762832",9,1,0,48.826095214809534,2.3027488106762832
5041,2025-06-04 22:00:00+00:00,170.0,2.12778,Fluide,2661,2582,"48.845794269435935, 2.3785716285798344",22,2,0,48.845794269435935,2.3785716285798344
524,2025-10-09 20:00:00+00:00,1258.0,8.69056,Fluide,309,310,"48.86663858007075, 2.3527545400282555",20,3,0,48.86663858007075,2.3527545400282555
5934,2025-12-02 07:00:00+00:00,811.0,5.25334,Fluide,3082,3083,"48.88369029569291, 2.332441379660131",7,1,0,48.88369029569291,2.332441379660131
6216,2024-12-05 10:00:00+00:00,984.0,4.82,Inconnu,3226,288,"48.84520976812966, 2.3734418424288317",10,3,0,48.84520976812966,2.3734418424288317
4895,2025-03-10 20:00:00+00:00,473.0,12.37056,Fluide,2584,2583,"48.88620861421572, 2.383442483814944",20,0,0,48.88620861421572,2.383442483814944
5376,2025-07-23 22:00:00+00:00,2931.0,7.55,Fluide,955,2839,"48.9009780804202, 2.3584049527526894",22,2,0,48.9009780804202,2.3584049527526894
1884,2025-08-05 01:00:00+00:00,51.0,0.95,Fluide,2039,2040,"48.888835613979126, 2.323105830077279",1,1,0,48.888835613979126,2.323105830077279
4240,2025-09-02 12:00:00+00:00,264.0,1.68,Fluide,3186,2276,"48.88672483794195, 2.296715716199949",12,1,0,48.88672483794195,2.296715716199949
5938,2025-12-02 00:00:00+00:00,383.0,4.82,Inconnu,3084,3085,"48.882070024972776, 2.3384673994582967",0,1,0,48.882070024972776,2.3384673994582967
270,2026-01-02 14:00:00+00:00,401.0,8.20944,Fluide,162,136,"48.86721030114421, 2.3153691680671855",14,4,0,48.86721030114421,2.3153691680671855
5411,2025-02-04 07:00:00+00:00,3000.0,18.1,Pré-saturé,2028,2081,"48.89921516757263, 2.318267614199732",7,1,0,48.89921516757263,2.318267614199732
1169,2025-03-11 08:00:00+00:00,713.0,16.97056,Pré-saturé,646,636,"48.826095214809534, 2.3027488106762832",8,1,0,48.826095214809534,2.3027488106762832
4903,2025-06-04 20:00:00+00:00,336.0,0.845,Fluide,2602,2582,"48.84644374039034, 2.3782869810188405",20,2,0,48.84644374039034,2.3782869810188405
524,2025-10-09 22:00:00+00:00,1162.0,8.81945,Fluide,309,310,"48.86663858007075, 2.3527545400282555",22,3,0,48.86663858007075,2.3527545400282555
5939,2025-12-02 03:00:00+00:00,116.0,4.82,Inconnu,3085,3084,"48.88234880023468, 2.3385609206690385",3,1,0,48.88234880023468,2.3385609206690385
4847,2025-03-10 23:00:00+00:00,294.0,4.82,Inconnu,2581,2583,"48.88688498816808, 2.3855429645267",23,0,0,48.88688498816808,2.3855429645267
5376,2025-07-23 21:00:00+00:00,2883.0,7.8,Fluide,955,2839,"48.9009780804202, 2.3584049527526894",21,2,0,48.9009780804202,2.3584049527526894
1884,2025-08-05 02:00:00+00:00,39.0,0.81667,Fluide,2039,2040,"48.888835613979126, 2.323105830077279",2,1,0,48.888835613979126,2.323105830077279
4243,2025-09-02 10:00:00+00:00,89.0,1.73389,Fluide,2750,2276,"48.88742309369347, 2.295568327349029",10,1,0,48.88742309369347,2.295568327349029
5938,2025-12-02 01:00:00+00:00,284.0,4.82,Inconnu,3084,3085,"48.882070024972776, 2.3384673994582967",1,1,0,48.882070024972776,2.3384673994582967
270,2026-01-02 12:00:00+00:00,434.0,9.15834,Fluide,162,136,"48.86721030114421, 2.3153691680671855",12,4,0,48.86721030114421,2.3153691680671855
5221,2025-01-06 08:00:00+00:00,196.0,8.42056,Fluide,2752,2751,"48.884269555896154, 2.289515819970071",8,0,0,48.884269555896154,2.289515819970071
5411,2025-02-04 05:00:00+00:00,1322.0,3.65,Fluide,2028,2081,"48.89921516757263, 2.318267614199732",5,1,0,48.89921516757263,2.318267614199732
1169,2025-03-11 05:00:00+00:00,179.0,0.80445,Fluide,646,636,"48.826095214809534, 2.3027488106762832",5,1,0,48.826095214809534,2.3027488106762832
4903,2025-06-04 19:00:00+00:00,346.0,0.54056,Fluide,2602,2582,"48.84644374039034, 2.3782869810188405",19,2,0,48.84644374039034,2.3782869810188405
315,2025-09-02 10:00:00+00:00,1179.0,6.76,Fluide,3269,185,"48.862172123618876, 2.3206636274342403",10,1,0,48.862172123618876,2.3206636274342403
525,2025-10-09 15:00:00+00:00,1075.0,24.83333,Pré-saturé,312,311,"48.86840207626574, 2.353738733791488",15,3,0,48.86840207626574,2.353738733791488
5939,2025-12-02 05:00:00+00:00,112.0,4.82,Inconnu,3085,3084,"48.88234880023468, 2.3385609206690385",5,1,0,48.88234880023468,2.3385609206690385
5435,2025-02-12 17:00:00+00:00,3000.0,15.7,Pré-saturé,2438,2440,"48.86356974676207, 2.265851237377608",17,2,0,48.86356974676207,2.265851237377608
4847,2025-03-10 21:00:00+00:00,432.0,4.82,Inconnu,2581,2583,"48.88688498816808, 2.3855429645267",21,0,0,48.88688498816808,2.3855429645267
5376,2025-07-23 19:00:00+00:00,3000.0,8.2,Fluide,955,2839,"48.9009780804202, 2.3584049527526894",19,2,0,48.9009780804202,2.3584049527526894
1884,2025-08-05 03:00:00+00:00,42.0,0.95611,Fluide,2039,2040,"48.888835613979126, 2.323105830077279",3,1,0,48.888835613979126,2.323105830077279
4243,2025-09-02 11:00:00+00:00,101.0,2.065,Fluide,2750,2276,"48.88742309369347, 2.295568327349029",11,1,0,48.88742309369347,2.295568327349029
5938,2025-12-02 07:00:00+00:00,298.0,4.82,Inconnu,3084,3085,"48.882070024972776, 2.3384673994582967",7,1,0,48.882070024972776,2.3384673994582967
270,2026-01-02 09:00:00+00:00,271.0,4.52111,Fluide,162,136,"48.86721030114421, 2.3153691680671855",9,4,0,48.86721030114421,2.3153691680671855
5411,2025-02-04 04:00:00+00:00,732.0,2.15,Fluide,2028,2081,"48.89921516757263, 2.318267614199732",4,1,0,48.89921516757263,2.318267614199732
1169,2025-03-11 03:00:00+00:00,76.0,0.34834,Fluide,646,636,"48.826095214809534, 2.3027488106762832",3,1,0,48.826095214809534,2.3027488106762832
4903,2025-06-04 18:00:00+00:00,413.0,0.13,Fluide,2602,2582,"48.84644374039034, 2.3782869810188405",18,2,0,48.84644374039034,2.3782869810188405
1945,2025-08-26 12:00:00+00:00,513.0,4.82,Inconnu,2131,2132,"48.87277983041258, 2.334421685422601",12,1,0,48.87277983041258,2.334421685422601
315,2025-09-02 11:00:00+00:00,1268.0,5.04112,Fluide,3269,185,"48.862172123618876, 2.3206636274342403",11,1,0,48.862172123618876,2.3206636274342403
525,2025-10-09 19:00:00+00:00,972.0,29.69222,Pré-saturé,312,311,"48.86840207626574, 2.353738733791488",19,3,0,48.86840207626574,2.353738733791488
5939,2025-12-02 07:00:00+00:00,267.0,4.82,Inconnu,3085,3084,"48.88234880023468, 2.3385609206690385",7,1,0,48.88234880023468,2.3385609206690385
5435,2025-02-12 16:00:00+00:00,3000.0,17.55,Pré-saturé,2438,2440,"48.86356974676207, 2.265851237377608",16,2,0,48.86356974676207,2.265851237377608
4847,2025-03-10 18:00:00+00:00,498.0,4.82,Inconnu,2581,2583,"48.88688498816808, 2.3855429645267",18,0,0,48.88688498816808,2.3855429645267
5376,2025-07-23 18:00:00+00:00,3000.0,19.25,Pré-saturé,955,2839,"48.9009780804202, 2.3584049527526894",18,2,0,48.9009780804202,2.3584049527526894
1884,2025-08-05 04:00:00+00:00,38.0,1.29334,Fluide,2039,2040,"48.888835613979126, 2.323105830077279",4,1,0,48.888835613979126,2.323105830077279
4243,2025-09-02 12:00:00+00:00,94.0,1.88945,Fluide,2750,2276,"48.88742309369347, 2.295568327349029",12,1,0,48.88742309369347,2.295568327349029
5938,2025-12-02 08:00:00+00:00,403.0,4.82,Inconnu,3084,3085,"48.882070024972776, 2.3384673994582967",8,1,0,48.882070024972776,2.3384673994582967
270,2026-01-02 08:00:00+00:00,181.0,1.90111,Fluide,162,136,"48.86721030114421, 2.3153691680671855",8,4,0,48.86721030114421,2.3153691680671855
5223,2025-01-06 08:00:00+00:00,196.0,8.42056,Fluide,2753,2752,"48.88357801851163, 2.288427098532499",8,0,0,48.88357801851163,2.288427098532499
5411,2025-02-04 01:00:00+00:00,985.0,2.8,Fluide,2028,2081,"48.89921516757263, 2.318267614199732",1,1,0,48.89921516757263,2.318267614199732
1178,2025-03-11 09:00:00+00:00,654.0,3.6,Fluide,638,636,"48.82512333227669, 2.3035557207162176",9,1,0,48.82512333227669,2.3035557207162176
4903,2025-06-04 16:00:00+00:00,389.0,0.39444,Fluide,2602,2582,"48.84644374039034, 2.3782869810188405",16,2,0,48.84644374039034,2.3782869810188405
5120,2025-08-26 12:00:00+00:00,985.0,4.82,Inconnu,2700,2134,"48.87165757335084, 2.342319516532681",12,1,0,48.87165757335084,2.342319516532681
315,2025-09-02 12:00:00+00:00,1235.0,5.54167,Fluide,3269,185,"48.862172123618876, 2.3206636274342403",12,1,0,48.862172123618876,2.3206636274342403
525,2025-10-09 21:00:00+00:00,1029.0,9.97167,Fluide,312,311,"48.86840207626574, 2.353738733791488",21,3,0,48.86840207626574,2.353738733791488
6168,2025-11-04 17:00:00+00:00,238.0,3.81722,Fluide,287,3197,"48.84369037455346, 2.3704146516948166",17,1,0,48.84369037455346,2.3704146516948166
5939,2025-12-02 08:00:00+00:00,294.0,4.82,Inconnu,3085,3084,"48.88234880023468, 2.3385609206690385",8,1,0,48.88234880023468,2.3385609206690385
5435,2025-02-12 15:00:00+00:00,3000.0,16.15,Pré-saturé,2438,2440,"48.86356974676207, 2.265851237377608",15,2,0,48.86356974676207,2.265851237377608
4847,2025-03-10 17:00:00+00:00,397.0,4.82,Inconnu,2581,2583,"48.88688498816808, 2.3855429645267",17,0,0,48.88688498816808,2.3855429645267
5376,2025-07-23 15:00:00+00:00,3000.0,11.65,Fluide,955,2839,"48.9009780804202, 2.3584049527526894",15,2,0,48.9009780804202,2.3584049527526894
1884,2025-08-05 05:00:00+00:00,41.0,1.30333,Fluide,2039,2040,"48.888835613979126, 2.323105830077279",5,1,0,48.888835613979126,2.323105830077279
4234,2025-09-02 10:00:00+00:00,181.0,1.99944,Fluide,2254,2276,"48.887700029390366, 2.298712467436026",10,1,0,48.887700029390366,2.298712467436026
5943,2025-12-02 00:00:00+00:00,210.0,4.82,Inconnu,3087,3086,"48.88280487870856, 2.3431170960814",0,1,0,48.88280487870856,2.3431170960814
270,2026-01-02 01:00:00+00:00,145.0,1.58111,Fluide,162,136,"48.86721030114421, 2.3153691680671855",1,4,0,48.86721030114421,2.3153691680671855
5411,2025-02-04 00:00:00+00:00,1545.0,4.4,Fluide,2028,2081,"48.89921516757263, 2.318267614199732",0,1,0,48.89921516757263,2.318267614199732
1178,2025-03-11 03:00:00+00:00,73.0,0.4,Fluide,638,636,"48.82512333227669, 2.3035557207162176",3,1,0,48.82512333227669,2.3035557207162176
5494,2025-04-03 16:00:00+00:00,1664.0,11.0,Fluide,2813,2883,"48.8271477323621, 2.3916184694072755",16,3,0,48.8271477323621,2.3916184694072755
4903,2025-06-04 15:00:00+00:00,397.0,0.31833,Fluide,2602,2582,"48.84644374039034, 2.3782869810188405",15,2,0,48.84644374039034,2.3782869810188405
1952,2025-08-26 12:00:00+00:00,27.0,11.11778,Fluide,2138,2137,"48.87120904534737, 2.335804688373502",12,1,0,48.87120904534737,2.335804688373502
525,2025-10-09 22:00:00+00:00,1089.0,9.75778,Fluide,312,311,"48.86840207626574, 2.353738733791488",22,3,0,48.86840207626574,2.353738733791488
6168,2025-11-04 21:00:00+00:00,179.0,2.41167,Fluide,287,3197,"48.84369037455346, 2.3704146516948166",21,1,0,48.84369037455346,2.3704146516948166
5936,2025-12-02 02:00:00+00:00,337.0,4.82,Inconnu,3083,3084,"48.88262060415656, 2.3360806967554835",2,1,0,48.88262060415656,2.3360806967554835
5135,2025-01-06 08:00:00+00:00,369.0,4.82,Inconnu,2703,900,"48.8366753803467, 2.374598533907381",8,0,0,48.8366753803467,2.374598533907381
5435,2025-02-12 14:00:00+00:00,3000.0,16.25,Pré-saturé,2438,2440,"48.86356974676207, 2.265851237377608",14,2,0,48.86356974676207,2.265851237377608
5376,2025-07-23 14:00:00+00:00,3000.0,11.85,Fluide,955,2839,"48.9009780804202, 2.3584049527526894",14,2,0,48.9009780804202,2.3584049527526894
5943,2025-12-02 02:00:00+00:00,117.0,4.82,Inconnu,3087,3086,"48.88280487870856, 2.3431170960814",2,1,0,48.88280487870856,2.3431170960814
271,2026-01-02 23:00:00+00:00,769.0,4.28167,Fluide,163,135,"48.86467042233587, 2.3084567115959778",23,4,0,48.86467042233587,2.3084567115959778
5404,2025-02-04 09:00:00+00:00,3000.0,22.3,Pré-saturé,2080,2082,"48.900758316633066, 2.3290691058216684",9,1,0,48.900758316633066,2.3290691058216684
1178,2025-03-11 02:00:00+00:00,70.0,0.35,Fluide,638,636,"48.82512333227669, 2.3035557207162176",2,1,0,48.82512333227669,2.3035557207162176
5494,2025-04-03 17:00:00+00:00,1897.0,12.0,Fluide,2813,2883,"48.8271477323621, 2.3916184694072755",17,3,0,48.8271477323621,2.3916184694072755
4895,2025-06-04 17:00:00+00:00,478.0,11.95222,Fluide,2584,2583,"48.88620861421572, 2.383442483814944",17,2,0,48.88620861421572,2.383442483814944
1953,2025-08-26 12:00:00+00:00,27.0,10.41056,Fluide,2139,2138,"48.870813165952406, 2.3335319635177516",12,1,0,48.870813165952406,2.3335319635177516
1218,2025-10-09 19:00:00+00:00,1158.0,10.04556,Fluide,310,312,"48.86749166650065, 2.35323062911616",19,3,0,48.86749166650065,2.35323062911616
6168,2025-11-04 22:00:00+00:00,205.0,3.22889,Fluide,287,3197,"48.84369037455346, 2.3704146516948166",22,1,0,48.84369037455346,2.3704146516948166
5936,2025-12-02 05:00:00+00:00,233.0,4.82,Inconnu,3083,3084,"48.88262060415656, 2.3360806967554835",5,1,0,48.88262060415656,2.3360806967554835
5435,2025-02-12 13:00:00+00:00,3000.0,16.95,Pré-saturé,2438,2440,"48.86356974676207, 2.265851237377608",13,2,0,48.86356974676207,2.265851237377608
5377,2025-07-23 18:00:00+00:00,3000.0,8.95,Fluide,957,2840,"48.90081814801813, 2.3584028379931463",18,2,0,48.90081814801813,2.3584028379931463
5943,2025-12-02 07:00:00+00:00,267.0,4.82,Inconnu,3087,3086,"48.88280487870856, 2.3431170960814",7,1,0,48.88280487870856,2.3431170960814
271,2026-01-02 22:00:00+00:00,851.0,5.07,Fluide,163,135,"48.86467042233587, 2.3084567115959778",22,4,0,48.86467042233587,2.3084567115959778
5232,2025-01-06 08:00:00+00:00,3000.0,22.75,Pré-saturé,438,2759,"48.81999003187259, 2.325513740247323",8,0,0,48.81999003187259,2.325513740247323
5404,2025-02-04 07:00:00+00:00,3000.0,25.45,Pré-saturé,2080,2082,"48.900758316633066, 2.3290691058216684",7,1,0,48.900758316633066,2.3290691058216684
5494,2025-04-03 18:00:00+00:00,1963.0,12.2,Fluide,2813,2883,"48.8271477323621, 2.3916184694072755",18,3,0,48.8271477323621,2.3916184694072755
4895,2025-06-04 16:00:00+00:00,504.0,18.58778,Pré-saturé,2584,2583,"48.88620861421572, 2.383442483814944",16,2,0,48.88620861421572,2.383442483814944
1961,2025-08-26 12:00:00+00:00,340.0,12.86222,Fluide,211,2139,"48.869541361182556, 2.332880689072881",12,1,0,48.869541361182556,2.332880689072881
1218,2025-10-09 20:00:00+00:00,1258.0,9.68945,Fluide,310,312,"48.86749166650065, 2.35323062911616",20,3,0,48.86749166650065,2.35323062911616
5936,2025-12-02 08:00:00+00:00,900.0,4.82,Inconnu,3083,3084,"48.88262060415656, 2.3360806967554835",8,1,0,48.88262060415656,2.3360806967554835
5439,2025-02-12 17:00:00+00:00,3000.0,14.25,Fluide,2444,2441,"48.860193411246016, 2.2635174673122647",17,2,0,48.860193411246016,2.2635174673122647
5377,2025-07-23 15:00:00+00:00,3000.0,8.25,Fluide,957,2840,"48.90081814801813, 2.3584028379931463",15,2,0,48.90081814801813,2.3584028379931463
5943,2025-12-02 08:00:00+00:00,294.0,4.82,Inconnu,3087,3086,"48.88280487870856, 2.3431170960814",8,1,0,48.88280487870856,2.3431170960814
271,2026-01-02 21:00:00+00:00,984.0,6.34278,Fluide,163,135,"48.86467042233587, 2.3084567115959778",21,4,0,48.86467042233587,2.3084567115959778
5233,2025-01-06 08:00:00+00:00,2621.0,13.6,Fluide,2759,448,"48.81804314957034, 2.332980094327157",8,0,0,48.81804314957034,2.332980094327157
5404,2025-02-04 05:00:00+00:00,1984.0,6.1,Fluide,2080,2082,"48.900758316633066, 2.3290691058216684",5,1,0,48.900758316633066,2.3290691058216684
5494,2025-04-03 21:00:00+00:00,1747.0,12.0,Fluide,2813,2883,"48.8271477323621, 2.3916184694072755",21,3,0,48.8271477323621,2.3916184694072755
4847,2025-06-04 21:00:00+00:00,412.0,4.82,Inconnu,2581,2583,"48.88688498816808, 2.3855429645267",21,2,0,48.88688498816808,2.3855429645267
1814,2025-08-26 12:00:00+00:00,663.0,8.46389,Fluide,154,2139,"48.870599892126805, 2.332295320064791",12,1,0,48.870599892126805,2.332295320064791
316,2025-09-02 12:00:00+00:00,1235.0,5.54167,Fluide,185,186,"48.86265158721486, 2.3190731704751313",12,1,0,48.86265158721486,2.3190731704751313
1218,2025-10-09 21:00:00+00:00,1115.0,8.87167,Fluide,310,312,"48.86749166650065, 2.35323062911616",21,3,0,48.86749166650065,2.35323062911616
5941,2025-12-02 00:00:00+00:00,210.0,4.82,Inconnu,3086,3085,"48.8823730629582, 2.3407546167604307",0,1,0,48.8823730629582,2.3407546167604307
5145,2025-01-06 08:00:00+00:00,466.0,3.38889,Fluide,2712,816,"48.8343560076234, 2.383554072176712",8,0,0,48.8343560076234,2.383554072176712
5439,2025-02-12 16:00:00+00:00,3000.0,13.55,Fluide,2444,2441,"48.860193411246016, 2.2635174673122647",16,2,0,48.860193411246016,2.2635174673122647
5378,2025-07-23 22:00:00+00:00,2600.0,8.5,Fluide,2840,954,"48.900719407389325, 2.362259001276158",22,2,0,48.900719407389325,2.362259001276158
4242,2025-09-02 10:00:00+00:00,47.0,0.56889,Fluide,2276,2750,"48.88751142224501, 2.295739034701462",10,1,0,48.88751142224501,2.295739034701462
5940,2025-12-02 02:00:00+00:00,179.0,4.82,Inconnu,3085,3086,"48.88208330519228, 2.3408016751879073",2,1,0,48.88208330519228,2.3408016751879073
271,2026-01-02 20:00:00+00:00,989.0,6.56334,Fluide,163,135,"48.86467042233587, 2.3084567115959778",20,4,0,48.86467042233587,2.3084567115959778
5236,2025-01-06 08:00:00+00:00,3000.0,12.1,Fluide,448,456,"48.81656703137265, 2.3392936082898292",8,0,0,48.81656703137265,2.3392936082898292
5404,2025-02-04 04:00:00+00:00,763.0,2.35,Fluide,2080,2082,"48.900758316633066, 2.3290691058216684",4,1,0,48.900758316633066,2.3290691058216684
4847,2025-06-04 20:00:00+00:00,485.0,4.82,Inconnu,2581,2583,"48.88688498816808, 2.3855429645267",20,2,0,48.88688498816808,2.3855429645267
326,2025-09-02 10:00:00+00:00,986.0,15.41834,Pré-saturé,134,186,"48.863375801175536, 2.319489166310283",10,1,0,48.863375801175536,2.319489166310283
1218,2025-10-09 22:00:00+00:00,1162.0,9.70056,Fluide,310,312,"48.86749166650065, 2.35323062911616",22,3,0,48.86749166650065,2.35323062911616
5941,2025-12-02 03:00:00+00:00,116.0,4.82,Inconnu,3086,3085,"48.8823730629582, 2.3407546167604307",3,1,0,48.8823730629582,2.3407546167604307
5439,2025-02-12 15:00:00+00:00,3000.0,15.05,Pré-saturé,2444,2441,"48.860193411246016, 2.2635174673122647",15,2,0,48.860193411246016,2.2635174673122647
5494,2025-04-03 15:00:00+00:00,1540.0,10.0,Fluide,2813,2883,"48.8271477323621, 2.3916184694072755",15,3,0,48.8271477323621,2.3916184694072755
5378,2025-07-23 19:00:00+00:00,2961.0,9.3,Fluide,2840,954,"48.900719407389325, 2.362259001276158",19,2,0,48.900719407389325,2.362259001276158
4242,2025-09-02 11:00:00+00:00,58.0,0.71056,Fluide,2276,2750,"48.88751142224501, 2.295739034701462",11,1,0,48.88751142224501,2.295739034701462
5940,2025-12-02 03:00:00+00:00,137.0,4.82,Inconnu,3085,3086,"48.88208330519228, 2.3408016751879073",3,1,0,48.88208330519228,2.3408016751879073
271,2026-01-02 17:00:00+00:00,1043.0,7.95333,Fluide,163,135,"48.86467042233587, 2.3084567115959778",17,4,0,48.86467042233587,2.3084567115959778
5238,2025-01-06 08:00:00+00:00,967.0,4.82,Inconnu,2758,2764,"48.88129821722944, 2.282941397421781",8,0,0,48.88129821722944,2.282941397421781
5404,2025-02-04 03:00:00+00:00,430.0,1.3,Fluide,2080,2082,"48.900758316633066, 2.3290691058216684",3,1,0,48.900758316633066,2.3290691058216684
4847,2025-06-04 19:00:00+00:00,449.0,4.82,Inconnu,2581,2583,"48.88688498816808, 2.3855429645267",19,2,0,48.88688498816808,2.3855429645267
1964,2025-08-26 12:00:00+00:00,501.0,6.75,Fluide,2148,2149,"48.86934411405258, 2.33769920224824",12,1,0,48.86934411405258,2.33769920224824
326,2025-09-02 12:00:00+00:00,923.0,18.64056,Pré-saturé,134,186,"48.863375801175536, 2.319489166310283",12,1,0,48.863375801175536,2.319489166310283
4058,2025-11-04 19:00:00+00:00,52.0,6.23,Fluide,2137,3199,"48.87152718134513, 2.3376324571658023",19,1,0,48.87152718134513,2.3376324571658023
5941,2025-12-02 05:00:00+00:00,112.0,4.82,Inconnu,3086,3085,"48.8823730629582, 2.3407546167604307",5,1,0,48.8823730629582,2.3407546167604307
5439,2025-02-12 14:00:00+00:00,3000.0,16.15,Pré-saturé,2444,2441,"48.860193411246016, 2.2635174673122647",14,2,0,48.860193411246016,2.2635174673122647
5494,2025-04-03 19:00:00+00:00,1525.0,9.5,Fluide,2813,2883,"48.8271477323621, 2.3916184694072755",19,3,0,48.8271477323621,2.3916184694072755
1906,2025-08-05 00:00:00+00:00,145.0,4.82,Inconnu,2055,2043,"48.887049159014964, 2.3258598930157013",0,1,0,48.887049159014964,2.3258598930157013
4242,2025-09-02 12:00:00+00:00,48.0,0.51945,Fluide,2276,2750,"48.88751142224501, 2.295739034701462",12,1,0,48.88751142224501,2.295739034701462
4805,2025-11-04 17:00:00+00:00,259.0,2.79778,Fluide,2541,2560,"48.83770631948015, 2.3512875916189055",17,1,0,48.83770631948015,2.3512875916189055
5940,2025-12-02 04:00:00+00:00,153.0,4.82,Inconnu,3085,3086,"48.88208330519228, 2.3408016751879073",4,1,0,48.88208330519228,2.3408016751879073
271,2026-01-02 16:00:00+00:00,1028.0,8.93833,Fluide,163,135,"48.86467042233587, 2.3084567115959778",16,4,0,48.86467042233587,2.3084567115959778
5404,2025-02-04 02:00:00+00:00,484.0,1.4,Fluide,2080,2082,"48.900758316633066, 2.3290691058216684",2,1,0,48.900758316633066,2.3290691058216684
4847,2025-06-04 17:00:00+00:00,360.0,4.82,Inconnu,2581,2583,"48.88688498816808, 2.3855429645267",17,2,0,48.88688498816808,2.3855429645267
1965,2025-08-26 12:00:00+00:00,37.0,0.08778,Fluide,2150,2152,"48.86871495059632, 2.3409534678775383",12,1,0,48.86871495059632,2.3409534678775383
1948,2025-11-04 16:00:00+00:00,1032.0,23.08333,Pré-saturé,2134,3199,"48.87187908243683, 2.3390521558750885",16,1,0,48.87187908243683,2.3390521558750885
5941,2025-12-02 06:00:00+00:00,174.0,4.82,Inconnu,3086,3085,"48.8823730629582, 2.3407546167604307",6,1,0,48.8823730629582,2.3407546167604307
6818,2024-12-05 10:00:00+00:00,456.0,3.45667,Fluide,3240,3241,"48.8801257196549, 2.3135432105558076",10,3,0,48.8801257196549,2.3135432105558076
5439,2025-02-12 13:00:00+00:00,3000.0,15.55,Pré-saturé,2444,2441,"48.860193411246016, 2.2635174673122647",13,2,0,48.860193411246016,2.2635174673122647
5494,2025-04-03 20:00:00+00:00,1893.0,12.95,Fluide,2813,2883,"48.8271477323621, 2.3916184694072755",20,3,0,48.8271477323621,2.3916184694072755
5378,2025-07-23 16:00:00+00:00,3000.0,10.45,Fluide,2840,954,"48.900719407389325, 2.362259001276158",16,2,0,48.900719407389325,2.362259001276158
1906,2025-08-05 03:00:00+00:00,59.0,4.82,Inconnu,2055,2043,"48.887049159014964, 2.3258598930157013",3,1,0,48.887049159014964,2.3258598930157013
4246,2025-09-02 11:00:00+00:00,376.0,2.54167,Fluide,2282,2283,"48.88798672441974, 2.294367246265047",11,1,0,48.88798672441974,2.294367246265047
4805,2025-11-04 19:00:00+00:00,272.0,2.70833,Fluide,2541,2560,"48.83770631948015, 2.3512875916189055",19,1,0,48.83770631948015,2.3512875916189055
5940,2025-12-02 05:00:00+00:00,145.0,4.82,Inconnu,3085,3086,"48.88208330519228, 2.3408016751879073",5,1,0,48.88208330519228,2.3408016751879073
271,2026-01-02 14:00:00+00:00,979.0,9.74833,Fluide,163,135,"48.86467042233587, 2.3084567115959778",14,4,0,48.86467042233587,2.3084567115959778
4847,2025-06-04 16:00:00+00:00,488.0,4.82,Inconnu,2581,2583,"48.88688498816808, 2.3855429645267",16,2,0,48.88688498816808,2.3855429645267
1979,2025-08-26 12:00:00+00:00,37.0,0.08778,Fluide,2152,2153,"48.86835321531484, 2.342738238722835",12,1,0,48.86835321531484,2.342738238722835
1948,2025-11-04 18:00:00+00:00,1059.0,18.29889,Pré-saturé,2134,3199,"48.87187908243683, 2.3390521558750885",18,1,0,48.87187908243683,2.3390521558750885
5941,2025-12-02 07:00:00+00:00,267.0,4.82,Inconnu,3086,3085,"48.8823730629582, 2.3407546167604307",7,1,0,48.8823730629582,2.3407546167604307
6268,2024-12-05 09:00:00+00:00,573.0,14.37056,Fluide,3241,3253,"48.88070558707269, 2.310741715620261",9,3,0,48.88070558707269,2.310741715620261
5439,2025-02-12 11:00:00+00:00,3000.0,17.1,Pré-saturé,2444,2441,"48.860193411246016, 2.2635174673122647",11,2,0,48.860193411246016,2.2635174673122647
5494,2025-04-03 22:00:00+00:00,1332.0,9.1,Fluide,2813,2883,"48.8271477323621, 2.3916184694072755",22,3,0,48.8271477323621,2.3916184694072755
5378,2025-07-23 14:00:00+00:00,2989.0,10.15,Fluide,2840,954,"48.900719407389325, 2.362259001276158",14,2,0,48.900719407389325,2.362259001276158
1906,2025-08-05 04:00:00+00:00,70.0,4.82,Inconnu,2055,2043,"48.887049159014964, 2.3258598930157013",4,1,0,48.887049159014964,2.3258598930157013
4246,2025-09-02 12:00:00+00:00,397.0,2.09667,Fluide,2282,2283,"48.88798672441974, 2.294367246265047",12,1,0,48.88798672441974,2.294367246265047
4805,2025-11-04 21:00:00+00:00,161.0,1.56167,Fluide,2541,2560,"48.83770631948015, 2.3512875916189055",21,1,0,48.83770631948015,2.3512875916189055
5945,2025-12-02 03:00:00+00:00,116.0,4.445,Fluide,3088,3087,"48.88329824077656, 2.345679783694677",3,1,0,48.88329824077656,2.345679783694677
271,2026-01-02 12:00:00+00:00,1036.0,9.91778,Fluide,163,135,"48.86467042233587, 2.3084567115959778",12,4,0,48.86467042233587,2.3084567115959778
5243,2025-01-06 08:00:00+00:00,66.0,4.82,Inconnu,2792,2758,"48.87981281116103, 2.282839545768497",8,0,0,48.87981281116103,2.282839545768497
5187,2025-03-11 09:00:00+00:00,3000.0,29.9,Pré-saturé,433,638,"48.823952536675726, 2.3084256716193727",9,1,0,48.823952536675726,2.3084256716193727
4847,2025-06-04 15:00:00+00:00,460.0,4.82,Inconnu,2581,2583,"48.88688498816808, 2.3855429645267",15,2,0,48.88688498816808,2.3855429645267
1966,2025-08-26 12:00:00+00:00,37.0,5.73,Fluide,2153,2154,"48.86796614401682, 2.3444776071516014",12,1,0,48.86796614401682,2.3444776071516014
1948,2025-11-04 22:00:00+00:00,632.0,8.48944,Fluide,2134,3199,"48.87187908243683, 2.3390521558750885",22,1,0,48.87187908243683,2.3390521558750885
5938,2025-12-02 02:00:00+00:00,179.0,4.82,Inconnu,3084,3085,"48.882070024972776, 2.3384673994582967",2,1,0,48.882070024972776,2.3384673994582967
5379,2025-07-23 18:00:00+00:00,3000.0,10.45,Fluide,954,921,"48.90068533054525, 2.3655549032039405",18,2,0,48.90068533054525,2.3655549032039405
1906,2025-08-05 06:00:00+00:00,150.0,4.82,Inconnu,2055,2043,"48.887049159014964, 2.3258598930157013",6,1,0,48.887049159014964,2.3258598930157013
6665,2025-09-02 10:00:00+00:00,346.0,4.82,Inconnu,3454,2285,"48.885325666249464, 2.294547844425286",10,1,0,48.885325666249464,2.294547844425286
4805,2025-11-04 23:00:00+00:00,177.0,1.16778,Fluide,2541,2560,"48.83770631948015, 2.3512875916189055",23,1,0,48.83770631948015,2.3512875916189055
5945,2025-12-02 04:00:00+00:00,112.0,4.95945,Fluide,3088,3087,"48.88329824077656, 2.345679783694677",4,1,0,48.88329824077656,2.345679783694677
271,2026-01-02 10:00:00+00:00,1005.0,7.83445,Fluide,163,135,"48.86467042233587, 2.3084567115959778",10,4,0,48.86467042233587,2.3084567115959778
5187,2025-03-11 08:00:00+00:00,3000.0,31.25,Saturé,433,638,"48.823952536675726, 2.3084256716193727",8,1,0,48.823952536675726,2.3084256716193727
5516,2025-07-23 21:00:00+00:00,125.0,4.82,Inconnu,2704,2253,"48.83366337703698, 2.3780384515772877",21,2,0,48.83366337703698,2.3780384515772877
4169,2025-08-26 12:00:00+00:00,53.0,0.82056,Fluide,2057,2222,"48.882030559988195, 2.327092582127206",12,1,0,48.882030559988195,2.327092582127206
1948,2025-11-04 23:00:00+00:00,685.0,13.26722,Fluide,2134,3199,"48.87187908243683, 2.3390521558750885",23,1,0,48.87187908243683,2.3390521558750885
5938,2025-12-02 03:00:00+00:00,137.0,4.82,Inconnu,3084,3085,"48.882070024972776, 2.3384673994582967",3,1,0,48.882070024972776,2.3384673994582967
5717,2025-05-09 10:00:00+00:00,259.0,4.82,Inconnu,2991,2993,"48.83428090474114, 2.3066064887944853",10,4,0,48.83428090474114,2.3066064887944853
5379,2025-07-23 17:00:00+00:00,3000.0,11.9,Fluide,954,921,"48.90068533054525, 2.3655549032039405",17,2,0,48.90068533054525,2.3655549032039405
1945,2025-10-10 21:00:00+00:00,865.0,4.82,Inconnu,2131,2132,"48.87277983041258, 2.334421685422601",21,4,0,48.87277983041258,2.334421685422601
5945,2025-12-02 06:00:00+00:00,174.0,2.86556,Fluide,3088,3087,"48.88329824077656, 2.345679783694677",6,1,0,48.88329824077656,2.345679783694677
271,2026-01-02 09:00:00+00:00,868.0,5.79111,Fluide,163,135,"48.86467042233587, 2.3084567115959778",9,4,0,48.86467042233587,2.3084567115959778
5187,2025-03-11 07:00:00+00:00,3000.0,29.15,Pré-saturé,433,638,"48.823952536675726, 2.3084256716193727",7,1,0,48.823952536675726,2.3084256716193727
5516,2025-07-23 19:00:00+00:00,163.0,4.82,Inconnu,2704,2253,"48.83366337703698, 2.3780384515772877",19,2,0,48.83366337703698,2.3780384515772877
1080,2025-08-26 12:00:00+00:00,481.0,2.7,Fluide,600,2226,"48.83496729250899, 2.271637939499376",12,1,0,48.83496729250899,2.271637939499376
5938,2025-12-02 04:00:00+00:00,153.0,4.82,Inconnu,3084,3085,"48.882070024972776, 2.3384673994582967",4,1,0,48.882070024972776,2.3384673994582967
6245,2024-12-05 09:00:00+00:00,973.0,4.82,Inconnu,3244,2658,"48.82178857448422, 2.358751462771246",9,3,0,48.82178857448422,2.358751462771246
5205,2025-01-06 08:00:00+00:00,3000.0,35.85,Saturé,632,2745,"48.827291701571625, 2.2935991072645203",8,0,0,48.827291701571625,2.2935991072645203
5717,2025-05-09 09:00:00+00:00,235.0,4.82,Inconnu,2991,2993,"48.83428090474114, 2.3066064887944853",9,4,0,48.83428090474114,2.3066064887944853
5379,2025-07-23 16:00:00+00:00,3000.0,10.9,Fluide,954,921,"48.90068533054525, 2.3655549032039405",16,2,0,48.90068533054525,2.3655549032039405
1945,2025-10-10 20:00:00+00:00,717.0,4.82,Inconnu,2131,2132,"48.87277983041258, 2.334421685422601",20,4,0,48.87277983041258,2.334421685422601
5945,2025-12-02 07:00:00+00:00,267.0,4.84833,Fluide,3088,3087,"48.88329824077656, 2.345679783694677",7,1,0,48.88329824077656,2.345679783694677
271,2026-01-02 08:00:00+00:00,580.0,3.11055,Fluide,163,135,"48.86467042233587, 2.3084567115959778",8,4,0,48.86467042233587,2.3084567115959778
5187,2025-03-11 06:00:00+00:00,3000.0,24.55,Pré-saturé,433,638,"48.823952536675726, 2.3084256716193727",6,1,0,48.823952536675726,2.3084256716193727
5516,2025-07-23 18:00:00+00:00,225.0,4.82,Inconnu,2704,2253,"48.83366337703698, 2.3780384515772877",18,2,0,48.83366337703698,2.3780384515772877
283,2025-08-26 12:00:00+00:00,90.0,17.54056,Pré-saturé,16,2245,"48.86296591063161, 2.3344290585537735",12,1,0,48.86296591063161,2.3344290585537735
549,2025-10-09 13:00:00+00:00,360.0,4.82,Inconnu,315,313,"48.86919171665531, 2.35493620893834",13,3,0,48.86919171665531,2.35493620893834
5938,2025-12-02 05:00:00+00:00,145.0,4.82,Inconnu,3084,3085,"48.882070024972776, 2.3384673994582967",5,1,0,48.882070024972776,2.3384673994582967
6245,2024-12-05 10:00:00+00:00,901.0,4.82,Inconnu,3244,2658,"48.82178857448422, 2.358751462771246",10,3,0,48.82178857448422,2.358751462771246
5379,2025-07-23 15:00:00+00:00,3000.0,10.55,Fluide,954,921,"48.90068533054525, 2.3655549032039405",15,2,0,48.90068533054525,2.3655549032039405
1946,2025-10-10 21:00:00+00:00,865.0,8.815,Fluide,2133,2131,"48.872472924140894, 2.33661228604287",21,4,0,48.872472924140894,2.33661228604287
5942,2025-12-02 00:00:00+00:00,383.0,4.75278,Fluide,3086,3087,"48.88254472131165, 2.343239455417573",0,1,0,48.88254472131165,2.343239455417573
271,2026-01-02 04:00:00+00:00,110.0,0.23222,Fluide,163,135,"48.86467042233587, 2.3084567115959778",4,4,0,48.86467042233587,2.3084567115959778
5187,2025-03-11 04:00:00+00:00,1057.0,4.6,Fluide,433,638,"48.823952536675726, 2.3084256716193727",4,1,0,48.823952536675726,2.3084256716193727
1946,2025-05-09 22:00:00+00:00,759.0,8.24722,Fluide,2133,2131,"48.872472924140894, 2.33661228604287",22,4,0,48.872472924140894,2.33661228604287
5516,2025-07-23 17:00:00+00:00,231.0,4.82,Inconnu,2704,2253,"48.83366337703698, 2.3780384515772877",17,2,0,48.83366337703698,2.3780384515772877
4209,2025-08-26 12:00:00+00:00,857.0,9.06111,Fluide,2257,2250,"48.89053315488946, 2.3031081382797414",12,1,0,48.89053315488946,2.3031081382797414
549,2025-10-09 15:00:00+00:00,426.0,4.82,Inconnu,315,313,"48.86919171665531, 2.35493620893834",15,3,0,48.86919171665531,2.35493620893834
5938,2025-12-02 06:00:00+00:00,202.0,4.82,Inconnu,3084,3085,"48.882070024972776, 2.3384673994582967",6,1,0,48.882070024972776,2.3384673994582967
6250,2024-12-05 09:00:00+00:00,796.0,38.66778,Saturé,3246,287,"48.8429723766762, 2.3698061240034236",9,3,0,48.8429723766762,2.3698061240034236
5719,2025-05-09 12:00:00+00:00,282.0,1.73556,Fluide,2993,2994,"48.833710572584764, 2.308623549406665",12,4,0,48.833710572584764,2.308623549406665
5379,2025-07-23 14:00:00+00:00,3000.0,10.3,Fluide,954,921,"48.90068533054525, 2.3655549032039405",14,2,0,48.90068533054525,2.3655549032039405
1946,2025-10-10 19:00:00+00:00,696.0,7.12222,Fluide,2133,2131,"48.872472924140894, 2.33661228604287",19,4,0,48.872472924140894,2.33661228604287
5942,2025-12-02 01:00:00+00:00,284.0,3.22389,Fluide,3086,3087,"48.88254472131165, 2.343239455417573",1,1,0,48.88254472131165,2.343239455417573
271,2026-01-02 01:00:00+00:00,384.0,1.00556,Fluide,163,135,"48.86467042233587, 2.3084567115959778",1,4,0,48.86467042233587,2.3084567115959778
5409,2025-02-04 08:00:00+00:00,3000.0,30.5,Saturé,2265,2086,"48.89440090434529, 2.3055277983099756",8,1,0,48.89440090434529,2.3055277983099756
5187,2025-03-11 02:00:00+00:00,613.0,2.65,Fluide,433,638,"48.823952536675726, 2.3084256716193727",2,1,0,48.823952536675726,2.3084256716193727
1946,2025-05-09 21:00:00+00:00,706.0,7.55833,Fluide,2133,2131,"48.872472924140894, 2.33661228604287",21,4,0,48.872472924140894,2.33661228604287
5516,2025-07-23 15:00:00+00:00,191.0,4.82,Inconnu,2704,2253,"48.83366337703698, 2.3780384515772877",15,2,0,48.83366337703698,2.3780384515772877
549,2025-10-09 18:00:00+00:00,465.0,4.82,Inconnu,315,313,"48.86919171665531, 2.35493620893834",18,3,0,48.86919171665531,2.35493620893834
5943,2025-12-02 01:00:00+00:00,149.0,4.82,Inconnu,3087,3086,"48.88280487870856, 2.3431170960814",1,1,0,48.88280487870856,2.3431170960814
457,2024-12-05 09:00:00+00:00,1963.0,9.70889,Fluide,3247,271,"48.84493957715726, 2.367595899162393",9,3,0,48.84493957715726,2.367595899162393
4580,2025-02-12 17:00:00+00:00,866.0,29.13445,Pré-saturé,2447,2443,"48.86370627221788, 2.2979091377644623",17,2,0,48.86370627221788,2.2979091377644623
5719,2025-05-09 11:00:00+00:00,278.0,1.80556,Fluide,2993,2994,"48.833710572584764, 2.308623549406665",11,4,0,48.833710572584764,2.308623549406665
5380,2025-07-23 21:00:00+00:00,3000.0,9.9,Fluide,921,919,"48.90055711043053, 2.371341505874365",21,2,0,48.90055711043053,2.371341505874365
4264,2025-09-02 12:00:00+00:00,1071.0,65.30389,Bloqué,2294,2293,"48.87153587897718, 2.3017227924560624",12,1,0,48.87153587897718,2.3017227924560624
1947,2025-10-10 22:00:00+00:00,786.0,4.94333,Fluide,2134,2098,"48.87213491800337, 2.339138421867985",22,4,0,48.87213491800337,2.339138421867985
5942,2025-12-02 02:00:00+00:00,179.0,2.04056,Fluide,3086,3087,"48.88254472131165, 2.343239455417573",2,1,0,48.88254472131165,2.343239455417573
272,2026-01-02 23:00:00+00:00,529.0,4.49889,Fluide,135,163,"48.864730551451466, 2.3080699104570703",23,4,0,48.864730551451466,2.3080699104570703
5409,2025-02-04 07:00:00+00:00,3000.0,19.75,Pré-saturé,2265,2086,"48.89440090434529, 2.3055277983099756",7,1,0,48.89440090434529,2.3055277983099756
1946,2025-05-09 18:00:00+00:00,775.0,7.85222,Fluide,2133,2131,"48.872472924140894, 2.33661228604287",18,4,0,48.872472924140894,2.33661228604287
4868,2025-06-04 22:00:00+00:00,162.0,0.89778,Fluide,2592,2585,"48.83919208602651, 2.390668049683181",22,2,0,48.83919208602651,2.390668049683181
4207,2025-08-26 12:00:00+00:00,1045.0,4.22222,Fluide,2250,2257,"48.890621225039794, 2.303299600200692",12,1,0,48.890621225039794,2.303299600200692
549,2025-10-09 19:00:00+00:00,398.0,4.82,Inconnu,315,313,"48.86919171665531, 2.35493620893834",19,3,0,48.86919171665531,2.35493620893834
5943,2025-12-02 03:00:00+00:00,116.0,4.82,Inconnu,3087,3086,"48.88280487870856, 2.3431170960814",3,1,0,48.88280487870856,2.3431170960814
6269,2024-12-05 09:00:00+00:00,214.0,12.02222,Fluide,3253,3241,"48.88058356488776, 2.3108190633858774",9,3,0,48.88058356488776,2.3108190633858774
4580,2025-02-12 12:00:00+00:00,807.0,26.40278,Pré-saturé,2447,2443,"48.86370627221788, 2.2979091377644623",12,2,0,48.86370627221788,2.2979091377644623
5380,2025-07-23 20:00:00+00:00,3000.0,8.7,Fluide,921,919,"48.90055711043053, 2.371341505874365",20,2,0,48.90055711043053,2.371341505874365
1947,2025-10-10 21:00:00+00:00,865.0,5.20167,Fluide,2134,2098,"48.87213491800337, 2.339138421867985",21,4,0,48.87213491800337,2.339138421867985
4810,2025-11-04 18:00:00+00:00,248.0,7.32722,Fluide,2560,2565,"48.83921118500681, 2.3510397960535245",18,1,0,48.83921118500681,2.3510397960535245
5942,2025-12-02 03:00:00+00:00,137.0,1.69445,Fluide,3086,3087,"48.88254472131165, 2.343239455417573",3,1,0,48.88254472131165,2.343239455417573
272,2026-01-02 22:00:00+00:00,467.0,4.09611,Fluide,135,163,"48.864730551451466, 2.3080699104570703",22,4,0,48.864730551451466,2.3080699104570703
5409,2025-02-04 06:00:00+00:00,3000.0,10.45,Fluide,2265,2086,"48.89440090434529, 2.3055277983099756",6,1,0,48.89440090434529,2.3055277983099756
1946,2025-05-09 17:00:00+00:00,861.0,9.78278,Fluide,2133,2131,"48.872472924140894, 2.33661228604287",17,4,0,48.872472924140894,2.33661228604287
4868,2025-06-04 20:00:00+00:00,203.0,1.06833,Fluide,2592,2585,"48.83919208602651, 2.390668049683181",20,2,0,48.83919208602651,2.390668049683181
4211,2025-08-26 12:00:00+00:00,1045.0,4.22222,Fluide,2257,2260,"48.89149690357161, 2.3021694381003854",12,1,0,48.89149690357161,2.3021694381003854
549,2025-10-09 20:00:00+00:00,377.0,4.82,Inconnu,315,313,"48.86919171665531, 2.35493620893834",20,3,0,48.86919171665531,2.35493620893834
5943,2025-12-02 04:00:00+00:00,112.0,4.82,Inconnu,3087,3086,"48.88280487870856, 2.3431170960814",4,1,0,48.88280487870856,2.3431170960814
6266,2024-12-05 09:00:00+00:00,495.0,34.50389,Saturé,3253,3298,"48.88005370244791, 2.307031172848463",9,3,0,48.88005370244791,2.307031172848463
4580,2025-02-12 11:00:00+00:00,781.0,22.93167,Pré-saturé,2447,2443,"48.86370627221788, 2.2979091377644623",11,2,0,48.86370627221788,2.2979091377644623
5215,2025-06-04 23:00:00+00:00,1595.0,3.65,Fluide,598,2727,"48.835044628329186, 2.2637905230294613",23,2,0,48.835044628329186,2.2637905230294613
5380,2025-07-23 18:00:00+00:00,3000.0,10.95,Fluide,921,919,"48.90055711043053, 2.371341505874365",18,2,0,48.90055711043053,2.371341505874365
1885,2025-08-05 01:00:00+00:00,51.0,0.485,Fluide,2040,2043,"48.88801470130635, 2.32452505692961",1,1,0,48.88801470130635,2.32452505692961
1947,2025-10-10 20:00:00+00:00,717.0,4.73833,Fluide,2134,2098,"48.87213491800337, 2.339138421867985",20,4,0,48.87213491800337,2.339138421867985
4810,2025-11-04 22:00:00+00:00,100.0,2.46111,Fluide,2560,2565,"48.83921118500681, 2.3510397960535245",22,1,0,48.83921118500681,2.3510397960535245
5942,2025-12-02 04:00:00+00:00,153.0,1.73778,Fluide,3086,3087,"48.88254472131165, 2.343239455417573",4,1,0,48.88254472131165,2.343239455417573
272,2026-01-02 21:00:00+00:00,542.0,4.65722,Fluide,135,163,"48.864730551451466, 2.3080699104570703",21,4,0,48.864730551451466,2.3080699104570703
5409,2025-02-04 05:00:00+00:00,1518.0,4.25,Fluide,2265,2086,"48.89440090434529, 2.3055277983099756",5,1,0,48.89440090434529,2.3055277983099756
1946,2025-05-09 16:00:00+00:00,792.0,9.28111,Fluide,2133,2131,"48.872472924140894, 2.33661228604287",16,4,0,48.872472924140894,2.33661228604287
4868,2025-06-04 15:00:00+00:00,403.0,1.99889,Fluide,2592,2585,"48.83919208602651, 2.390668049683181",15,2,0,48.83919208602651,2.390668049683181
4226,2025-08-26 12:00:00+00:00,342.0,3.64222,Fluide,2269,2261,"48.87492165108901, 2.3054470290446014",12,1,0,48.87492165108901,2.3054470290446014
327,2025-09-02 12:00:00+00:00,1229.0,44.01445,Saturé,186,190,"48.862326853937006, 2.319380958773737",12,1,0,48.862326853937006,2.319380958773737
549,2025-10-09 21:00:00+00:00,353.0,4.82,Inconnu,315,313,"48.86919171665531, 2.35493620893834",21,3,0,48.86919171665531,2.35493620893834
5943,2025-12-02 05:00:00+00:00,112.0,4.82,Inconnu,3087,3086,"48.88280487870856, 2.3431170960814",5,1,0,48.88280487870856,2.3431170960814
6266,2024-12-05 10:00:00+00:00,478.0,22.92889,Pré-saturé,3253,3298,"48.88005370244791, 2.307031172848463",10,3,0,48.88005370244791,2.307031172848463
4578,2025-02-12 14:00:00+00:00,656.0,4.82,Inconnu,2425,2443,"48.86282035182769, 2.2949561079129075",14,2,0,48.86282035182769,2.2949561079129075
4877,2025-03-10 22:00:00+00:00,84.0,4.08278,Fluide,2595,2587,"48.8379583506493, 2.3921405006365104",22,0,0,48.8379583506493,2.3921405006365104
5722,2025-05-09 11:00:00+00:00,278.0,1.80556,Fluide,2994,2996,"48.833131514111855, 2.3103322534669646",11,4,0,48.833131514111855,2.3103322534669646
5215,2025-06-05 00:00:00+00:00,844.0,2.05,Fluide,598,2727,"48.835044628329186, 2.2637905230294613",0,3,0,48.835044628329186,2.2637905230294613
5380,2025-07-23 16:00:00+00:00,3000.0,11.35,Fluide,921,919,"48.90055711043053, 2.371341505874365",16,2,0,48.90055711043053,2.371341505874365
1885,2025-08-05 02:00:00+00:00,39.0,0.42278,Fluide,2040,2043,"48.88801470130635, 2.32452505692961",2,1,0,48.88801470130635,2.32452505692961
1947,2025-10-10 19:00:00+00:00,696.0,4.23778,Fluide,2134,2098,"48.87213491800337, 2.339138421867985",19,4,0,48.87213491800337,2.339138421867985
4810,2025-11-04 23:00:00+00:00,128.0,2.145,Fluide,2560,2565,"48.83921118500681, 2.3510397960535245",23,1,0,48.83921118500681,2.3510397960535245
5942,2025-12-02 08:00:00+00:00,403.0,6.08389,Fluide,3086,3087,"48.88254472131165, 2.343239455417573",8,1,0,48.88254472131165,2.343239455417573
272,2026-01-02 20:00:00+00:00,680.0,5.68889,Fluide,135,163,"48.864730551451466, 2.3080699104570703",20,4,0,48.864730551451466,2.3080699104570703
5409,2025-02-04 03:00:00+00:00,624.0,1.75,Fluide,2265,2086,"48.89440090434529, 2.3055277983099756",3,1,0,48.89440090434529,2.3055277983099756
1946,2025-05-09 14:00:00+00:00,784.0,10.74944,Fluide,2133,2131,"48.872472924140894, 2.33661228604287",14,4,0,48.872472924140894,2.33661228604287
4382,2025-08-26 12:00:00+00:00,342.0,9.00556,Fluide,2261,2264,"48.87468482154655, 2.303280892510164",12,1,0,48.87468482154655,2.303280892510164
330,2025-09-02 10:00:00+00:00,1251.0,59.39834,Bloqué,190,191,"48.86161539750012, 2.320127765441593",10,1,0,48.86161539750012,2.320127765441593
526,2025-10-09 15:00:00+00:00,1092.0,24.83333,Pré-saturé,311,313,"48.86906051187058, 2.354106221909616",15,3,0,48.86906051187058,2.354106221909616
5943,2025-12-02 06:00:00+00:00,174.0,4.82,Inconnu,3087,3086,"48.88280487870856, 2.3431170960814",6,1,0,48.88280487870856,2.3431170960814
6278,2024-12-05 09:00:00+00:00,490.0,40.10111,Saturé,3256,3257,"48.85565678874829, 2.3838296606036136",9,3,0,48.85565678874829,2.3838296606036136
4578,2025-02-12 11:00:00+00:00,696.0,4.82,Inconnu,2425,2443,"48.86282035182769, 2.2949561079129075",11,2,0,48.86282035182769,2.2949561079129075
4877,2025-03-10 20:00:00+00:00,125.0,4.32611,Fluide,2595,2587,"48.8379583506493, 2.3921405006365104",20,0,0,48.8379583506493,2.3921405006365104
5722,2025-05-09 10:00:00+00:00,259.0,2.01334,Fluide,2994,2996,"48.833131514111855, 2.3103322534669646",10,4,0,48.833131514111855,2.3103322534669646
5215,2025-06-05 07:00:00+00:00,3000.0,17.1,Pré-saturé,598,2727,"48.835044628329186, 2.2637905230294613",7,3,0,48.835044628329186,2.2637905230294613
5380,2025-07-23 15:00:00+00:00,3000.0,11.1,Fluide,921,919,"48.90055711043053, 2.371341505874365",15,2,0,48.90055711043053,2.371341505874365
1885,2025-08-05 04:00:00+00:00,38.0,0.59611,Fluide,2040,2043,"48.88801470130635, 2.32452505692961",4,1,0,48.88801470130635,2.32452505692961
1948,2025-10-10 20:00:00+00:00,679.0,11.32222,Fluide,2134,3199,"48.87187908243683, 2.3390521558750885",20,4,0,48.87187908243683,2.3390521558750885
1595,2025-12-02 01:00:00+00:00,149.0,2.06222,Fluide,834,3088,"48.88370071919823, 2.3481759827250186",1,1,0,48.88370071919823,2.3481759827250186
272,2026-01-02 17:00:00+00:00,636.0,5.18222,Fluide,135,163,"48.864730551451466, 2.3080699104570703",17,4,0,48.864730551451466,2.3080699104570703
5406,2025-02-04 06:00:00+00:00,3000.0,18.9,Pré-saturé,2849,2087,"48.898756625392686, 2.316029171278111",6,1,0,48.898756625392686,2.316029171278111
1212,2025-03-11 08:00:00+00:00,657.0,17.7,Pré-saturé,3373,639,"48.82495335959333, 2.3029453405954654",8,1,0,48.82495335959333,2.3029453405954654
330,2025-09-02 12:00:00+00:00,1229.0,44.01445,Saturé,190,191,"48.86161539750012, 2.320127765441593",12,1,0,48.86161539750012,2.320127765441593
526,2025-10-09 16:00:00+00:00,1161.0,30.58889,Saturé,311,313,"48.86906051187058, 2.354106221909616",16,3,0,48.86906051187058,2.354106221909616
5940,2025-12-02 00:00:00+00:00,383.0,4.82,Inconnu,3085,3086,"48.88208330519228, 2.3408016751879073",0,1,0,48.88208330519228,2.3408016751879073
6280,2024-12-05 10:00:00+00:00,579.0,4.82,Inconnu,3257,3258,"48.857151265226236, 2.38132680853721",10,3,0,48.857151265226236,2.38132680853721
5218,2025-01-06 08:00:00+00:00,196.0,8.42056,Fluide,2751,2748,"48.884982567192324, 2.2907350734817777",8,0,0,48.884982567192324,2.2907350734817777
4877,2025-03-10 19:00:00+00:00,160.0,5.69167,Fluide,2595,2587,"48.8379583506493, 2.3921405006365104",19,0,0,48.8379583506493,2.3921405006365104
5727,2025-05-09 09:00:00+00:00,262.0,6.21667,Fluide,2998,2997,"48.83203044085646, 2.3135073952672514",9,4,0,48.83203044085646,2.3135073952672514
5381,2025-07-23 21:00:00+00:00,3000.0,10.6,Fluide,919,938,"48.9001968502817, 2.3784650605464797",21,2,0,48.9001968502817,2.3784650605464797
1885,2025-08-05 05:00:00+00:00,41.0,0.77556,Fluide,2040,2043,"48.88801470130635, 2.32452505692961",5,1,0,48.88801470130635,2.32452505692961
1949,2025-10-10 21:00:00+00:00,7.0,0.00333,Fluide,3199,2134,"48.871755630518535, 2.339070920442879",21,4,0,48.871755630518535,2.339070920442879
1595,2025-12-02 03:00:00+00:00,116.0,1.3,Fluide,834,3088,"48.88370071919823, 2.3481759827250186",3,1,0,48.88370071919823,2.3481759827250186
272,2026-01-02 16:00:00+00:00,692.0,5.25834,Fluide,135,163,"48.864730551451466, 2.3080699104570703",16,4,0,48.864730551451466,2.3080699104570703
5266,2025-01-06 08:00:00+00:00,3000.0,28.7,Pré-saturé,457,478,"48.8173701069734, 2.3505509197385477",8,0,0,48.8173701069734,2.3505509197385477
5406,2025-02-04 04:00:00+00:00,839.0,2.6,Fluide,2849,2087,"48.898756625392686, 2.316029171278111",4,1,0,48.898756625392686,2.316029171278111
1212,2025-03-11 05:00:00+00:00,128.0,1.65,Fluide,3373,639,"48.82495335959333, 2.3029453405954654",5,1,0,48.82495335959333,2.3029453405954654
5518,2025-07-23 22:00:00+00:00,78.0,33.61167,Saturé,2695,2546,"48.835087844992984, 2.3456109555623965",22,2,0,48.835087844992984,2.3456109555623965
5415,2025-08-26 12:00:00+00:00,3000.0,14.8,Fluide,2270,2265,"48.89180166620453, 2.301209921059871",12,1,0,48.89180166620453,2.301209921059871
331,2025-09-02 10:00:00+00:00,1251.0,59.39834,Bloqué,191,192,"48.8606381659059, 2.321058914789797",10,1,0,48.8606381659059,2.321058914789797
526,2025-10-09 18:00:00+00:00,1190.0,15.59556,Pré-saturé,311,313,"48.86906051187058, 2.354106221909616",18,3,0,48.86906051187058,2.354106221909616
5940,2025-12-02 01:00:00+00:00,284.0,4.82,Inconnu,3085,3086,"48.88208330519228, 2.3408016751879073",1,1,0,48.88208330519228,2.3408016751879073
5219,2025-01-06 08:00:00+00:00,42.0,1.20167,Fluide,2748,2751,"48.88506126284995, 2.290433807439971",8,0,0,48.88506126284995,2.290433807439971
4877,2025-03-10 16:00:00+00:00,244.0,7.285,Fluide,2595,2587,"48.8379583506493, 2.3921405006365104",16,0,0,48.8379583506493,2.3921405006365104
5724,2025-05-09 09:00:00+00:00,235.0,1.75889,Fluide,2996,2997,"48.832460136958616, 2.312143479843284",9,4,0,48.832460136958616,2.312143479843284
5381,2025-07-23 20:00:00+00:00,3000.0,9.2,Fluide,919,938,"48.9001968502817, 2.3784650605464797",20,2,0,48.9001968502817,2.3784650605464797
1949,2025-10-10 19:00:00+00:00,10.0,0.89111,Fluide,3199,2134,"48.871755630518535, 2.339070920442879",19,4,0,48.871755630518535,2.339070920442879
1595,2025-12-02 06:00:00+00:00,174.0,3.14056,Fluide,834,3088,"48.88370071919823, 2.3481759827250186",6,1,0,48.88370071919823,2.3481759827250186
272,2026-01-02 15:00:00+00:00,606.0,4.42778,Fluide,135,163,"48.864730551451466, 2.3080699104570703",15,4,0,48.864730551451466,2.3080699104570703
1212,2025-03-11 03:00:00+00:00,54.0,0.65,Fluide,3373,639,"48.82495335959333, 2.3029453405954654",3,1,0,48.82495335959333,2.3029453405954654
5518,2025-07-23 20:00:00+00:00,64.0,36.555,Saturé,2695,2546,"48.835087844992984, 2.3456109555623965",20,2,0,48.835087844992984,2.3456109555623965
4408,2025-08-26 12:00:00+00:00,307.0,20.58778,Pré-saturé,2362,2266,"48.87401217951334, 2.2981085271728983",12,1,0,48.87401217951334,2.2981085271728983
332,2025-09-02 11:00:00+00:00,1336.0,10.11,Fluide,192,193,"48.85959288027426, 2.322055002385449",11,1,0,48.85959288027426,2.322055002385449
526,2025-10-09 19:00:00+00:00,1158.0,29.69222,Pré-saturé,311,313,"48.86906051187058, 2.354106221909616",19,3,0,48.86906051187058,2.354106221909616
5940,2025-12-02 06:00:00+00:00,202.0,4.82,Inconnu,3085,3086,"48.88208330519228, 2.3408016751879073",6,1,0,48.88208330519228,2.3408016751879073
5729,2025-05-09 12:00:00+00:00,196.0,5.56945,Fluide,2999,2998,"48.831471356472704, 2.3156387114643646",12,4,0,48.831471356472704,2.3156387114643646
5381,2025-07-23 19:00:00+00:00,3000.0,11.2,Fluide,919,938,"48.9001968502817, 2.3784650605464797",19,2,0,48.9001968502817,2.3784650605464797
1952,2025-10-10 22:00:00+00:00,22.0,7.49778,Fluide,2138,2137,"48.87120904534737, 2.335804688373502",22,4,0,48.87120904534737,2.335804688373502
4812,2025-11-04 19:00:00+00:00,176.0,5.23833,Fluide,2565,2566,"48.840334064392664, 2.3516708096927097",19,1,0,48.840334064392664,2.3516708096927097
1595,2025-12-02 08:00:00+00:00,294.0,4.57944,Fluide,834,3088,"48.88370071919823, 2.3481759827250186",8,1,0,48.88370071919823,2.3481759827250186
272,2026-01-02 14:00:00+00:00,539.0,3.58667,Fluide,135,163,"48.864730551451466, 2.3080699104570703",14,4,0,48.864730551451466,2.3080699104570703
4587,2024-12-03 01:00:00+00:00,32.0,4.82,Inconnu,2382,2450,"48.855637794476195, 2.287777395461378",1,1,0,48.855637794476195,2.287777395461378
1212,2025-03-11 02:00:00+00:00,47.0,0.6,Fluide,3373,639,"48.82495335959333, 2.3029453405954654",2,1,0,48.82495335959333,2.3029453405954654
1945,2025-05-09 21:00:00+00:00,706.0,4.82,Inconnu,2131,2132,"48.87277983041258, 2.334421685422601",21,4,0,48.87277983041258,2.334421685422601
5518,2025-07-23 19:00:00+00:00,75.0,38.11333,Saturé,2695,2546,"48.835087844992984, 2.3456109555623965",19,2,0,48.835087844992984,2.3456109555623965
333,2025-09-02 10:00:00+00:00,1251.0,9.34389,Fluide,193,194,"48.85875995678741, 2.322848651970562",10,1,0,48.85875995678741,2.322848651970562
526,2025-10-09 21:00:00+00:00,1115.0,9.97167,Fluide,311,313,"48.86906051187058, 2.354106221909616",21,3,0,48.86906051187058,2.354106221909616
5940,2025-12-02 07:00:00+00:00,298.0,4.82,Inconnu,3085,3086,"48.88208330519228, 2.3408016751879073",7,1,0,48.88208330519228,2.3408016751879073
5225,2025-01-06 08:00:00+00:00,90.0,2.04722,Fluide,2754,2753,"48.882564804270395, 2.2868006552623164",8,0,0,48.882564804270395,2.2868006552623164
5729,2025-05-09 11:00:00+00:00,211.0,5.68,Fluide,2999,2998,"48.831471356472704, 2.3156387114643646",11,4,0,48.831471356472704,2.3156387114643646
5381,2025-07-23 16:00:00+00:00,3000.0,12.8,Fluide,919,938,"48.9001968502817, 2.3784650605464797",16,2,0,48.9001968502817,2.3784650605464797
1953,2025-10-10 22:00:00+00:00,22.0,7.36333,Fluide,2139,2138,"48.870813165952406, 2.3335319635177516",22,4,0,48.870813165952406,2.3335319635177516
4812,2025-11-04 23:00:00+00:00,128.0,2.145,Fluide,2565,2566,"48.840334064392664, 2.3516708096927097",23,1,0,48.840334064392664,2.3516708096927097
5944,2025-12-02 03:00:00+00:00,137.0,1.61,Fluide,3087,3088,"48.88303070832735, 2.3457042871915945",3,1,0,48.88303070832735,2.3457042871915945
272,2026-01-02 13:00:00+00:00,519.0,3.78778,Fluide,135,163,"48.864730551451466, 2.3080699104570703",13,4,0,48.864730551451466,2.3080699104570703
4587,2024-12-03 04:00:00+00:00,41.6,4.82,Inconnu,2382,2450,"48.855637794476195, 2.287777395461378",4,1,0,48.855637794476195,2.287777395461378
1212,2025-03-11 01:00:00+00:00,99.0,1.25,Fluide,3373,639,"48.82495335959333, 2.3029453405954654",1,1,0,48.82495335959333,2.3029453405954654
1945,2025-05-09 20:00:00+00:00,737.0,4.82,Inconnu,2131,2132,"48.87277983041258, 2.334421685422601",20,4,0,48.87277983041258,2.334421685422601
5518,2025-07-23 18:00:00+00:00,135.0,36.21222,Saturé,2695,2546,"48.835087844992984, 2.3456109555623965",18,2,0,48.835087844992984,2.3456109555623965
6018,2025-08-26 12:00:00+00:00,539.0,3.06222,Fluide,3117,2271,"48.8751918376681, 2.3116957216128267",12,1,0,48.8751918376681,2.3116957216128267
333,2025-09-02 11:00:00+00:00,1336.0,10.11,Fluide,193,194,"48.85875995678741, 2.322848651970562",11,1,0,48.85875995678741,2.322848651970562
526,2025-10-09 22:00:00+00:00,1162.0,9.75778,Fluide,311,313,"48.86906051187058, 2.354106221909616",22,3,0,48.86906051187058,2.354106221909616
5940,2025-12-02 08:00:00+00:00,403.0,4.82,Inconnu,3085,3086,"48.88208330519228, 2.3408016751879073",8,1,0,48.88208330519228,2.3408016751879073
6333,2024-12-05 10:00:00+00:00,337.0,4.82,Inconnu,3258,3283,"48.858468549802446, 2.3800475483306505",10,3,0,48.858468549802446,2.3800475483306505
5226,2025-01-06 08:00:00+00:00,253.0,1.32611,Fluide,2754,2758,"48.88159870488536, 2.285009545826667",8,0,0,48.88159870488536,2.285009545826667
5440,2025-02-12 14:00:00+00:00,3000.0,18.9,Pré-saturé,2856,2444,"48.858476777503036, 2.261189625604256",14,2,0,48.858476777503036,2.261189625604256
5729,2025-05-09 10:00:00+00:00,203.0,4.94667,Fluide,2999,2998,"48.831471356472704, 2.3156387114643646",10,4,0,48.831471356472704,2.3156387114643646
5381,2025-07-23 14:00:00+00:00,3000.0,12.2,Fluide,919,938,"48.9001968502817, 2.3784650605464797",14,2,0,48.9001968502817,2.3784650605464797
1953,2025-10-10 21:00:00+00:00,7.0,8.03889,Fluide,2139,2138,"48.870813165952406, 2.3335319635177516",21,4,0,48.870813165952406,2.3335319635177516
5944,2025-12-02 04:00:00+00:00,153.0,1.92834,Fluide,3087,3088,"48.88303070832735, 2.3457042871915945",4,1,0,48.88303070832735,2.3457042871915945
272,2026-01-02 11:00:00+00:00,449.0,4.11222,Fluide,135,163,"48.864730551451466, 2.3080699104570703",11,4,0,48.864730551451466,2.3080699104570703
4587,2024-12-03 08:00:00+00:00,220.0,4.82,Inconnu,2382,2450,"48.855637794476195, 2.287777395461378",8,1,0,48.855637794476195,2.287777395461378
1212,2025-03-11 00:00:00+00:00,155.0,1.95,Fluide,3373,639,"48.82495335959333, 2.3029453405954654",0,1,0,48.82495335959333,2.3029453405954654
1945,2025-05-09 19:00:00+00:00,746.0,4.82,Inconnu,2131,2132,"48.87277983041258, 2.334421685422601",19,4,0,48.87277983041258,2.334421685422601
4877,2025-06-04 19:00:00+00:00,179.0,8.22611,Fluide,2595,2587,"48.8379583506493, 2.3921405006365104",19,2,0,48.8379583506493,2.3921405006365104
5518,2025-07-23 17:00:00+00:00,116.0,33.25,Saturé,2695,2546,"48.835087844992984, 2.3456109555623965",17,2,0,48.835087844992984,2.3456109555623965
4240,2025-08-26 12:00:00+00:00,186.0,1.53389,Fluide,3186,2276,"48.88672483794195, 2.296715716199949",12,1,0,48.88672483794195,2.296715716199949
333,2025-09-02 12:00:00+00:00,1229.0,10.08445,Fluide,193,194,"48.85875995678741, 2.322848651970562",12,1,0,48.85875995678741,2.322848651970562
527,2025-10-09 13:00:00+00:00,844.0,10.19389,Fluide,313,314,"48.869953133970924, 2.3545872604000726",13,3,0,48.869953133970924,2.3545872604000726
6119,2025-11-04 12:00:00+00:00,416.0,21.40389,Pré-saturé,3171,2656,"48.8279255459174, 2.3568492176011517",12,1,0,48.8279255459174,2.3568492176011517
5945,2025-12-02 00:00:00+00:00,210.0,2.92222,Fluide,3088,3087,"48.88329824077656, 2.345679783694677",0,1,0,48.88329824077656,2.345679783694677
6319,2024-12-05 09:00:00+00:00,344.0,4.82,Inconnu,3258,3259,"48.85831767619408, 2.379385999286701",9,3,0,48.85831767619408,2.379385999286701
5440,2025-02-12 13:00:00+00:00,3000.0,18.2,Pré-saturé,2856,2444,"48.858476777503036, 2.261189625604256",13,2,0,48.858476777503036,2.261189625604256
5729,2025-05-09 09:00:00+00:00,220.0,5.88222,Fluide,2999,2998,"48.831471356472704, 2.3156387114643646",9,4,0,48.831471356472704,2.3156387114643646
